#! /usr/local/bin/vvp
:ivl_version "13.0 (stable)" "(v13_0-dirty)";
:ivl_delay_selection "TYPICAL";
:vpi_time_precision + 0;
:vpi_module "/usr/local/lib/ivl/system.vpi";
:vpi_module "/usr/local/lib/ivl/vhdl_sys.vpi";
:vpi_module "/usr/local/lib/ivl/vhdl_textio.vpi";
:vpi_module "/usr/local/lib/ivl/v2005_math.vpi";
:vpi_module "/usr/local/lib/ivl/va_math.vpi";
:vpi_module "/usr/local/lib/ivl/v2009.vpi";
S_0x5d527c60b680 .scope package, "$unit" "$unit" 2 1;
 .timescale 0 0;
S_0x5d527c63cff0 .scope module, "tb" "tb" 3 1;
 .timescale 0 0;
L_0x767bb46ce018 .functor BUFT 1, C4<00000000000000000000000000000000>, C4<0>, C4<0>, C4<0>;
L_0x767bb46ce330 .functor BUFT 1, C4<00000000000000000000000000000000>, C4<0>, C4<0>, C4<0>;
RS_0x767bb4aac398 .resolv tri, L_0x767bb46ce018, L_0x767bb46ce330;
v0x5d527c68d670 .array "R", 31 0;
v0x5d527c68d670_0 .net8 v0x5d527c68d670 0, 31 0, RS_0x767bb4aac398; 2 drivers
v0x5d527c68d670_1 .net v0x5d527c68d670 1, 31 0, L_0x5d527c6a2810; 1 drivers
v0x5d527c68d670_2 .net v0x5d527c68d670 2, 31 0, L_0x5d527c6a2b40; 1 drivers
v0x5d527c68d670_3 .net v0x5d527c68d670 3, 31 0, L_0x5d527c6a2e00; 1 drivers
v0x5d527c68d670_4 .net v0x5d527c68d670 4, 31 0, L_0x5d527c6a3110; 1 drivers
v0x5d527c68d670_5 .net v0x5d527c68d670 5, 31 0, L_0x5d527c6a3460; 1 drivers
v0x5d527c68d670_6 .net v0x5d527c68d670 6, 31 0, L_0x5d527c6a39c0; 1 drivers
v0x5d527c68d670_7 .net v0x5d527c68d670 7, 31 0, L_0x5d527c6a3d30; 1 drivers
v0x5d527c68d670_8 .net v0x5d527c68d670 8, 31 0, L_0x5d527c6a4110; 1 drivers
v0x5d527c68d670_9 .net v0x5d527c68d670 9, 31 0, L_0x5d527c6a4450; 1 drivers
v0x5d527c68d670_10 .net v0x5d527c68d670 10, 31 0, L_0x5d527c6a4860; 1 drivers
v0x5d527c68d670_11 .net v0x5d527c68d670 11, 31 0, L_0x5d527c6a4c10; 1 drivers
v0x5d527c68d670_12 .net v0x5d527c68d670 12, 31 0, L_0x5d527c6a4fd0; 1 drivers
v0x5d527c68d670_13 .net v0x5d527c68d670 13, 31 0, L_0x5d527c6a5570; 1 drivers
v0x5d527c68d670_14 .net v0x5d527c68d670 14, 31 0, L_0x5d527c6a5e30; 1 drivers
v0x5d527c68d670_15 .net v0x5d527c68d670 15, 31 0, L_0x5d527c6a6250; 1 drivers
v0x5d527c68d670_16 .net v0x5d527c68d670 16, 31 0, L_0x5d527c6a6720; 1 drivers
v0x5d527c68d670_17 .net v0x5d527c68d670 17, 31 0, L_0x5d527c6a6b60; 1 drivers
v0x5d527c68d670_18 .net v0x5d527c68d670 18, 31 0, L_0x5d527c6a6680; 1 drivers
v0x5d527c68d670_19 .net v0x5d527c68d670 19, 31 0, L_0x5d527c6a7420; 1 drivers
v0x5d527c68d670_20 .net v0x5d527c68d670 20, 31 0, L_0x5d527c6a7950; 1 drivers
v0x5d527c68d670_21 .net v0x5d527c68d670 21, 31 0, L_0x5d527c6a7fe0; 1 drivers
v0x5d527c68d670_22 .net v0x5d527c68d670 22, 31 0, L_0x5d527c6a8540; 1 drivers
v0x5d527c68d670_23 .net v0x5d527c68d670 23, 31 0, L_0x5d527c6a89e0; 1 drivers
v0x5d527c68d670_24 .net v0x5d527c68d670 24, 31 0, L_0x5d527c6a8f70; 1 drivers
v0x5d527c68d670_25 .net v0x5d527c68d670 25, 31 0, L_0x5d527c6a9430; 1 drivers
v0x5d527c68d670_26 .net v0x5d527c68d670 26, 31 0, L_0x5d527c6a99f0; 1 drivers
v0x5d527c68d670_27 .net v0x5d527c68d670 27, 31 0, L_0x5d527c6a9ed0; 1 drivers
v0x5d527c68d670_28 .net v0x5d527c68d670 28, 31 0, L_0x5d527c6aa4c0; 1 drivers
v0x5d527c68d670_29 .net v0x5d527c68d670 29, 31 0, L_0x5d527c6aa9c0; 1 drivers
v0x5d527c68d670_30 .net v0x5d527c68d670 30, 31 0, L_0x5d527c6ab780; 1 drivers
v0x5d527c68d670_31 .net v0x5d527c68d670 31, 31 0, L_0x5d527c6abca0; 1 drivers
v0x5d527c68e150_0 .var "chk_d_require_addr", 0 0;
v0x5d527c68e210_0 .var "chk_d_require_imm", 0 0;
v0x5d527c68e2b0_0 .var "chk_d_require_rs", 0 0;
v0x5d527c68e370_0 .var "chk_d_require_rt", 0 0;
v0x5d527c68e480_0 .var "clk", 0 0;
v0x5d527c68e520_0 .net "d_address", 25 0, L_0x5d527c6c0c70;  1 drivers
v0x5d527c68e5e0_0 .net "d_addressvalid", 0 0, L_0x5d527c6c0d30;  1 drivers
v0x5d527c68e680_0 .net "d_imm", 15 0, L_0x5d527c6c08e0;  1 drivers
v0x5d527c68e720_0 .net "d_immvalid", 0 0, L_0x5d527c6c09a0;  1 drivers
v0x5d527c68e7c0_0 .net "d_instr", 31 0, L_0x5d527c6bfdf0;  1 drivers
v0x5d527c68e860_0 .net "d_pc", 31 0, L_0x5d527c6bfac0;  1 drivers
v0x5d527c68e900_0 .net "d_rs", 31 0, L_0x5d527c6c01a0;  1 drivers
v0x5d527c68e9a0_0 .net "d_rsvalid", 0 0, L_0x5d527c6c0260;  1 drivers
v0x5d527c68ea40_0 .net "d_rt", 31 0, L_0x5d527c6c0510;  1 drivers
v0x5d527c68eae0_0 .net "d_rtvalid", 0 0, L_0x5d527c6c05d0;  1 drivers
v0x5d527c68eb80_0 .net "d_valid", 0 0, L_0x5d527c6bfeb0;  1 drivers
v0x5d527c68ed30_0 .var "data_addr", 31 0;
v0x5d527c68edd0 .array "data_mem", 511 0, 31 0;
v0x5d527c68ee70_0 .net "e_instr", 31 0, L_0x5d527c6c1120;  1 drivers
v0x5d527c68ef10_0 .net "e_pc", 31 0, L_0x5d527c6c1060;  1 drivers
v0x5d527c68efb0_0 .net "e_res", 31 0, L_0x5d527c6c1520;  1 drivers
v0x5d527c68f050_0 .net "e_resvalid", 0 0, L_0x5d527c6c1870;  1 drivers
v0x5d527c68f0f0_0 .net "e_valid", 0 0, L_0x5d527c6c1460;  1 drivers
v0x5d527c68f190_0 .var/i "fail_flag", 31 0;
v0x5d527c68f230_0 .var/i "i", 31 0;
v0x5d527c68f2d0_0 .var "inst_imm", 15 0;
v0x5d527c68f390_0 .var "inst_imm_sext", 31 0;
v0x5d527c68f470_0 .var "inst_rd", 4 0;
v0x5d527c68f550_0 .var "inst_reg", 31 0;
v0x5d527c68f630_0 .var "inst_rs", 4 0;
v0x5d527c68f710_0 .var "inst_rt", 4 0;
v0x5d527c68f7f0 .array "instructions", 511 0, 31 0;
v0x5d527c68f8b0_0 .var "ipc", 8 0;
v0x5d527c68f990 .array "ireg", 31 0, 31 0;
v0x5d527c68fa50_0 .var/i "j", 31 0;
v0x5d527c68fb30_0 .var/i "last_instr", 31 0;
v0x5d527c68fc10_0 .net "m_data_addr", 31 0, L_0x5d527c6bf170;  1 drivers
v0x5d527c68fcd0_0 .var "m_data_in", 31 0;
v0x5d527c68fd70_0 .net "m_data_out", 31 0, L_0x5d527c6bfa00;  1 drivers
v0x5d527c68fe10_0 .net "m_data_write", 0 0, L_0x5d527c6bf6e0;  1 drivers
v0x5d527c68feb0_0 .net "m_instr_addr", 31 0, L_0x5d527c6a09f0;  1 drivers
v0x5d527c68ff50_0 .var "m_instr_in", 31 0;
v0x5d527c68fff0 .array "output_store", 9 0, 31 0;
v0x5d527c690090_0 .var/i "passed_d_stage_cnt", 31 0;
v0x5d527c690150_0 .var "passing_d_stage", 0 0;
v0x5d527c690210_0 .var "rst", 0 0;
v0x5d527c6902b0_0 .var "val_rs", 31 0;
v0x5d527c690390_0 .var "val_rt", 31 0;
v0x5d527c690470_0 .net "w_pc", 31 0, L_0x5d527c6c1930;  1 drivers
v0x5d527c690530_0 .net "w_valid", 0 0, L_0x5d527c6c1c90;  1 drivers
E_0x5d527c4eec80 .event anyedge, v0x5d527c67c080_0;
E_0x5d527c4b4c80 .event anyedge, v0x5d527c67d380_0;
S_0x5d527c63eee0 .scope function.vec4.s32, "ITYPE" "ITYPE" 3 33, 3 33 0, S_0x5d527c63cff0;
 .timescale 0 0;
; Variable ITYPE is vec4 return value of scope S_0x5d527c63eee0
v0x5d527c63f760_0 .var "imm", 15 0;
v0x5d527c640de0_0 .var "opcode", 5 0;
v0x5d527c640eb0_0 .var "rs", 4 0;
v0x5d527c641a30_0 .var "rt", 4 0;
TD_tb.ITYPE ;
    %load/vec4 v0x5d527c640de0_0;
    %load/vec4 v0x5d527c640eb0_0;
    %concat/vec4; draw_concat_vec4
    %load/vec4 v0x5d527c641a30_0;
    %concat/vec4; draw_concat_vec4
    %load/vec4 v0x5d527c63f760_0;
    %concat/vec4; draw_concat_vec4
    %ret/vec4 0, 0, 32;  Assign to ITYPE (store_vec4_to_lval)
    %end;
S_0x5d527c66a720 .scope function.vec4.s32, "JTYPE" "JTYPE" 3 42, 3 42 0, S_0x5d527c63cff0;
 .timescale 0 0;
; Variable JTYPE is vec4 return value of scope S_0x5d527c66a720
v0x5d527c62e320_0 .var "addr", 25 0;
v0x5d527c66a9a0_0 .var "opcode", 5 0;
TD_tb.JTYPE ;
    %load/vec4 v0x5d527c66a9a0_0;
    %load/vec4 v0x5d527c62e320_0;
    %concat/vec4; draw_concat_vec4
    %ret/vec4 0, 0, 32;  Assign to JTYPE (store_vec4_to_lval)
    %end;
S_0x5d527c66aa60 .scope function.vec4.s32, "RTYPE" "RTYPE" 3 25, 3 25 0, S_0x5d527c63cff0;
 .timescale 0 0;
; Variable RTYPE is vec4 return value of scope S_0x5d527c66aa60
v0x5d527c66ad20_0 .var "funct", 5 0;
v0x5d527c66ae00_0 .var "rd", 4 0;
v0x5d527c66aec0_0 .var "rs", 4 0;
v0x5d527c66afa0_0 .var "rt", 4 0;
v0x5d527c66b0d0_0 .var "shamt", 4 0;
TD_tb.RTYPE ;
    %pushi/vec4 0, 0, 6;
    %load/vec4 v0x5d527c66aec0_0;
    %concat/vec4; draw_concat_vec4
    %load/vec4 v0x5d527c66afa0_0;
    %concat/vec4; draw_concat_vec4
    %load/vec4 v0x5d527c66ae00_0;
    %concat/vec4; draw_concat_vec4
    %load/vec4 v0x5d527c66b0d0_0;
    %concat/vec4; draw_concat_vec4
    %load/vec4 v0x5d527c66ad20_0;
    %concat/vec4; draw_concat_vec4
    %ret/vec4 0, 0, 32;  Assign to RTYPE (store_vec4_to_lval)
    %end;
S_0x5d527c66b1b0 .scope module, "_main" "main" 3 292, 4 219 0, S_0x5d527c63cff0;
 .timescale 0 0;
    .port_info 0 /INPUT 1 "Clk";
    .port_info 1 /INPUT 1 "Rst";
    .port_info 2 /INPUT 32 "InstrIn";
    .port_info 3 /OUTPUT 32 "InstrAddr";
    .port_info 4 /INPUT 32 "DataIn";
    .port_info 5 /OUTPUT 32 "DataOut";
    .port_info 6 /OUTPUT 1 "DataWrite";
    .port_info 7 /OUTPUT 32 "DataAddr";
    .port_info 8 /OUTPUT 32 "D_PC";
    .port_info 9 /OUTPUT 32 "D_Instr";
    .port_info 10 /OUTPUT 1 "D_Valid";
    .port_info 11 /OUTPUT 32 "D_Rs";
    .port_info 12 /OUTPUT 1 "D_RsValid";
    .port_info 13 /OUTPUT 32 "D_Rt";
    .port_info 14 /OUTPUT 1 "D_RtValid";
    .port_info 15 /OUTPUT 16 "D_Imm";
    .port_info 16 /OUTPUT 1 "D_ImmValid";
    .port_info 17 /OUTPUT 26 "D_Address";
    .port_info 18 /OUTPUT 1 "D_AddressValid";
    .port_info 19 /OUTPUT 32 "E_PC";
    .port_info 20 /OUTPUT 32 "E_Instr";
    .port_info 21 /OUTPUT 1 "E_Valid";
    .port_info 22 /OUTPUT 32 "E_Res";
    .port_info 23 /OUTPUT 1 "E_ResValid";
    .port_info 24 /OUTPUT 32 "W_PC";
    .port_info 25 /OUTPUT 1 "W_Valid";
    .port_info 26 /OUTPUT 32 "R0";
    .port_info 27 /OUTPUT 32 "R1";
    .port_info 28 /OUTPUT 32 "R2";
    .port_info 29 /OUTPUT 32 "R3";
    .port_info 30 /OUTPUT 32 "R4";
    .port_info 31 /OUTPUT 32 "R5";
    .port_info 32 /OUTPUT 32 "R6";
    .port_info 33 /OUTPUT 32 "R7";
    .port_info 34 /OUTPUT 32 "R8";
    .port_info 35 /OUTPUT 32 "R9";
    .port_info 36 /OUTPUT 32 "R10";
    .port_info 37 /OUTPUT 32 "R11";
    .port_info 38 /OUTPUT 32 "R12";
    .port_info 39 /OUTPUT 32 "R13";
    .port_info 40 /OUTPUT 32 "R14";
    .port_info 41 /OUTPUT 32 "R15";
    .port_info 42 /OUTPUT 32 "R16";
    .port_info 43 /OUTPUT 32 "R17";
    .port_info 44 /OUTPUT 32 "R18";
    .port_info 45 /OUTPUT 32 "R19";
    .port_info 46 /OUTPUT 32 "R20";
    .port_info 47 /OUTPUT 32 "R21";
    .port_info 48 /OUTPUT 32 "R22";
    .port_info 49 /OUTPUT 32 "R23";
    .port_info 50 /OUTPUT 32 "R24";
    .port_info 51 /OUTPUT 32 "R25";
    .port_info 52 /OUTPUT 32 "R26";
    .port_info 53 /OUTPUT 32 "R27";
    .port_info 54 /OUTPUT 32 "R28";
    .port_info 55 /OUTPUT 32 "R29";
    .port_info 56 /OUTPUT 32 "R30";
    .port_info 57 /OUTPUT 32 "R31";
L_0x5d527c6abff0 .functor AND 1, v0x5d527c67dc40_0, v0x5d527c67dd00_0, C4<1>, C4<1>;
L_0x5d527c6ac9e0 .functor AND 1, v0x5d527c67ca80_0, v0x5d527c67c9c0_0, C4<1>, C4<1>;
L_0x5d527c6ad630 .functor AND 1, L_0x5d527c6ac9e0, L_0x5d527c6ad3d0, C4<1>, C4<1>;
L_0x5d527c6ad830 .functor AND 1, L_0x5d527c6ad630, L_0x5d527c6ad740, C4<1>, C4<1>;
L_0x5d527c6ad970 .functor AND 1, v0x5d527c67dd00_0, v0x5d527c67dc40_0, C4<1>, C4<1>;
L_0x5d527c6addb0 .functor AND 1, L_0x5d527c6ad970, L_0x5d527c6adc70, C4<1>, C4<1>;
L_0x5d527c6ae0b0 .functor AND 1, L_0x5d527c6addb0, L_0x5d527c6adf00, C4<1>, C4<1>;
L_0x5d527c6ae560 .functor AND 1, v0x5d527c67ca80_0, v0x5d527c67c9c0_0, C4<1>, C4<1>;
L_0x5d527c6aea20 .functor AND 1, L_0x5d527c6ae560, L_0x5d527c6ae7b0, C4<1>, C4<1>;
L_0x5d527c6aebd0 .functor AND 1, L_0x5d527c6aea20, L_0x5d527c6aeb30, C4<1>, C4<1>;
L_0x5d527c6aecf0 .functor AND 1, v0x5d527c67dd00_0, v0x5d527c67dc40_0, C4<1>, C4<1>;
L_0x5d527c6aef90 .functor AND 1, L_0x5d527c6aecf0, L_0x5d527c6ae8f0, C4<1>, C4<1>;
L_0x5d527c6af300 .functor AND 1, L_0x5d527c6aef90, L_0x5d527c6af110, C4<1>, C4<1>;
L_0x5d527c6afaa0 .functor OR 1, L_0x5d527c6af7a0, L_0x5d527c6af890, C4<0>, C4<0>;
L_0x5d527c6af0a0 .functor OR 1, L_0x5d527c6afaa0, L_0x5d527c6afbb0, C4<0>, C4<0>;
L_0x5d527c6affb0 .functor OR 1, L_0x5d527c6af0a0, L_0x5d527c6afd40, C4<0>, C4<0>;
L_0x5d527c6b0240 .functor OR 1, L_0x5d527c6affb0, L_0x5d527c6b0150, C4<0>, C4<0>;
L_0x5d527c6b05d0 .functor OR 1, L_0x5d527c6b0240, L_0x5d527c6b0350, C4<0>, C4<0>;
L_0x5d527c6b0ec0 .functor OR 1, L_0x5d527c6b0780, L_0x5d527c6b0c80, C4<0>, C4<0>;
L_0x5d527c6b10c0 .functor OR 1, L_0x5d527c6b0ec0, L_0x5d527c6b0fd0, C4<0>, C4<0>;
L_0x5d527c6b1820 .functor AND 1, L_0x5d527c6b1480, L_0x5d527c6b1570, C4<1>, C4<1>;
L_0x5d527c6b1930 .functor OR 1, L_0x5d527c6b06e0, L_0x5d527c6b1820, C4<0>, C4<0>;
L_0x5d527c6b2450 .functor AND 1, v0x5d527c67d200_0, v0x5d527c67b600_0, C4<1>, C4<1>;
L_0x5d527c6b24c0 .functor AND 1, L_0x5d527c6b2450, v0x5d527c67acc0_0, C4<1>, C4<1>;
L_0x5d527c6b2b20 .functor AND 1, L_0x5d527c6b24c0, L_0x5d527c6b29b0, C4<1>, C4<1>;
L_0x5d527c6a17b0 .functor AND 1, L_0x5d527c6b05d0, L_0x5d527c6b2c30, C4<1>, C4<1>;
L_0x5d527c6b30f0 .functor AND 1, L_0x5d527c6b10c0, L_0x5d527c6b3050, C4<1>, C4<1>;
L_0x5d527c6b31b0 .functor OR 1, L_0x5d527c6a17b0, L_0x5d527c6b30f0, C4<0>, C4<0>;
L_0x5d527c6b33b0 .functor AND 1, L_0x5d527c6b2b20, L_0x5d527c6b31b0, C4<1>, C4<1>;
L_0x5d527c6b34c0 .functor AND 1, v0x5d527c67d200_0, v0x5d527c67b600_0, C4<1>, C4<1>;
L_0x5d527c6b36d0 .functor AND 1, L_0x5d527c6b34c0, v0x5d527c67b1c0_0, C4<1>, C4<1>;
L_0x5d527c6b3bd0 .functor AND 1, L_0x5d527c6b36d0, L_0x5d527c6b3a90, C4<1>, C4<1>;
L_0x5d527c6b40b0 .functor AND 1, L_0x5d527c6b1930, L_0x5d527c6b3df0, C4<1>, C4<1>;
L_0x5d527c6b4260 .functor AND 1, L_0x5d527c6b1b00, L_0x5d527c6b41c0, C4<1>, C4<1>;
L_0x5d527c6b4490 .functor OR 1, L_0x5d527c6b40b0, L_0x5d527c6b4260, C4<0>, C4<0>;
L_0x5d527c6b45a0 .functor AND 1, L_0x5d527c6b3bd0, L_0x5d527c6b4490, C4<1>, C4<1>;
L_0x5d527c6b4b00 .functor AND 1, v0x5d527c67b600_0, L_0x5d527c6b47e0, C4<1>, C4<1>;
L_0x5d527c6b4bc0 .functor OR 1, L_0x5d527c6b4b00, L_0x5d527c6b33b0, C4<0>, C4<0>;
L_0x5d527c6b46b0 .functor OR 1, L_0x5d527c6b4bc0, L_0x5d527c6b45a0, C4<0>, C4<0>;
L_0x5d527c6b4e10 .functor AND 1, v0x5d527c67d200_0, v0x5d527c66f760_0, C4<1>, C4<1>;
L_0x5d527c6b5160 .functor AND 1, L_0x5d527c6b4e10, L_0x5d527c6b5020, C4<1>, C4<1>;
L_0x5d527c6b5270 .functor AND 1, v0x5d527c67d200_0, v0x5d527c66fa00_0, C4<1>, C4<1>;
L_0x5d527c6b5440 .functor AND 1, v0x5d527c67d200_0, v0x5d527c66f8f0_0, C4<1>, C4<1>;
L_0x5d527c6b5830 .functor OR 1, L_0x5d527c6b5160, L_0x5d527c6b5270, C4<0>, C4<0>;
L_0x5d527c6b5ab0 .functor OR 1, L_0x5d527c6b5830, L_0x5d527c6b5440, C4<0>, C4<0>;
L_0x5d527c6b5bc0 .functor AND 1, L_0x5d527c6b5500, L_0x5d527c6b5ab0, C4<1>, C4<1>;
L_0x5d527c6b6320 .functor AND 1, v0x5d527c67ca80_0, v0x5d527c67c9c0_0, C4<1>, C4<1>;
L_0x5d527c6b7bf0 .functor AND 1, L_0x5d527c6b6320, L_0x5d527c6b7ab0, C4<1>, C4<1>;
L_0x5d527c6b81e0 .functor AND 1, L_0x5d527c6b7bf0, L_0x5d527c6b7e90, C4<1>, C4<1>;
L_0x5d527c6b82f0 .functor AND 1, v0x5d527c67dd00_0, v0x5d527c67dc40_0, C4<1>, C4<1>;
L_0x5d527c6b8950 .functor AND 1, L_0x5d527c6b82f0, L_0x5d527c6b85a0, C4<1>, C4<1>;
L_0x5d527c6b8b50 .functor AND 1, L_0x5d527c6b8950, L_0x5d527c6b8a60, C4<1>, C4<1>;
L_0x5d527c6b9400 .functor AND 1, v0x5d527c67ca80_0, v0x5d527c67c9c0_0, C4<1>, C4<1>;
L_0x5d527c6b98e0 .functor AND 1, L_0x5d527c6b9400, L_0x5d527c6b97f0, C4<1>, C4<1>;
L_0x5d527c6b9f90 .functor AND 1, L_0x5d527c6b98e0, L_0x5d527c6b9bb0, C4<1>, C4<1>;
L_0x5d527c6ba0a0 .functor AND 1, v0x5d527c67dd00_0, v0x5d527c67dc40_0, C4<1>, C4<1>;
L_0x5d527c6ba810 .functor AND 1, L_0x5d527c6ba0a0, L_0x5d527c6ba3d0, C4<1>, C4<1>;
L_0x5d527c6ba9c0 .functor AND 1, L_0x5d527c6ba810, L_0x5d527c6ba920, C4<1>, C4<1>;
L_0x5d527c6bcc80 .functor AND 1, v0x5d527c67b600_0, L_0x5d527c6bcbe0, C4<1>, C4<1>;
L_0x5d527c6bd320 .functor OR 1, L_0x5d527c6bcd80, L_0x5d527c6bd230, C4<0>, C4<0>;
L_0x5d527c6bd620 .functor AND 1, L_0x5d527c6bcc80, L_0x5d527c6bd320, C4<1>, C4<1>;
L_0x5d527c6be890 .functor OR 1, v0x5d527c67c680_0, v0x5d527c67c740_0, C4<0>, C4<0>;
L_0x5d527c6beb00 .functor AND 1, v0x5d527c67ca80_0, L_0x5d527c6be890, C4<1>, C4<1>;
L_0x5d527c6bf6e0 .functor AND 1, v0x5d527c67c740_0, v0x5d527c67ca80_0, C4<1>, C4<1>;
L_0x5d527c6bfa00 .functor BUFZ 32, v0x5d527c67cb40_0, C4<00000000000000000000000000000000>, C4<00000000000000000000000000000000>, C4<00000000000000000000000000000000>;
L_0x5d527c6bfac0 .functor BUFZ 32, v0x5d527c67d120_0, C4<00000000000000000000000000000000>, C4<00000000000000000000000000000000>, C4<00000000000000000000000000000000>;
L_0x5d527c6bfdf0 .functor BUFZ 32, v0x5d527c67d040_0, C4<00000000000000000000000000000000>, C4<00000000000000000000000000000000>, C4<00000000000000000000000000000000>;
L_0x5d527c6bfeb0 .functor BUFZ 1, v0x5d527c67d200_0, C4<0>, C4<0>, C4<0>;
L_0x5d527c6c01a0 .functor BUFZ 32, L_0x5d527c6ae2b0, C4<00000000000000000000000000000000>, C4<00000000000000000000000000000000>, C4<00000000000000000000000000000000>;
L_0x5d527c6c0260 .functor BUFZ 1, v0x5d527c67d200_0, C4<0>, C4<0>, C4<0>;
L_0x5d527c6c0510 .functor BUFZ 32, L_0x5d527c6af500, C4<00000000000000000000000000000000>, C4<00000000000000000000000000000000>, C4<00000000000000000000000000000000>;
L_0x5d527c6c05d0 .functor BUFZ 1, v0x5d527c67d200_0, C4<0>, C4<0>, C4<0>;
L_0x5d527c6c08e0 .functor BUFZ 16, L_0x5d527c6a1120, C4<0000000000000000>, C4<0000000000000000>, C4<0000000000000000>;
L_0x5d527c6c09a0 .functor BUFZ 1, v0x5d527c67d200_0, C4<0>, C4<0>, C4<0>;
L_0x5d527c6c0c70 .functor BUFZ 26, L_0x5d527c6a11c0, C4<00000000000000000000000000>, C4<00000000000000000000000000>, C4<00000000000000000000000000>;
L_0x5d527c6c0d30 .functor BUFZ 1, v0x5d527c67d200_0, C4<0>, C4<0>, C4<0>;
L_0x5d527c6c1060 .functor BUFZ 32, v0x5d527c67af20_0, C4<00000000000000000000000000000000>, C4<00000000000000000000000000000000>, C4<00000000000000000000000000000000>;
L_0x5d527c6c1120 .functor BUFZ 32, v0x5d527c67aa10_0, C4<00000000000000000000000000000000>, C4<00000000000000000000000000000000>, C4<00000000000000000000000000000000>;
L_0x5d527c6c1460 .functor BUFZ 1, v0x5d527c67b600_0, C4<0>, C4<0>, C4<0>;
L_0x5d527c6c1520 .functor BUFZ 32, v0x5d527c66dbe0_0, C4<00000000000000000000000000000000>, C4<00000000000000000000000000000000>, C4<00000000000000000000000000000000>;
L_0x5d527c6c1870 .functor BUFZ 1, v0x5d527c67b600_0, C4<0>, C4<0>, C4<0>;
L_0x5d527c6c1930 .functor BUFZ 32, v0x5d527c67db60_0, C4<00000000000000000000000000000000>, C4<00000000000000000000000000000000>, C4<00000000000000000000000000000000>;
L_0x5d527c6c1c90 .functor BUFZ 1, v0x5d527c67dd00_0, C4<0>, C4<0>, C4<0>;
v0x5d527c679e00_0 .net "ALUOp", 1 0, v0x5d527c66f5a0_0;  1 drivers
v0x5d527c679f10_0 .net "ALUSrc", 0 0, v0x5d527c66f6a0_0;  1 drivers
v0x5d527c679fe0_0 .net "ALU_in1", 31 0, L_0x5d527c6bbc50;  1 drivers
v0x5d527c67a0b0_0 .net "ALU_in2", 31 0, L_0x5d527c6bc7e0;  1 drivers
v0x5d527c67a150_0 .net "ALU_in2_temp", 31 0, L_0x5d527c6bc6a0;  1 drivers
v0x5d527c67a210_0 .net "Branch", 0 0, v0x5d527c66f760_0;  1 drivers
v0x5d527c67a2b0_0 .net "BranchTaken", 0 0, L_0x5d527c6b5160;  1 drivers
v0x5d527c67a350_0 .net "Branch_Rs_used", 0 0, L_0x5d527c6b1930;  1 drivers
v0x5d527c67a410_0 .net "Branch_Rt_used", 0 0, L_0x5d527c6b1b00;  1 drivers
v0x5d527c67a4d0_0 .net "Clk", 0 0, v0x5d527c68e480_0;  1 drivers
v0x5d527c67a600_0 .net "D_Address", 25 0, L_0x5d527c6c0c70;  alias, 1 drivers
v0x5d527c67a6e0_0 .net "D_AddressValid", 0 0, L_0x5d527c6c0d30;  alias, 1 drivers
v0x5d527c67a7a0_0 .var "D_E_ALUOp", 1 0;
v0x5d527c67a890_0 .var "D_E_ALUSrc", 0 0;
v0x5d527c67a930_0 .var "D_E_Imm", 31 0;
v0x5d527c67aa10_0 .var "D_E_Instr", 31 0;
v0x5d527c67aaf0_0 .var "D_E_Jal", 0 0;
v0x5d527c67acc0_0 .var "D_E_MemRead", 0 0;
v0x5d527c67ad80_0 .var "D_E_MemWrite", 0 0;
v0x5d527c67ae40_0 .var "D_E_MemtoReg", 1 0;
v0x5d527c67af20_0 .var "D_E_PC", 31 0;
v0x5d527c67b000_0 .var "D_E_Rd", 4 0;
v0x5d527c67b0e0_0 .var "D_E_RegDst", 1 0;
v0x5d527c67b1c0_0 .var "D_E_RegWrite", 0 0;
v0x5d527c67b280_0 .var "D_E_Rs", 4 0;
v0x5d527c67b360_0 .var "D_E_RsVal", 31 0;
v0x5d527c67b440_0 .var "D_E_Rt", 4 0;
v0x5d527c67b520_0 .var "D_E_RtVal", 31 0;
v0x5d527c67b600_0 .var "D_E_Valid", 0 0;
v0x5d527c67b6c0_0 .net "D_E_WriteReg", 4 0, L_0x5d527c6b22c0;  1 drivers
v0x5d527c67b7a0_0 .net "D_Imm", 15 0, L_0x5d527c6c08e0;  alias, 1 drivers
v0x5d527c67b880_0 .net "D_ImmValid", 0 0, L_0x5d527c6c09a0;  alias, 1 drivers
v0x5d527c67b940_0 .net "D_Instr", 31 0, L_0x5d527c6bfdf0;  alias, 1 drivers
v0x5d527c67ba20_0 .net "D_PC", 31 0, L_0x5d527c6bfac0;  alias, 1 drivers
v0x5d527c67bb00_0 .net "D_Rs", 31 0, L_0x5d527c6c01a0;  alias, 1 drivers
v0x5d527c67bbe0_0 .net "D_RsValid", 0 0, L_0x5d527c6c0260;  alias, 1 drivers
v0x5d527c67bca0_0 .net "D_Rs_used", 0 0, L_0x5d527c6b05d0;  1 drivers
v0x5d527c67bd60_0 .net "D_Rt", 31 0, L_0x5d527c6c0510;  alias, 1 drivers
v0x5d527c67be40_0 .net "D_RtValid", 0 0, L_0x5d527c6c05d0;  alias, 1 drivers
v0x5d527c67bf00_0 .net "D_Rt_used", 0 0, L_0x5d527c6b10c0;  1 drivers
v0x5d527c67bfc0_0 .net "D_Valid", 0 0, L_0x5d527c6bfeb0;  alias, 1 drivers
v0x5d527c67c080_0 .net "DataAddr", 31 0, L_0x5d527c6bf170;  alias, 1 drivers
v0x5d527c67c160_0 .net "DataIn", 31 0, v0x5d527c68fcd0_0;  1 drivers
v0x5d527c67c240_0 .net "DataOut", 31 0, L_0x5d527c6bfa00;  alias, 1 drivers
v0x5d527c67c320_0 .net "DataWrite", 0 0, L_0x5d527c6bf6e0;  alias, 1 drivers
v0x5d527c67c3e0_0 .net "E_Instr", 31 0, L_0x5d527c6c1120;  alias, 1 drivers
v0x5d527c67c4c0_0 .var "E_M_ALUOut", 31 0;
v0x5d527c67c5a0_0 .var "E_M_Instr", 31 0;
v0x5d527c67c680_0 .var "E_M_MemRead", 0 0;
v0x5d527c67c740_0 .var "E_M_MemWrite", 0 0;
v0x5d527c67c800_0 .var "E_M_MemtoReg", 1 0;
v0x5d527c67c8e0_0 .var "E_M_PC", 31 0;
v0x5d527c67c9c0_0 .var "E_M_RegWrite", 0 0;
v0x5d527c67ca80_0 .var "E_M_Valid", 0 0;
v0x5d527c67cb40_0 .var "E_M_WriteData", 31 0;
v0x5d527c67cc20_0 .var "E_M_WriteReg", 4 0;
v0x5d527c67cd00_0 .net "E_PC", 31 0, L_0x5d527c6c1060;  alias, 1 drivers
v0x5d527c67cde0_0 .net "E_Res", 31 0, L_0x5d527c6c1520;  alias, 1 drivers
v0x5d527c67cec0_0 .net "E_ResValid", 0 0, L_0x5d527c6c1870;  alias, 1 drivers
v0x5d527c67cf80_0 .net "E_Valid", 0 0, L_0x5d527c6c1460;  alias, 1 drivers
v0x5d527c67d040_0 .var "F_D_Instr", 31 0;
v0x5d527c67d120_0 .var "F_D_PC", 31 0;
v0x5d527c67d200_0 .var "F_D_Valid", 0 0;
v0x5d527c67d2c0_0 .net "Flush_F", 0 0, L_0x5d527c6b5bc0;  1 drivers
v0x5d527c67d380_0 .net "InstrAddr", 31 0, L_0x5d527c6a09f0;  alias, 1 drivers
v0x5d527c67d460_0 .net "InstrIn", 31 0, v0x5d527c68ff50_0;  1 drivers
v0x5d527c67d540_0 .net "Jal", 0 0, v0x5d527c66f830_0;  1 drivers
v0x5d527c67d610_0 .net "Jr", 0 0, v0x5d527c66f8f0_0;  1 drivers
v0x5d527c67d6e0_0 .net "JrTaken", 0 0, L_0x5d527c6b5440;  1 drivers
v0x5d527c67d780_0 .net "Jump", 0 0, v0x5d527c66fa00_0;  1 drivers
v0x5d527c67d850_0 .net "JumpTaken", 0 0, L_0x5d527c6b5270;  1 drivers
v0x5d527c67d8f0_0 .net "M_Data_to_Reg", 31 0, L_0x5d527c6ad040;  1 drivers
v0x5d527c67d9b0_0 .var "M_W_Data_to_Reg", 31 0;
v0x5d527c67daa0_0 .var "M_W_Instr", 31 0;
v0x5d527c67db60_0 .var "M_W_PC", 31 0;
v0x5d527c67dc40_0 .var "M_W_RegWrite", 0 0;
v0x5d527c67dd00_0 .var "M_W_Valid", 0 0;
v0x5d527c67ddc0_0 .var "M_W_WriteReg", 4 0;
v0x5d527c67deb0_0 .net "MemRead", 0 0, v0x5d527c66fac0_0;  1 drivers
v0x5d527c67df80_0 .net "MemWrite", 0 0, v0x5d527c66fb80_0;  1 drivers
v0x5d527c67e050_0 .net "MemtoReg", 1 0, v0x5d527c66fc40_0;  1 drivers
v0x5d527c67e120_0 .net "Next_PC", 31 0, L_0x5d527c6b7630;  1 drivers
v0x5d527c67e1c0_0 .net "PC_plus_4", 31 0, L_0x5d527c6a05e0;  1 drivers
v0x5d527c67e280_0 .var "PC_reg", 31 0;
v0x5d527c67e360_0 .net8 "R0", 31 0, RS_0x767bb4aac398;  alias, 2 drivers
v0x5d527c67e450_0 .net "R1", 31 0, L_0x5d527c6a2810;  alias, 1 drivers
v0x5d527c67e520_0 .net "R10", 31 0, L_0x5d527c6a4860;  alias, 1 drivers
v0x5d527c67e5f0_0 .net "R11", 31 0, L_0x5d527c6a4c10;  alias, 1 drivers
v0x5d527c67e6c0_0 .net "R12", 31 0, L_0x5d527c6a4fd0;  alias, 1 drivers
v0x5d527c67e790_0 .net "R13", 31 0, L_0x5d527c6a5570;  alias, 1 drivers
v0x5d527c67e860_0 .net "R14", 31 0, L_0x5d527c6a5e30;  alias, 1 drivers
v0x5d527c67e930_0 .net "R15", 31 0, L_0x5d527c6a6250;  alias, 1 drivers
v0x5d527c67ea00_0 .net "R16", 31 0, L_0x5d527c6a6720;  alias, 1 drivers
v0x5d527c67ead0_0 .net "R17", 31 0, L_0x5d527c6a6b60;  alias, 1 drivers
v0x5d527c67eba0_0 .net "R18", 31 0, L_0x5d527c6a6680;  alias, 1 drivers
v0x5d527c67ec70_0 .net "R19", 31 0, L_0x5d527c6a7420;  alias, 1 drivers
v0x5d527c67ed40_0 .net "R2", 31 0, L_0x5d527c6a2b40;  alias, 1 drivers
v0x5d527c67ee10_0 .net "R20", 31 0, L_0x5d527c6a7950;  alias, 1 drivers
v0x5d527c67eee0_0 .net "R21", 31 0, L_0x5d527c6a7fe0;  alias, 1 drivers
v0x5d527c67efb0_0 .net "R22", 31 0, L_0x5d527c6a8540;  alias, 1 drivers
v0x5d527c67f080_0 .net "R23", 31 0, L_0x5d527c6a89e0;  alias, 1 drivers
v0x5d527c67f150_0 .net "R24", 31 0, L_0x5d527c6a8f70;  alias, 1 drivers
v0x5d527c67f220_0 .net "R25", 31 0, L_0x5d527c6a9430;  alias, 1 drivers
v0x5d527c67f2f0_0 .net "R26", 31 0, L_0x5d527c6a99f0;  alias, 1 drivers
v0x5d527c67f3c0_0 .net "R27", 31 0, L_0x5d527c6a9ed0;  alias, 1 drivers
v0x5d527c67f490_0 .net "R28", 31 0, L_0x5d527c6aa4c0;  alias, 1 drivers
v0x5d527c67f560_0 .net "R29", 31 0, L_0x5d527c6aa9c0;  alias, 1 drivers
v0x5d527c67f630_0 .net "R3", 31 0, L_0x5d527c6a2e00;  alias, 1 drivers
v0x5d527c67f700_0 .net "R30", 31 0, L_0x5d527c6ab780;  alias, 1 drivers
v0x5d527c67f7d0_0 .net "R31", 31 0, L_0x5d527c6abca0;  alias, 1 drivers
v0x5d527c67f8a0_0 .net "R4", 31 0, L_0x5d527c6a3110;  alias, 1 drivers
v0x5d527c67f970_0 .net "R5", 31 0, L_0x5d527c6a3460;  alias, 1 drivers
v0x5d527c67fa40_0 .net "R6", 31 0, L_0x5d527c6a39c0;  alias, 1 drivers
v0x5d527c67fb10_0 .net "R7", 31 0, L_0x5d527c6a3d30;  alias, 1 drivers
v0x5d527c67fbe0_0 .net "R8", 31 0, L_0x5d527c6a4110;  alias, 1 drivers
v0x5d527c67fcb0_0 .net "R9", 31 0, L_0x5d527c6a4450;  alias, 1 drivers
v0x5d527c67fd80_0 .net "RegDst", 1 0, v0x5d527c66fd20_0;  1 drivers
v0x5d527c67fe50_0 .net "RegWrite", 0 0, v0x5d527c66fe00_0;  1 drivers
v0x5d527c67ff20_0 .net "Rst", 0 0, v0x5d527c690210_0;  1 drivers
v0x5d527c67ffc0_0 .net "Stall_ALU", 0 0, L_0x5d527c6b4b00;  1 drivers
v0x5d527c680060_0 .net "Stall_Branch", 0 0, L_0x5d527c6b45a0;  1 drivers
v0x5d527c680100_0 .net "Stall_F_D", 0 0, L_0x5d527c6b46b0;  1 drivers
v0x5d527c6801c0_0 .net "Stall_LoadUse", 0 0, L_0x5d527c6b33b0;  1 drivers
v0x5d527c680280_0 .net "W_PC", 31 0, L_0x5d527c6c1930;  alias, 1 drivers
v0x5d527c680360_0 .net "W_Valid", 0 0, L_0x5d527c6c1c90;  alias, 1 drivers
L_0x767bb46ce060 .functor BUFT 1, C4<00000000000000000000000000000100>, C4<0>, C4<0>, C4<0>;
v0x5d527c680420_0 .net/2u *"_ivl_0", 31 0, L_0x767bb46ce060;  1 drivers
v0x5d527c680500_0 .net *"_ivl_10", 31 0, L_0x5d527c6a08b0;  1 drivers
v0x5d527c6805e0_0 .net *"_ivl_101", 0 0, L_0x5d527c6addb0;  1 drivers
v0x5d527c6806a0_0 .net *"_ivl_102", 0 0, L_0x5d527c6adf00;  1 drivers
v0x5d527c680f70_0 .net *"_ivl_105", 0 0, L_0x5d527c6ae0b0;  1 drivers
v0x5d527c681030_0 .net *"_ivl_106", 31 0, L_0x5d527c6ae1c0;  1 drivers
v0x5d527c681110_0 .net *"_ivl_111", 0 0, L_0x5d527c6ae560;  1 drivers
v0x5d527c6811d0_0 .net *"_ivl_112", 31 0, L_0x5d527c6ae6c0;  1 drivers
L_0x767bb46cef00 .functor BUFT 1, C4<000000000000000000000000000>, C4<0>, C4<0>, C4<0>;
v0x5d527c6812b0_0 .net *"_ivl_115", 26 0, L_0x767bb46cef00;  1 drivers
L_0x767bb46cef48 .functor BUFT 1, C4<00000000000000000000000000000000>, C4<0>, C4<0>, C4<0>;
v0x5d527c681390_0 .net/2u *"_ivl_116", 31 0, L_0x767bb46cef48;  1 drivers
v0x5d527c681470_0 .net *"_ivl_118", 0 0, L_0x5d527c6ae7b0;  1 drivers
v0x5d527c681530_0 .net *"_ivl_12", 29 0, L_0x5d527c6a07c0;  1 drivers
v0x5d527c681610_0 .net *"_ivl_121", 0 0, L_0x5d527c6aea20;  1 drivers
v0x5d527c6816d0_0 .net *"_ivl_122", 0 0, L_0x5d527c6aeb30;  1 drivers
v0x5d527c681790_0 .net *"_ivl_125", 0 0, L_0x5d527c6aebd0;  1 drivers
v0x5d527c681850_0 .net *"_ivl_127", 0 0, L_0x5d527c6aecf0;  1 drivers
v0x5d527c681910_0 .net *"_ivl_128", 31 0, L_0x5d527c6aed60;  1 drivers
L_0x767bb46cef90 .functor BUFT 1, C4<000000000000000000000000000>, C4<0>, C4<0>, C4<0>;
v0x5d527c6819f0_0 .net *"_ivl_131", 26 0, L_0x767bb46cef90;  1 drivers
L_0x767bb46cefd8 .functor BUFT 1, C4<00000000000000000000000000000000>, C4<0>, C4<0>, C4<0>;
v0x5d527c681ad0_0 .net/2u *"_ivl_132", 31 0, L_0x767bb46cefd8;  1 drivers
v0x5d527c681bb0_0 .net *"_ivl_134", 0 0, L_0x5d527c6ae8f0;  1 drivers
v0x5d527c681c70_0 .net *"_ivl_137", 0 0, L_0x5d527c6aef90;  1 drivers
v0x5d527c681d30_0 .net *"_ivl_138", 0 0, L_0x5d527c6af110;  1 drivers
L_0x767bb46ce138 .functor BUFT 1, C4<00>, C4<0>, C4<0>, C4<0>;
v0x5d527c681df0_0 .net *"_ivl_14", 1 0, L_0x767bb46ce138;  1 drivers
v0x5d527c681ed0_0 .net *"_ivl_141", 0 0, L_0x5d527c6af300;  1 drivers
v0x5d527c681f90_0 .net *"_ivl_142", 31 0, L_0x5d527c6af410;  1 drivers
L_0x767bb46cf020 .functor BUFT 1, C4<000000>, C4<0>, C4<0>, C4<0>;
v0x5d527c682070_0 .net/2u *"_ivl_146", 5 0, L_0x767bb46cf020;  1 drivers
v0x5d527c682150_0 .net *"_ivl_148", 0 0, L_0x5d527c6af7a0;  1 drivers
L_0x767bb46cf068 .functor BUFT 1, C4<001000>, C4<0>, C4<0>, C4<0>;
v0x5d527c682210_0 .net/2u *"_ivl_150", 5 0, L_0x767bb46cf068;  1 drivers
v0x5d527c6822f0_0 .net *"_ivl_152", 0 0, L_0x5d527c6af890;  1 drivers
v0x5d527c6823b0_0 .net *"_ivl_155", 0 0, L_0x5d527c6afaa0;  1 drivers
L_0x767bb46cf0b0 .functor BUFT 1, C4<001001>, C4<0>, C4<0>, C4<0>;
v0x5d527c682470_0 .net/2u *"_ivl_156", 5 0, L_0x767bb46cf0b0;  1 drivers
v0x5d527c682550_0 .net *"_ivl_158", 0 0, L_0x5d527c6afbb0;  1 drivers
v0x5d527c682610_0 .net *"_ivl_161", 0 0, L_0x5d527c6af0a0;  1 drivers
L_0x767bb46cf0f8 .functor BUFT 1, C4<100011>, C4<0>, C4<0>, C4<0>;
v0x5d527c6826d0_0 .net/2u *"_ivl_162", 5 0, L_0x767bb46cf0f8;  1 drivers
v0x5d527c6827b0_0 .net *"_ivl_164", 0 0, L_0x5d527c6afd40;  1 drivers
v0x5d527c682870_0 .net *"_ivl_167", 0 0, L_0x5d527c6affb0;  1 drivers
L_0x767bb46cf140 .functor BUFT 1, C4<101011>, C4<0>, C4<0>, C4<0>;
v0x5d527c682930_0 .net/2u *"_ivl_168", 5 0, L_0x767bb46cf140;  1 drivers
v0x5d527c682a10_0 .net *"_ivl_170", 0 0, L_0x5d527c6b0150;  1 drivers
v0x5d527c682ad0_0 .net *"_ivl_173", 0 0, L_0x5d527c6b0240;  1 drivers
L_0x767bb46cf188 .functor BUFT 1, C4<000100>, C4<0>, C4<0>, C4<0>;
v0x5d527c682b90_0 .net/2u *"_ivl_174", 5 0, L_0x767bb46cf188;  1 drivers
v0x5d527c682c70_0 .net *"_ivl_176", 0 0, L_0x5d527c6b0350;  1 drivers
L_0x767bb46cf1d0 .functor BUFT 1, C4<000000>, C4<0>, C4<0>, C4<0>;
v0x5d527c682d30_0 .net/2u *"_ivl_180", 5 0, L_0x767bb46cf1d0;  1 drivers
v0x5d527c682e10_0 .net *"_ivl_182", 0 0, L_0x5d527c6b0780;  1 drivers
L_0x767bb46cf218 .functor BUFT 1, C4<101011>, C4<0>, C4<0>, C4<0>;
v0x5d527c682ed0_0 .net/2u *"_ivl_184", 5 0, L_0x767bb46cf218;  1 drivers
v0x5d527c682fb0_0 .net *"_ivl_186", 0 0, L_0x5d527c6b0c80;  1 drivers
v0x5d527c683070_0 .net *"_ivl_189", 0 0, L_0x5d527c6b0ec0;  1 drivers
L_0x767bb46cf260 .functor BUFT 1, C4<000100>, C4<0>, C4<0>, C4<0>;
v0x5d527c683130_0 .net/2u *"_ivl_190", 5 0, L_0x767bb46cf260;  1 drivers
v0x5d527c683210_0 .net *"_ivl_192", 0 0, L_0x5d527c6b0fd0;  1 drivers
L_0x767bb46cf2a8 .functor BUFT 1, C4<000100>, C4<0>, C4<0>, C4<0>;
v0x5d527c6832d0_0 .net/2u *"_ivl_196", 5 0, L_0x767bb46cf2a8;  1 drivers
v0x5d527c6833b0_0 .net *"_ivl_198", 0 0, L_0x5d527c6b06e0;  1 drivers
L_0x767bb46cf2f0 .functor BUFT 1, C4<000000>, C4<0>, C4<0>, C4<0>;
v0x5d527c683470_0 .net/2u *"_ivl_200", 5 0, L_0x767bb46cf2f0;  1 drivers
v0x5d527c683550_0 .net *"_ivl_202", 0 0, L_0x5d527c6b1480;  1 drivers
L_0x767bb46cf338 .functor BUFT 1, C4<001000>, C4<0>, C4<0>, C4<0>;
v0x5d527c683610_0 .net/2u *"_ivl_204", 5 0, L_0x767bb46cf338;  1 drivers
v0x5d527c6836f0_0 .net *"_ivl_206", 0 0, L_0x5d527c6b1570;  1 drivers
v0x5d527c6837b0_0 .net *"_ivl_209", 0 0, L_0x5d527c6b1820;  1 drivers
L_0x767bb46cf380 .functor BUFT 1, C4<000100>, C4<0>, C4<0>, C4<0>;
v0x5d527c683870_0 .net/2u *"_ivl_212", 5 0, L_0x767bb46cf380;  1 drivers
L_0x767bb46cf3c8 .functor BUFT 1, C4<10>, C4<0>, C4<0>, C4<0>;
v0x5d527c683950_0 .net/2u *"_ivl_216", 1 0, L_0x767bb46cf3c8;  1 drivers
v0x5d527c683a30_0 .net *"_ivl_218", 0 0, L_0x5d527c6b1bf0;  1 drivers
L_0x767bb46cf410 .functor BUFT 1, C4<11111>, C4<0>, C4<0>, C4<0>;
v0x5d527c683af0_0 .net/2u *"_ivl_220", 4 0, L_0x767bb46cf410;  1 drivers
L_0x767bb46cf458 .functor BUFT 1, C4<01>, C4<0>, C4<0>, C4<0>;
v0x5d527c683bd0_0 .net/2u *"_ivl_222", 1 0, L_0x767bb46cf458;  1 drivers
v0x5d527c683cb0_0 .net *"_ivl_224", 0 0, L_0x5d527c6b1eb0;  1 drivers
v0x5d527c683d70_0 .net *"_ivl_226", 4 0, L_0x5d527c6b1ff0;  1 drivers
v0x5d527c683e50_0 .net *"_ivl_231", 0 0, L_0x5d527c6b2450;  1 drivers
v0x5d527c683f10_0 .net *"_ivl_233", 0 0, L_0x5d527c6b24c0;  1 drivers
v0x5d527c683fd0_0 .net *"_ivl_234", 31 0, L_0x5d527c6b2650;  1 drivers
L_0x767bb46cf4a0 .functor BUFT 1, C4<000000000000000000000000000>, C4<0>, C4<0>, C4<0>;
v0x5d527c6840b0_0 .net *"_ivl_237", 26 0, L_0x767bb46cf4a0;  1 drivers
L_0x767bb46cf4e8 .functor BUFT 1, C4<00000000000000000000000000000000>, C4<0>, C4<0>, C4<0>;
v0x5d527c684190_0 .net/2u *"_ivl_238", 31 0, L_0x767bb46cf4e8;  1 drivers
v0x5d527c684270_0 .net *"_ivl_240", 0 0, L_0x5d527c6b29b0;  1 drivers
v0x5d527c684330_0 .net *"_ivl_243", 0 0, L_0x5d527c6b2b20;  1 drivers
v0x5d527c6843f0_0 .net *"_ivl_244", 0 0, L_0x5d527c6b2c30;  1 drivers
v0x5d527c6844b0_0 .net *"_ivl_247", 0 0, L_0x5d527c6a17b0;  1 drivers
v0x5d527c684570_0 .net *"_ivl_248", 0 0, L_0x5d527c6b3050;  1 drivers
v0x5d527c684630_0 .net *"_ivl_251", 0 0, L_0x5d527c6b30f0;  1 drivers
v0x5d527c6846f0_0 .net *"_ivl_253", 0 0, L_0x5d527c6b31b0;  1 drivers
v0x5d527c6847b0_0 .net *"_ivl_257", 0 0, L_0x5d527c6b34c0;  1 drivers
v0x5d527c684870_0 .net *"_ivl_259", 0 0, L_0x5d527c6b36d0;  1 drivers
v0x5d527c684930_0 .net *"_ivl_260", 31 0, L_0x5d527c6b3790;  1 drivers
L_0x767bb46cf530 .functor BUFT 1, C4<000000000000000000000000000>, C4<0>, C4<0>, C4<0>;
v0x5d527c684a10_0 .net *"_ivl_263", 26 0, L_0x767bb46cf530;  1 drivers
L_0x767bb46cf578 .functor BUFT 1, C4<00000000000000000000000000000000>, C4<0>, C4<0>, C4<0>;
v0x5d527c684af0_0 .net/2u *"_ivl_264", 31 0, L_0x767bb46cf578;  1 drivers
v0x5d527c684bd0_0 .net *"_ivl_266", 0 0, L_0x5d527c6b3a90;  1 drivers
v0x5d527c684c90_0 .net *"_ivl_269", 0 0, L_0x5d527c6b3bd0;  1 drivers
v0x5d527c684d50_0 .net *"_ivl_270", 0 0, L_0x5d527c6b3df0;  1 drivers
v0x5d527c684e10_0 .net *"_ivl_273", 0 0, L_0x5d527c6b40b0;  1 drivers
v0x5d527c684ed0_0 .net *"_ivl_274", 0 0, L_0x5d527c6b41c0;  1 drivers
v0x5d527c684f90_0 .net *"_ivl_277", 0 0, L_0x5d527c6b4260;  1 drivers
v0x5d527c685050_0 .net *"_ivl_279", 0 0, L_0x5d527c6b4490;  1 drivers
v0x5d527c685110_0 .net *"_ivl_283", 0 0, L_0x5d527c6b47e0;  1 drivers
v0x5d527c6851d0_0 .net *"_ivl_287", 0 0, L_0x5d527c6b4bc0;  1 drivers
v0x5d527c685290_0 .net *"_ivl_291", 0 0, L_0x5d527c6b4e10;  1 drivers
v0x5d527c685350_0 .net *"_ivl_292", 0 0, L_0x5d527c6b5020;  1 drivers
v0x5d527c685410_0 .net *"_ivl_301", 0 0, L_0x5d527c6b5500;  1 drivers
v0x5d527c6854d0_0 .net *"_ivl_303", 0 0, L_0x5d527c6b5830;  1 drivers
v0x5d527c685590_0 .net *"_ivl_305", 0 0, L_0x5d527c6b5ab0;  1 drivers
v0x5d527c685650_0 .net *"_ivl_308", 31 0, L_0x5d527c6b5ef0;  1 drivers
v0x5d527c685730_0 .net *"_ivl_310", 29 0, L_0x5d527c6b5e50;  1 drivers
L_0x767bb46cf5c0 .functor BUFT 1, C4<00>, C4<0>, C4<0>, C4<0>;
v0x5d527c685810_0 .net *"_ivl_312", 1 0, L_0x767bb46cf5c0;  1 drivers
L_0x767bb46cf608 .functor BUFT 1, C4<00000000000000000000000000000100>, C4<0>, C4<0>, C4<0>;
v0x5d527c6858f0_0 .net/2u *"_ivl_314", 31 0, L_0x767bb46cf608;  1 drivers
v0x5d527c6859d0_0 .net *"_ivl_318", 31 0, L_0x5d527c6b6780;  1 drivers
v0x5d527c685ab0_0 .net *"_ivl_320", 29 0, L_0x5d527c6b6430;  1 drivers
L_0x767bb46cf650 .functor BUFT 1, C4<00>, C4<0>, C4<0>, C4<0>;
v0x5d527c685b90_0 .net *"_ivl_322", 1 0, L_0x767bb46cf650;  1 drivers
v0x5d527c685c70_0 .net *"_ivl_327", 3 0, L_0x5d527c6b6c70;  1 drivers
L_0x767bb46cf698 .functor BUFT 1, C4<00>, C4<0>, C4<0>, C4<0>;
v0x5d527c685d50_0 .net/2u *"_ivl_328", 1 0, L_0x767bb46cf698;  1 drivers
v0x5d527c685e30_0 .net *"_ivl_33", 0 0, L_0x5d527c6a12d0;  1 drivers
v0x5d527c685f10_0 .net *"_ivl_332", 31 0, L_0x5d527c6b7120;  1 drivers
v0x5d527c685ff0_0 .net *"_ivl_334", 31 0, L_0x5d527c6b7260;  1 drivers
v0x5d527c6860d0_0 .net *"_ivl_339", 0 0, L_0x5d527c6b6320;  1 drivers
v0x5d527c686190_0 .net *"_ivl_340", 31 0, L_0x5d527c6b7720;  1 drivers
L_0x767bb46cf6e0 .functor BUFT 1, C4<000000000000000000000000000>, C4<0>, C4<0>, C4<0>;
v0x5d527c686270_0 .net *"_ivl_343", 26 0, L_0x767bb46cf6e0;  1 drivers
L_0x767bb46cf728 .functor BUFT 1, C4<00000000000000000000000000000000>, C4<0>, C4<0>, C4<0>;
v0x5d527c686350_0 .net/2u *"_ivl_344", 31 0, L_0x767bb46cf728;  1 drivers
v0x5d527c686430_0 .net *"_ivl_346", 0 0, L_0x5d527c6b7ab0;  1 drivers
v0x5d527c6864f0_0 .net *"_ivl_349", 0 0, L_0x5d527c6b7bf0;  1 drivers
v0x5d527c6865b0_0 .net *"_ivl_35", 15 0, L_0x5d527c6a1370;  1 drivers
v0x5d527c686690_0 .net *"_ivl_350", 0 0, L_0x5d527c6b7e90;  1 drivers
v0x5d527c686750_0 .net *"_ivl_353", 0 0, L_0x5d527c6b81e0;  1 drivers
L_0x767bb46cf770 .functor BUFT 1, C4<10>, C4<0>, C4<0>, C4<0>;
v0x5d527c686810_0 .net/2u *"_ivl_354", 1 0, L_0x767bb46cf770;  1 drivers
v0x5d527c6868f0_0 .net *"_ivl_357", 0 0, L_0x5d527c6b82f0;  1 drivers
v0x5d527c6869b0_0 .net *"_ivl_358", 31 0, L_0x5d527c6b8500;  1 drivers
L_0x767bb46cf7b8 .functor BUFT 1, C4<000000000000000000000000000>, C4<0>, C4<0>, C4<0>;
v0x5d527c686a90_0 .net *"_ivl_361", 26 0, L_0x767bb46cf7b8;  1 drivers
L_0x767bb46cf800 .functor BUFT 1, C4<00000000000000000000000000000000>, C4<0>, C4<0>, C4<0>;
v0x5d527c686b70_0 .net/2u *"_ivl_362", 31 0, L_0x767bb46cf800;  1 drivers
v0x5d527c686c50_0 .net *"_ivl_364", 0 0, L_0x5d527c6b85a0;  1 drivers
v0x5d527c686d10_0 .net *"_ivl_367", 0 0, L_0x5d527c6b8950;  1 drivers
v0x5d527c686dd0_0 .net *"_ivl_368", 0 0, L_0x5d527c6b8a60;  1 drivers
v0x5d527c686e90_0 .net *"_ivl_371", 0 0, L_0x5d527c6b8b50;  1 drivers
L_0x767bb46cf848 .functor BUFT 1, C4<01>, C4<0>, C4<0>, C4<0>;
v0x5d527c686f50_0 .net/2u *"_ivl_372", 1 0, L_0x767bb46cf848;  1 drivers
L_0x767bb46cf890 .functor BUFT 1, C4<00>, C4<0>, C4<0>, C4<0>;
v0x5d527c687030_0 .net/2u *"_ivl_374", 1 0, L_0x767bb46cf890;  1 drivers
v0x5d527c687110_0 .net *"_ivl_376", 1 0, L_0x5d527c6b8e10;  1 drivers
v0x5d527c6871f0_0 .net *"_ivl_381", 0 0, L_0x5d527c6b9400;  1 drivers
v0x5d527c6872b0_0 .net *"_ivl_382", 31 0, L_0x5d527c6b9470;  1 drivers
L_0x767bb46cf8d8 .functor BUFT 1, C4<000000000000000000000000000>, C4<0>, C4<0>, C4<0>;
v0x5d527c687390_0 .net *"_ivl_385", 26 0, L_0x767bb46cf8d8;  1 drivers
L_0x767bb46cf920 .functor BUFT 1, C4<00000000000000000000000000000000>, C4<0>, C4<0>, C4<0>;
v0x5d527c687470_0 .net/2u *"_ivl_386", 31 0, L_0x767bb46cf920;  1 drivers
v0x5d527c687550_0 .net *"_ivl_388", 0 0, L_0x5d527c6b97f0;  1 drivers
v0x5d527c687610_0 .net *"_ivl_391", 0 0, L_0x5d527c6b98e0;  1 drivers
v0x5d527c680760_0 .net *"_ivl_392", 0 0, L_0x5d527c6b9bb0;  1 drivers
v0x5d527c680820_0 .net *"_ivl_395", 0 0, L_0x5d527c6b9f90;  1 drivers
L_0x767bb46cf968 .functor BUFT 1, C4<10>, C4<0>, C4<0>, C4<0>;
v0x5d527c6808e0_0 .net/2u *"_ivl_396", 1 0, L_0x767bb46cf968;  1 drivers
v0x5d527c6809c0_0 .net *"_ivl_399", 0 0, L_0x5d527c6ba0a0;  1 drivers
L_0x767bb46ce0a8 .functor BUFT 1, C4<xxxxxxxxxxxxxxxxxxxxxxxxxxxxxxxx>, C4<0>, C4<0>, C4<0>;
v0x5d527c680a80_0 .net *"_ivl_4", 31 0, L_0x767bb46ce0a8;  1 drivers
L_0x767bb46cec30 .functor BUFT 1, C4<11>, C4<0>, C4<0>, C4<0>;
v0x5d527c680b60_0 .net/2u *"_ivl_40", 1 0, L_0x767bb46cec30;  1 drivers
v0x5d527c680c40_0 .net *"_ivl_400", 31 0, L_0x5d527c6ba2e0;  1 drivers
L_0x767bb46cf9b0 .functor BUFT 1, C4<000000000000000000000000000>, C4<0>, C4<0>, C4<0>;
v0x5d527c680d20_0 .net *"_ivl_403", 26 0, L_0x767bb46cf9b0;  1 drivers
L_0x767bb46cf9f8 .functor BUFT 1, C4<00000000000000000000000000000000>, C4<0>, C4<0>, C4<0>;
v0x5d527c680e00_0 .net/2u *"_ivl_404", 31 0, L_0x767bb46cf9f8;  1 drivers
v0x5d527c6886c0_0 .net *"_ivl_406", 0 0, L_0x5d527c6ba3d0;  1 drivers
v0x5d527c688760_0 .net *"_ivl_409", 0 0, L_0x5d527c6ba810;  1 drivers
v0x5d527c688800_0 .net *"_ivl_410", 0 0, L_0x5d527c6ba920;  1 drivers
v0x5d527c6888a0_0 .net *"_ivl_413", 0 0, L_0x5d527c6ba9c0;  1 drivers
L_0x767bb46cfa40 .functor BUFT 1, C4<01>, C4<0>, C4<0>, C4<0>;
v0x5d527c688960_0 .net/2u *"_ivl_414", 1 0, L_0x767bb46cfa40;  1 drivers
L_0x767bb46cfa88 .functor BUFT 1, C4<00>, C4<0>, C4<0>, C4<0>;
v0x5d527c688a40_0 .net/2u *"_ivl_416", 1 0, L_0x767bb46cfa88;  1 drivers
v0x5d527c688b20_0 .net *"_ivl_418", 1 0, L_0x5d527c6bacb0;  1 drivers
v0x5d527c688c00_0 .net *"_ivl_42", 0 0, L_0x5d527c6ac0c0;  1 drivers
L_0x767bb46cfad0 .functor BUFT 1, C4<10>, C4<0>, C4<0>, C4<0>;
v0x5d527c688cc0_0 .net/2u *"_ivl_422", 1 0, L_0x767bb46cfad0;  1 drivers
v0x5d527c688da0_0 .net *"_ivl_424", 0 0, L_0x5d527c6bb2e0;  1 drivers
L_0x767bb46cfb18 .functor BUFT 1, C4<01>, C4<0>, C4<0>, C4<0>;
v0x5d527c688e60_0 .net/2u *"_ivl_426", 1 0, L_0x767bb46cfb18;  1 drivers
v0x5d527c688f40_0 .net *"_ivl_428", 0 0, L_0x5d527c6bb740;  1 drivers
v0x5d527c689000_0 .net *"_ivl_430", 31 0, L_0x5d527c6bb830;  1 drivers
L_0x767bb46cfb60 .functor BUFT 1, C4<10>, C4<0>, C4<0>, C4<0>;
v0x5d527c6890e0_0 .net/2u *"_ivl_434", 1 0, L_0x767bb46cfb60;  1 drivers
v0x5d527c6891c0_0 .net *"_ivl_436", 0 0, L_0x5d527c6bbd40;  1 drivers
L_0x767bb46cfba8 .functor BUFT 1, C4<01>, C4<0>, C4<0>, C4<0>;
v0x5d527c689280_0 .net/2u *"_ivl_438", 1 0, L_0x767bb46cfba8;  1 drivers
v0x5d527c689360_0 .net *"_ivl_440", 0 0, L_0x5d527c6bc170;  1 drivers
v0x5d527c689420_0 .net *"_ivl_442", 31 0, L_0x5d527c6bc260;  1 drivers
v0x5d527c689500_0 .net *"_ivl_449", 0 0, L_0x5d527c6bcbe0;  1 drivers
v0x5d527c6895c0_0 .net *"_ivl_45", 15 0, L_0x5d527c6ac2a0;  1 drivers
v0x5d527c6896a0_0 .net *"_ivl_451", 0 0, L_0x5d527c6bcc80;  1 drivers
L_0x767bb46cfbf0 .functor BUFT 1, C4<10>, C4<0>, C4<0>, C4<0>;
v0x5d527c689760_0 .net/2u *"_ivl_452", 1 0, L_0x767bb46cfbf0;  1 drivers
v0x5d527c689840_0 .net *"_ivl_454", 0 0, L_0x5d527c6bcd80;  1 drivers
L_0x767bb46cfc38 .functor BUFT 1, C4<11>, C4<0>, C4<0>, C4<0>;
v0x5d527c689900_0 .net/2u *"_ivl_456", 1 0, L_0x767bb46cfc38;  1 drivers
v0x5d527c6899e0_0 .net *"_ivl_458", 0 0, L_0x5d527c6bd230;  1 drivers
L_0x767bb46cec78 .functor BUFT 1, C4<0000000000000000>, C4<0>, C4<0>, C4<0>;
v0x5d527c689aa0_0 .net/2u *"_ivl_46", 15 0, L_0x767bb46cec78;  1 drivers
v0x5d527c689b80_0 .net *"_ivl_461", 0 0, L_0x5d527c6bd320;  1 drivers
v0x5d527c689c40_0 .net *"_ivl_465", 0 0, L_0x5d527c6be890;  1 drivers
v0x5d527c689d00_0 .net *"_ivl_467", 0 0, L_0x5d527c6beb00;  1 drivers
v0x5d527c689dc0_0 .net *"_ivl_468", 31 0, L_0x5d527c6bf030;  1 drivers
v0x5d527c689ea0_0 .net *"_ivl_470", 29 0, L_0x5d527c6bebc0;  1 drivers
L_0x767bb46cfec0 .functor BUFT 1, C4<00>, C4<0>, C4<0>, C4<0>;
v0x5d527c689f80_0 .net *"_ivl_472", 1 0, L_0x767bb46cfec0;  1 drivers
L_0x767bb46cff08 .functor BUFT 1, C4<00000000000000000100000000000000>, C4<0>, C4<0>, C4<0>;
v0x5d527c68a060_0 .net/2u *"_ivl_474", 31 0, L_0x767bb46cff08;  1 drivers
v0x5d527c68a140_0 .net *"_ivl_48", 31 0, L_0x5d527c6ac3a0;  1 drivers
L_0x767bb46cecc0 .functor BUFT 1, C4<10>, C4<0>, C4<0>, C4<0>;
v0x5d527c68a220_0 .net/2u *"_ivl_50", 1 0, L_0x767bb46cecc0;  1 drivers
v0x5d527c68a300_0 .net *"_ivl_52", 0 0, L_0x5d527c6ac5b0;  1 drivers
v0x5d527c68a3c0_0 .net *"_ivl_54", 31 0, L_0x5d527c6ac510;  1 drivers
v0x5d527c68a4a0_0 .net *"_ivl_56", 29 0, L_0x5d527c6ac6f0;  1 drivers
L_0x767bb46ced08 .functor BUFT 1, C4<00>, C4<0>, C4<0>, C4<0>;
v0x5d527c68a580_0 .net *"_ivl_58", 1 0, L_0x767bb46ced08;  1 drivers
v0x5d527c68a660_0 .net *"_ivl_6", 0 0, L_0x5d527c6a0680;  1 drivers
L_0x767bb46ced50 .functor BUFT 1, C4<00000000000000000000000000000100>, C4<0>, C4<0>, C4<0>;
v0x5d527c68a720_0 .net/2u *"_ivl_60", 31 0, L_0x767bb46ced50;  1 drivers
v0x5d527c68a800_0 .net *"_ivl_62", 31 0, L_0x5d527c6ac940;  1 drivers
L_0x767bb46ced98 .functor BUFT 1, C4<01>, C4<0>, C4<0>, C4<0>;
v0x5d527c68a8e0_0 .net/2u *"_ivl_64", 1 0, L_0x767bb46ced98;  1 drivers
v0x5d527c68a9c0_0 .net *"_ivl_66", 0 0, L_0x5d527c6acbb0;  1 drivers
v0x5d527c68aa80_0 .net *"_ivl_68", 31 0, L_0x5d527c6acca0;  1 drivers
v0x5d527c68ab60_0 .net *"_ivl_70", 31 0, L_0x5d527c6aceb0;  1 drivers
v0x5d527c68ac40_0 .net *"_ivl_75", 0 0, L_0x5d527c6ac9e0;  1 drivers
v0x5d527c68ad00_0 .net *"_ivl_76", 31 0, L_0x5d527c6ad2b0;  1 drivers
L_0x767bb46cede0 .functor BUFT 1, C4<000000000000000000000000000>, C4<0>, C4<0>, C4<0>;
v0x5d527c68ade0_0 .net *"_ivl_79", 26 0, L_0x767bb46cede0;  1 drivers
L_0x767bb46ce0f0 .functor BUFT 1, C4<00000000000000000000000000000000>, C4<0>, C4<0>, C4<0>;
v0x5d527c68aec0_0 .net/2u *"_ivl_8", 31 0, L_0x767bb46ce0f0;  1 drivers
L_0x767bb46cee28 .functor BUFT 1, C4<00000000000000000000000000000000>, C4<0>, C4<0>, C4<0>;
v0x5d527c68afa0_0 .net/2u *"_ivl_80", 31 0, L_0x767bb46cee28;  1 drivers
v0x5d527c68b080_0 .net *"_ivl_82", 0 0, L_0x5d527c6ad3d0;  1 drivers
v0x5d527c68b140_0 .net *"_ivl_85", 0 0, L_0x5d527c6ad630;  1 drivers
v0x5d527c68b200_0 .net *"_ivl_86", 0 0, L_0x5d527c6ad740;  1 drivers
v0x5d527c68b2c0_0 .net *"_ivl_89", 0 0, L_0x5d527c6ad830;  1 drivers
v0x5d527c68b380_0 .net *"_ivl_91", 0 0, L_0x5d527c6ad970;  1 drivers
v0x5d527c68b440_0 .net *"_ivl_92", 31 0, L_0x5d527c6ada80;  1 drivers
L_0x767bb46cee70 .functor BUFT 1, C4<000000000000000000000000000>, C4<0>, C4<0>, C4<0>;
v0x5d527c68b520_0 .net *"_ivl_95", 26 0, L_0x767bb46cee70;  1 drivers
L_0x767bb46ceeb8 .functor BUFT 1, C4<00000000000000000000000000000000>, C4<0>, C4<0>, C4<0>;
v0x5d527c68b600_0 .net/2u *"_ivl_96", 31 0, L_0x767bb46ceeb8;  1 drivers
v0x5d527c68b6e0_0 .net *"_ivl_98", 0 0, L_0x5d527c6adc70;  1 drivers
v0x5d527c68b7a0_0 .net "addr", 25 0, L_0x5d527c6a11c0;  1 drivers
v0x5d527c68b880_0 .var "alu_active", 0 0;
v0x5d527c68b940_0 .net "alu_ready", 0 0, L_0x5d527c6be700;  1 drivers
v0x5d527c68b9e0_0 .net "alu_result", 31 0, v0x5d527c66dbe0_0;  1 drivers
v0x5d527c68bab0_0 .net "alu_start_pulse", 0 0, L_0x5d527c6bd620;  1 drivers
v0x5d527c68bb80_0 .net "alu_zero", 0 0, L_0x5d527c6be1c0;  1 drivers
v0x5d527c68bc50_0 .net "branch_target", 31 0, L_0x5d527c6b68c0;  1 drivers
v0x5d527c68bcf0_0 .net "f_d_pc_plus_4", 31 0, L_0x5d527c6b6280;  1 drivers
v0x5d527c68bdb0_0 .net "funct", 5 0, L_0x5d527c6a1020;  1 drivers
v0x5d527c68bea0_0 .net "fw_rs_D", 31 0, L_0x5d527c6ae2b0;  1 drivers
v0x5d527c68bf60_0 .net "fw_rs_E", 1 0, L_0x5d527c6b9270;  1 drivers
v0x5d527c68c040_0 .net "fw_rt_D", 31 0, L_0x5d527c6af500;  1 drivers
v0x5d527c68c120_0 .net "fw_rt_E", 1 0, L_0x5d527c6bb150;  1 drivers
v0x5d527c68c200_0 .net "imm", 15 0, L_0x5d527c6a1120;  1 drivers
v0x5d527c68c2e0_0 .net "jump_target", 31 0, L_0x5d527c6b6d10;  1 drivers
v0x5d527c68c3c0_0 .net "opcode", 5 0, L_0x5d527c6a0bd0;  1 drivers
v0x5d527c68c4b0_0 .net "rd", 4 0, L_0x5d527c6a0f80;  1 drivers
v0x5d527c68c570_0 .net "rf_read_data1", 31 0, L_0x5d527c6a1bb0;  1 drivers
v0x5d527c68c660_0 .net "rf_read_data2", 31 0, L_0x5d527c6a2400;  1 drivers
v0x5d527c68c730_0 .net "rs", 4 0, L_0x5d527c6a0d00;  1 drivers
v0x5d527c68c800_0 .net "rt", 4 0, L_0x5d527c6a0e40;  1 drivers
v0x5d527c68c8d0_0 .net "sign_ext_imm", 31 0, L_0x5d527c6a14e0;  1 drivers
L_0x5d527c6a05e0 .arith/sum 32, v0x5d527c67e280_0, L_0x767bb46ce060;
L_0x5d527c6a0680 .cmp/eeq 32, v0x5d527c67e280_0, L_0x767bb46ce0a8;
L_0x5d527c6a07c0 .part v0x5d527c67e280_0, 2, 30;
L_0x5d527c6a08b0 .concat [ 30 2 0 0], L_0x5d527c6a07c0, L_0x767bb46ce138;
L_0x5d527c6a09f0 .functor MUXZ 32, L_0x5d527c6a08b0, L_0x767bb46ce0f0, L_0x5d527c6a0680, C4<>;
L_0x5d527c6a0bd0 .part v0x5d527c67d040_0, 26, 6;
L_0x5d527c6a0d00 .part v0x5d527c67d040_0, 21, 5;
L_0x5d527c6a0e40 .part v0x5d527c67d040_0, 16, 5;
L_0x5d527c6a0f80 .part v0x5d527c67d040_0, 11, 5;
L_0x5d527c6a1020 .part v0x5d527c67d040_0, 0, 6;
L_0x5d527c6a1120 .part v0x5d527c67d040_0, 0, 16;
L_0x5d527c6a11c0 .part v0x5d527c67d040_0, 0, 26;
L_0x5d527c6a12d0 .part L_0x5d527c6a1120, 15, 1;
L_0x5d527c6a1370 .repeat 16, 16, L_0x5d527c6a12d0;
L_0x5d527c6a14e0 .concat [ 16 16 0 0], L_0x5d527c6a1120, L_0x5d527c6a1370;
L_0x5d527c6ac0c0 .cmp/eq 2, v0x5d527c67c800_0, L_0x767bb46cec30;
L_0x5d527c6ac2a0 .part v0x5d527c67c5a0_0, 0, 16;
L_0x5d527c6ac3a0 .concat [ 16 16 0 0], L_0x767bb46cec78, L_0x5d527c6ac2a0;
L_0x5d527c6ac5b0 .cmp/eq 2, v0x5d527c67c800_0, L_0x767bb46cecc0;
L_0x5d527c6ac6f0 .part v0x5d527c67c8e0_0, 0, 30;
L_0x5d527c6ac510 .concat [ 2 30 0 0], L_0x767bb46ced08, L_0x5d527c6ac6f0;
L_0x5d527c6ac940 .arith/sum 32, L_0x5d527c6ac510, L_0x767bb46ced50;
L_0x5d527c6acbb0 .cmp/eq 2, v0x5d527c67c800_0, L_0x767bb46ced98;
L_0x5d527c6acca0 .functor MUXZ 32, v0x5d527c67c4c0_0, v0x5d527c68fcd0_0, L_0x5d527c6acbb0, C4<>;
L_0x5d527c6aceb0 .functor MUXZ 32, L_0x5d527c6acca0, L_0x5d527c6ac940, L_0x5d527c6ac5b0, C4<>;
L_0x5d527c6ad040 .functor MUXZ 32, L_0x5d527c6aceb0, L_0x5d527c6ac3a0, L_0x5d527c6ac0c0, C4<>;
L_0x5d527c6ad2b0 .concat [ 5 27 0 0], v0x5d527c67cc20_0, L_0x767bb46cede0;
L_0x5d527c6ad3d0 .cmp/ne 32, L_0x5d527c6ad2b0, L_0x767bb46cee28;
L_0x5d527c6ad740 .cmp/eq 5, v0x5d527c67cc20_0, L_0x5d527c6a0d00;
L_0x5d527c6ada80 .concat [ 5 27 0 0], v0x5d527c67ddc0_0, L_0x767bb46cee70;
L_0x5d527c6adc70 .cmp/ne 32, L_0x5d527c6ada80, L_0x767bb46ceeb8;
L_0x5d527c6adf00 .cmp/eq 5, v0x5d527c67ddc0_0, L_0x5d527c6a0d00;
L_0x5d527c6ae1c0 .functor MUXZ 32, L_0x5d527c6a1bb0, v0x5d527c67d9b0_0, L_0x5d527c6ae0b0, C4<>;
L_0x5d527c6ae2b0 .functor MUXZ 32, L_0x5d527c6ae1c0, L_0x5d527c6ad040, L_0x5d527c6ad830, C4<>;
L_0x5d527c6ae6c0 .concat [ 5 27 0 0], v0x5d527c67cc20_0, L_0x767bb46cef00;
L_0x5d527c6ae7b0 .cmp/ne 32, L_0x5d527c6ae6c0, L_0x767bb46cef48;
L_0x5d527c6aeb30 .cmp/eq 5, v0x5d527c67cc20_0, L_0x5d527c6a0e40;
L_0x5d527c6aed60 .concat [ 5 27 0 0], v0x5d527c67ddc0_0, L_0x767bb46cef90;
L_0x5d527c6ae8f0 .cmp/ne 32, L_0x5d527c6aed60, L_0x767bb46cefd8;
L_0x5d527c6af110 .cmp/eq 5, v0x5d527c67ddc0_0, L_0x5d527c6a0e40;
L_0x5d527c6af410 .functor MUXZ 32, L_0x5d527c6a2400, v0x5d527c67d9b0_0, L_0x5d527c6af300, C4<>;
L_0x5d527c6af500 .functor MUXZ 32, L_0x5d527c6af410, L_0x5d527c6ad040, L_0x5d527c6aebd0, C4<>;
L_0x5d527c6af7a0 .cmp/eq 6, L_0x5d527c6a0bd0, L_0x767bb46cf020;
L_0x5d527c6af890 .cmp/eq 6, L_0x5d527c6a0bd0, L_0x767bb46cf068;
L_0x5d527c6afbb0 .cmp/eq 6, L_0x5d527c6a0bd0, L_0x767bb46cf0b0;
L_0x5d527c6afd40 .cmp/eq 6, L_0x5d527c6a0bd0, L_0x767bb46cf0f8;
L_0x5d527c6b0150 .cmp/eq 6, L_0x5d527c6a0bd0, L_0x767bb46cf140;
L_0x5d527c6b0350 .cmp/eq 6, L_0x5d527c6a0bd0, L_0x767bb46cf188;
L_0x5d527c6b0780 .cmp/eq 6, L_0x5d527c6a0bd0, L_0x767bb46cf1d0;
L_0x5d527c6b0c80 .cmp/eq 6, L_0x5d527c6a0bd0, L_0x767bb46cf218;
L_0x5d527c6b0fd0 .cmp/eq 6, L_0x5d527c6a0bd0, L_0x767bb46cf260;
L_0x5d527c6b06e0 .cmp/eq 6, L_0x5d527c6a0bd0, L_0x767bb46cf2a8;
L_0x5d527c6b1480 .cmp/eq 6, L_0x5d527c6a0bd0, L_0x767bb46cf2f0;
L_0x5d527c6b1570 .cmp/eq 6, L_0x5d527c6a1020, L_0x767bb46cf338;
L_0x5d527c6b1b00 .cmp/eq 6, L_0x5d527c6a0bd0, L_0x767bb46cf380;
L_0x5d527c6b1bf0 .cmp/eq 2, v0x5d527c67b0e0_0, L_0x767bb46cf3c8;
L_0x5d527c6b1eb0 .cmp/eq 2, v0x5d527c67b0e0_0, L_0x767bb46cf458;
L_0x5d527c6b1ff0 .functor MUXZ 5, v0x5d527c67b000_0, v0x5d527c67b440_0, L_0x5d527c6b1eb0, C4<>;
L_0x5d527c6b22c0 .functor MUXZ 5, L_0x5d527c6b1ff0, L_0x767bb46cf410, L_0x5d527c6b1bf0, C4<>;
L_0x5d527c6b2650 .concat [ 5 27 0 0], L_0x5d527c6b22c0, L_0x767bb46cf4a0;
L_0x5d527c6b29b0 .cmp/ne 32, L_0x5d527c6b2650, L_0x767bb46cf4e8;
L_0x5d527c6b2c30 .cmp/eq 5, L_0x5d527c6b22c0, L_0x5d527c6a0d00;
L_0x5d527c6b3050 .cmp/eq 5, L_0x5d527c6b22c0, L_0x5d527c6a0e40;
L_0x5d527c6b3790 .concat [ 5 27 0 0], L_0x5d527c6b22c0, L_0x767bb46cf530;
L_0x5d527c6b3a90 .cmp/ne 32, L_0x5d527c6b3790, L_0x767bb46cf578;
L_0x5d527c6b3df0 .cmp/eq 5, L_0x5d527c6b22c0, L_0x5d527c6a0d00;
L_0x5d527c6b41c0 .cmp/eq 5, L_0x5d527c6b22c0, L_0x5d527c6a0e40;
L_0x5d527c6b47e0 .reduce/nor L_0x5d527c6be700;
L_0x5d527c6b5020 .cmp/eq 32, L_0x5d527c6ae2b0, L_0x5d527c6af500;
L_0x5d527c6b5500 .reduce/nor L_0x5d527c6b46b0;
L_0x5d527c6b5e50 .part v0x5d527c67d120_0, 0, 30;
L_0x5d527c6b5ef0 .concat [ 2 30 0 0], L_0x767bb46cf5c0, L_0x5d527c6b5e50;
L_0x5d527c6b6280 .arith/sum 32, L_0x5d527c6b5ef0, L_0x767bb46cf608;
L_0x5d527c6b6430 .part L_0x5d527c6a14e0, 0, 30;
L_0x5d527c6b6780 .concat [ 2 30 0 0], L_0x767bb46cf650, L_0x5d527c6b6430;
L_0x5d527c6b68c0 .arith/sum 32, L_0x5d527c6b6280, L_0x5d527c6b6780;
L_0x5d527c6b6c70 .part L_0x5d527c6b6280, 28, 4;
L_0x5d527c6b6d10 .concat [ 2 26 4 0], L_0x767bb46cf698, L_0x5d527c6a11c0, L_0x5d527c6b6c70;
L_0x5d527c6b7120 .functor MUXZ 32, L_0x5d527c6a05e0, L_0x5d527c6b6d10, L_0x5d527c6b5270, C4<>;
L_0x5d527c6b7260 .functor MUXZ 32, L_0x5d527c6b7120, L_0x5d527c6b68c0, L_0x5d527c6b5160, C4<>;
L_0x5d527c6b7630 .functor MUXZ 32, L_0x5d527c6b7260, L_0x5d527c6ae2b0, L_0x5d527c6b5440, C4<>;
L_0x5d527c6b7720 .concat [ 5 27 0 0], v0x5d527c67cc20_0, L_0x767bb46cf6e0;
L_0x5d527c6b7ab0 .cmp/ne 32, L_0x5d527c6b7720, L_0x767bb46cf728;
L_0x5d527c6b7e90 .cmp/eq 5, v0x5d527c67cc20_0, v0x5d527c67b280_0;
L_0x5d527c6b8500 .concat [ 5 27 0 0], v0x5d527c67ddc0_0, L_0x767bb46cf7b8;
L_0x5d527c6b85a0 .cmp/ne 32, L_0x5d527c6b8500, L_0x767bb46cf800;
L_0x5d527c6b8a60 .cmp/eq 5, v0x5d527c67ddc0_0, v0x5d527c67b280_0;
L_0x5d527c6b8e10 .functor MUXZ 2, L_0x767bb46cf890, L_0x767bb46cf848, L_0x5d527c6b8b50, C4<>;
L_0x5d527c6b9270 .functor MUXZ 2, L_0x5d527c6b8e10, L_0x767bb46cf770, L_0x5d527c6b81e0, C4<>;
L_0x5d527c6b9470 .concat [ 5 27 0 0], v0x5d527c67cc20_0, L_0x767bb46cf8d8;
L_0x5d527c6b97f0 .cmp/ne 32, L_0x5d527c6b9470, L_0x767bb46cf920;
L_0x5d527c6b9bb0 .cmp/eq 5, v0x5d527c67cc20_0, v0x5d527c67b440_0;
L_0x5d527c6ba2e0 .concat [ 5 27 0 0], v0x5d527c67ddc0_0, L_0x767bb46cf9b0;
L_0x5d527c6ba3d0 .cmp/ne 32, L_0x5d527c6ba2e0, L_0x767bb46cf9f8;
L_0x5d527c6ba920 .cmp/eq 5, v0x5d527c67ddc0_0, v0x5d527c67b440_0;
L_0x5d527c6bacb0 .functor MUXZ 2, L_0x767bb46cfa88, L_0x767bb46cfa40, L_0x5d527c6ba9c0, C4<>;
L_0x5d527c6bb150 .functor MUXZ 2, L_0x5d527c6bacb0, L_0x767bb46cf968, L_0x5d527c6b9f90, C4<>;
L_0x5d527c6bb2e0 .cmp/eq 2, L_0x5d527c6b9270, L_0x767bb46cfad0;
L_0x5d527c6bb740 .cmp/eq 2, L_0x5d527c6b9270, L_0x767bb46cfb18;
L_0x5d527c6bb830 .functor MUXZ 32, v0x5d527c67b360_0, v0x5d527c67d9b0_0, L_0x5d527c6bb740, C4<>;
L_0x5d527c6bbc50 .functor MUXZ 32, L_0x5d527c6bb830, L_0x5d527c6ad040, L_0x5d527c6bb2e0, C4<>;
L_0x5d527c6bbd40 .cmp/eq 2, L_0x5d527c6bb150, L_0x767bb46cfb60;
L_0x5d527c6bc170 .cmp/eq 2, L_0x5d527c6bb150, L_0x767bb46cfba8;
L_0x5d527c6bc260 .functor MUXZ 32, v0x5d527c67b520_0, v0x5d527c67d9b0_0, L_0x5d527c6bc170, C4<>;
L_0x5d527c6bc6a0 .functor MUXZ 32, L_0x5d527c6bc260, L_0x5d527c6ad040, L_0x5d527c6bbd40, C4<>;
L_0x5d527c6bc7e0 .functor MUXZ 32, L_0x5d527c6bc6a0, v0x5d527c67a930_0, v0x5d527c67a890_0, C4<>;
L_0x5d527c6bcbe0 .reduce/nor v0x5d527c68b880_0;
L_0x5d527c6bcd80 .cmp/eq 2, v0x5d527c67a7a0_0, L_0x767bb46cfbf0;
L_0x5d527c6bd230 .cmp/eq 2, v0x5d527c67a7a0_0, L_0x767bb46cfc38;
L_0x5d527c6bebc0 .part v0x5d527c67c4c0_0, 2, 30;
L_0x5d527c6bf030 .concat [ 30 2 0 0], L_0x5d527c6bebc0, L_0x767bb46cfec0;
L_0x5d527c6bf170 .functor MUXZ 32, L_0x767bb46cff08, L_0x5d527c6bf030, L_0x5d527c6beb00, C4<>;
S_0x5d527c66bae0 .scope module, "alu_inst" "ALU" 4 453, 4 1 0, S_0x5d527c66b1b0;
 .timescale 0 0;
    .port_info 0 /INPUT 1 "clk";
    .port_info 1 /INPUT 1 "rst";
    .port_info 2 /INPUT 2 "ALUOp";
    .port_info 3 /INPUT 1 "alu_start_pulse";
    .port_info 4 /INPUT 32 "Reg1";
    .port_info 5 /INPUT 32 "Reg2";
    .port_info 6 /OUTPUT 32 "Result";
    .port_info 7 /OUTPUT 1 "zero";
    .port_info 8 /OUTPUT 1 "ready";
L_0x5d527c6bd8b0 .functor AND 1, L_0x5d527c6bd780, L_0x5d527c6bd620, C4<1>, C4<1>;
L_0x5d527c6bdab0 .functor AND 1, L_0x5d527c6bd9c0, L_0x5d527c6bd620, C4<1>, C4<1>;
v0x5d527c66d930_0 .net "ALUOp", 1 0, v0x5d527c67a7a0_0;  1 drivers
v0x5d527c66da30_0 .net "Reg1", 31 0, L_0x5d527c6bbc50;  alias, 1 drivers
v0x5d527c66daf0_0 .net "Reg2", 31 0, L_0x5d527c6bc7e0;  alias, 1 drivers
v0x5d527c66dbe0_0 .var "Result", 31 0;
L_0x767bb46cfc80 .functor BUFT 1, C4<10>, C4<0>, C4<0>, C4<0>;
v0x5d527c66dcc0_0 .net/2u *"_ivl_0", 1 0, L_0x767bb46cfc80;  1 drivers
L_0x767bb46cfd10 .functor BUFT 1, C4<00000000000000000000000000000000>, C4<0>, C4<0>, C4<0>;
v0x5d527c66ddf0_0 .net/2u *"_ivl_12", 31 0, L_0x767bb46cfd10;  1 drivers
v0x5d527c66ded0_0 .net *"_ivl_14", 0 0, L_0x5d527c6be080;  1 drivers
L_0x767bb46cfd58 .functor BUFT 1, C4<1>, C4<0>, C4<0>, C4<0>;
v0x5d527c66df90_0 .net/2u *"_ivl_16", 0 0, L_0x767bb46cfd58;  1 drivers
L_0x767bb46cfda0 .functor BUFT 1, C4<0>, C4<0>, C4<0>, C4<0>;
v0x5d527c66e070_0 .net/2u *"_ivl_18", 0 0, L_0x767bb46cfda0;  1 drivers
v0x5d527c66e1e0_0 .net *"_ivl_2", 0 0, L_0x5d527c6bd780;  1 drivers
L_0x767bb46cfde8 .functor BUFT 1, C4<10>, C4<0>, C4<0>, C4<0>;
v0x5d527c66e2a0_0 .net/2u *"_ivl_22", 1 0, L_0x767bb46cfde8;  1 drivers
v0x5d527c66e380_0 .net *"_ivl_24", 0 0, L_0x5d527c6be3a0;  1 drivers
L_0x767bb46cfe30 .functor BUFT 1, C4<11>, C4<0>, C4<0>, C4<0>;
v0x5d527c66e440_0 .net/2u *"_ivl_26", 1 0, L_0x767bb46cfe30;  1 drivers
v0x5d527c66e520_0 .net *"_ivl_28", 0 0, L_0x5d527c6be490;  1 drivers
L_0x767bb46cfe78 .functor BUFT 1, C4<1>, C4<0>, C4<0>, C4<0>;
v0x5d527c66e5e0_0 .net/2u *"_ivl_30", 0 0, L_0x767bb46cfe78;  1 drivers
v0x5d527c66e6c0_0 .net *"_ivl_32", 0 0, L_0x5d527c6be5c0;  1 drivers
L_0x767bb46cfcc8 .functor BUFT 1, C4<11>, C4<0>, C4<0>, C4<0>;
v0x5d527c66e7a0_0 .net/2u *"_ivl_6", 1 0, L_0x767bb46cfcc8;  1 drivers
v0x5d527c66e880_0 .net *"_ivl_8", 0 0, L_0x5d527c6bd9c0;  1 drivers
v0x5d527c66e940_0 .net "alu_start_pulse", 0 0, L_0x5d527c6bd620;  alias, 1 drivers
v0x5d527c66ea00_0 .net "clk", 0 0, v0x5d527c68e480_0;  alias, 1 drivers
v0x5d527c66eaa0_0 .net "div_ready", 0 0, L_0x5d527c6bdf20;  1 drivers
v0x5d527c66eb40_0 .net "div_res", 31 0, v0x5d527c66c1a0_0;  1 drivers
v0x5d527c66ebe0_0 .net "mul_ready", 0 0, L_0x5d527c6bdd30;  1 drivers
v0x5d527c66ec80_0 .net "mul_res", 31 0, v0x5d527c66cf90_0;  1 drivers
v0x5d527c66ed50_0 .net "ready", 0 0, L_0x5d527c6be700;  alias, 1 drivers
v0x5d527c66edf0_0 .net "rst", 0 0, v0x5d527c690210_0;  alias, 1 drivers
v0x5d527c66ee90_0 .net "start_div", 0 0, L_0x5d527c6bdab0;  1 drivers
v0x5d527c66ef60_0 .net "start_mul", 0 0, L_0x5d527c6bd8b0;  1 drivers
v0x5d527c66f030_0 .net "zero", 0 0, L_0x5d527c6be1c0;  alias, 1 drivers
E_0x5d527c4efe90/0 .event anyedge, v0x5d527c66d930_0, v0x5d527c66bfc0_0, v0x5d527c66c0c0_0, v0x5d527c66cf90_0;
E_0x5d527c4efe90/1 .event anyedge, v0x5d527c66c1a0_0;
E_0x5d527c4efe90 .event/or E_0x5d527c4efe90/0, E_0x5d527c4efe90/1;
L_0x5d527c6bd780 .cmp/eq 2, v0x5d527c67a7a0_0, L_0x767bb46cfc80;
L_0x5d527c6bd9c0 .cmp/eq 2, v0x5d527c67a7a0_0, L_0x767bb46cfcc8;
L_0x5d527c6be080 .cmp/eq 32, v0x5d527c66dbe0_0, L_0x767bb46cfd10;
L_0x5d527c6be1c0 .functor MUXZ 1, L_0x767bb46cfda0, L_0x767bb46cfd58, L_0x5d527c6be080, C4<>;
L_0x5d527c6be3a0 .cmp/eq 2, v0x5d527c67a7a0_0, L_0x767bb46cfde8;
L_0x5d527c6be490 .cmp/eq 2, v0x5d527c67a7a0_0, L_0x767bb46cfe30;
L_0x5d527c6be5c0 .functor MUXZ 1, L_0x767bb46cfe78, L_0x5d527c6bdf20, L_0x5d527c6be490, C4<>;
L_0x5d527c6be700 .functor MUXZ 1, L_0x5d527c6be5c0, L_0x5d527c6bdd30, L_0x5d527c6be3a0, C4<>;
S_0x5d527c66bd80 .scope module, "div" "DIV" 4 18, 4 67 0, S_0x5d527c66bae0;
 .timescale 0 0;
    .port_info 0 /INPUT 1 "clk";
    .port_info 1 /INPUT 1 "start";
    .port_info 2 /INPUT 32 "Reg1";
    .port_info 3 /INPUT 32 "Reg2";
    .port_info 4 /OUTPUT 32 "Result";
    .port_info 5 /OUTPUT 1 "ready";
L_0x5d527c6bde40 .functor NOT 1, v0x5d527c66c550_0, C4<0>, C4<0>, C4<0>;
L_0x5d527c6bdeb0 .functor NOT 1, L_0x5d527c6bdab0, C4<0>, C4<0>, C4<0>;
L_0x5d527c6bdf20 .functor AND 1, L_0x5d527c6bde40, L_0x5d527c6bdeb0, C4<1>, C4<1>;
v0x5d527c66bfc0_0 .net "Reg1", 31 0, L_0x5d527c6bbc50;  alias, 1 drivers
v0x5d527c66c0c0_0 .net "Reg2", 31 0, L_0x5d527c6bc7e0;  alias, 1 drivers
v0x5d527c66c1a0_0 .var "Result", 31 0;
v0x5d527c66c260_0 .net *"_ivl_0", 0 0, L_0x5d527c6bde40;  1 drivers
v0x5d527c66c340_0 .net *"_ivl_2", 0 0, L_0x5d527c6bdeb0;  1 drivers
v0x5d527c66c470_0 .var "b", 31 0;
v0x5d527c66c550_0 .var "busy", 0 0;
v0x5d527c66c610_0 .net "clk", 0 0, v0x5d527c68e480_0;  alias, 1 drivers
v0x5d527c66c6d0_0 .var "count", 5 0;
v0x5d527c66c7b0_0 .var "q", 31 0;
v0x5d527c66c890_0 .var "r", 31 0;
v0x5d527c66c970_0 .net "ready", 0 0, L_0x5d527c6bdf20;  alias, 1 drivers
v0x5d527c66ca30_0 .net "start", 0 0, L_0x5d527c6bdab0;  alias, 1 drivers
E_0x5d527c4eea30 .event posedge, v0x5d527c66c610_0;
S_0x5d527c66cbb0 .scope module, "mul" "MUL" 4 17, 4 35 0, S_0x5d527c66bae0;
 .timescale 0 0;
    .port_info 0 /INPUT 1 "clk";
    .port_info 1 /INPUT 1 "start";
    .port_info 2 /INPUT 32 "Reg1";
    .port_info 3 /INPUT 32 "Reg2";
    .port_info 4 /OUTPUT 32 "Result";
    .port_info 5 /OUTPUT 1 "ready";
L_0x5d527c6bdc50 .functor NOT 1, v0x5d527c66d400_0, C4<0>, C4<0>, C4<0>;
L_0x5d527c6bdcc0 .functor NOT 1, L_0x5d527c6bd8b0, C4<0>, C4<0>, C4<0>;
L_0x5d527c6bdd30 .functor AND 1, L_0x5d527c6bdc50, L_0x5d527c6bdcc0, C4<1>, C4<1>;
v0x5d527c66ce30_0 .net "Reg1", 31 0, L_0x5d527c6bbc50;  alias, 1 drivers
v0x5d527c66cef0_0 .net "Reg2", 31 0, L_0x5d527c6bc7e0;  alias, 1 drivers
v0x5d527c66cf90_0 .var "Result", 31 0;
v0x5d527c66d030_0 .net *"_ivl_0", 0 0, L_0x5d527c6bdc50;  1 drivers
v0x5d527c66d110_0 .net *"_ivl_2", 0 0, L_0x5d527c6bdcc0;  1 drivers
v0x5d527c66d240_0 .var "a", 31 0;
v0x5d527c66d320_0 .var "b", 31 0;
v0x5d527c66d400_0 .var "busy", 0 0;
v0x5d527c66d4c0_0 .net "clk", 0 0, v0x5d527c68e480_0;  alias, 1 drivers
v0x5d527c66d5f0_0 .var "count", 5 0;
v0x5d527c66d6b0_0 .net "ready", 0 0, L_0x5d527c6bdd30;  alias, 1 drivers
v0x5d527c66d770_0 .net "start", 0 0, L_0x5d527c6bd8b0;  alias, 1 drivers
S_0x5d527c66f220 .scope module, "control_unit" "CU" 4 292, 4 105 0, S_0x5d527c66b1b0;
 .timescale 0 0;
    .port_info 0 /INPUT 6 "opcode";
    .port_info 1 /INPUT 6 "funct";
    .port_info 2 /OUTPUT 2 "RegDst";
    .port_info 3 /OUTPUT 2 "MemtoReg";
    .port_info 4 /OUTPUT 2 "ALUOp";
    .port_info 5 /OUTPUT 1 "RegWrite";
    .port_info 6 /OUTPUT 1 "ALUSrc";
    .port_info 7 /OUTPUT 1 "MemRead";
    .port_info 8 /OUTPUT 1 "MemWrite";
    .port_info 9 /OUTPUT 1 "Branch";
    .port_info 10 /OUTPUT 1 "Jump";
    .port_info 11 /OUTPUT 1 "Jal";
    .port_info 12 /OUTPUT 1 "Jr";
v0x5d527c66f5a0_0 .var "ALUOp", 1 0;
v0x5d527c66f6a0_0 .var "ALUSrc", 0 0;
v0x5d527c66f760_0 .var "Branch", 0 0;
v0x5d527c66f830_0 .var "Jal", 0 0;
v0x5d527c66f8f0_0 .var "Jr", 0 0;
v0x5d527c66fa00_0 .var "Jump", 0 0;
v0x5d527c66fac0_0 .var "MemRead", 0 0;
v0x5d527c66fb80_0 .var "MemWrite", 0 0;
v0x5d527c66fc40_0 .var "MemtoReg", 1 0;
v0x5d527c66fd20_0 .var "RegDst", 1 0;
v0x5d527c66fe00_0 .var "RegWrite", 0 0;
v0x5d527c66fec0_0 .net "funct", 5 0, L_0x5d527c6a1020;  alias, 1 drivers
v0x5d527c66ffa0_0 .net "opcode", 5 0, L_0x5d527c6a0bd0;  alias, 1 drivers
E_0x5d527c4ef970 .event anyedge, v0x5d527c66ffa0_0, v0x5d527c66fec0_0;
S_0x5d527c670220 .scope module, "register_file" "RF" 4 310, 4 151 0, S_0x5d527c66b1b0;
 .timescale 0 0;
    .port_info 0 /INPUT 1 "Clk";
    .port_info 1 /INPUT 1 "Rst";
    .port_info 2 /INPUT 1 "RegWrite";
    .port_info 3 /INPUT 5 "ReadReg1";
    .port_info 4 /INPUT 5 "ReadReg2";
    .port_info 5 /INPUT 5 "WriteReg";
    .port_info 6 /INPUT 32 "Data";
    .port_info 7 /OUTPUT 32 "ReadData1";
    .port_info 8 /OUTPUT 32 "ReadData2";
    .port_info 9 /OUTPUT 32 "R0";
    .port_info 10 /OUTPUT 32 "R1";
    .port_info 11 /OUTPUT 32 "R2";
    .port_info 12 /OUTPUT 32 "R3";
    .port_info 13 /OUTPUT 32 "R4";
    .port_info 14 /OUTPUT 32 "R5";
    .port_info 15 /OUTPUT 32 "R6";
    .port_info 16 /OUTPUT 32 "R7";
    .port_info 17 /OUTPUT 32 "R8";
    .port_info 18 /OUTPUT 32 "R9";
    .port_info 19 /OUTPUT 32 "R10";
    .port_info 20 /OUTPUT 32 "R11";
    .port_info 21 /OUTPUT 32 "R12";
    .port_info 22 /OUTPUT 32 "R13";
    .port_info 23 /OUTPUT 32 "R14";
    .port_info 24 /OUTPUT 32 "R15";
    .port_info 25 /OUTPUT 32 "R16";
    .port_info 26 /OUTPUT 32 "R17";
    .port_info 27 /OUTPUT 32 "R18";
    .port_info 28 /OUTPUT 32 "R19";
    .port_info 29 /OUTPUT 32 "R20";
    .port_info 30 /OUTPUT 32 "R21";
    .port_info 31 /OUTPUT 32 "R22";
    .port_info 32 /OUTPUT 32 "R23";
    .port_info 33 /OUTPUT 32 "R24";
    .port_info 34 /OUTPUT 32 "R25";
    .port_info 35 /OUTPUT 32 "R26";
    .port_info 36 /OUTPUT 32 "R27";
    .port_info 37 /OUTPUT 32 "R28";
    .port_info 38 /OUTPUT 32 "R29";
    .port_info 39 /OUTPUT 32 "R30";
    .port_info 40 /OUTPUT 32 "R31";
L_0x5d527c6a1260 .functor AND 1, L_0x5d527c6abff0, L_0x5d527c6a16c0, C4<1>, C4<1>;
L_0x5d527c63edd0 .functor AND 1, L_0x5d527c6abff0, L_0x5d527c6a1f00, C4<1>, C4<1>;
L_0x5d527c640cd0 .functor AND 1, L_0x5d527c6abff0, L_0x5d527c6a26e0, C4<1>, C4<1>;
L_0x5d527c6a24a0 .functor AND 1, L_0x5d527c6abff0, L_0x5d527c6a2a10, C4<1>, C4<1>;
L_0x5d527c641920 .functor AND 1, L_0x5d527c6abff0, L_0x5d527c6a2cc0, C4<1>, C4<1>;
L_0x5d527c62e210 .functor AND 1, L_0x5d527c6abff0, L_0x5d527c6a2f90, C4<1>, C4<1>;
L_0x5d527c500820 .functor AND 1, L_0x5d527c6abff0, L_0x5d527c6a2ea0, C4<1>, C4<1>;
L_0x5d527c668400 .functor AND 1, L_0x5d527c6abff0, L_0x5d527c6a3720, C4<1>, C4<1>;
L_0x5d527c6a3c70 .functor AND 1, L_0x5d527c6abff0, L_0x5d527c6a3b80, C4<1>, C4<1>;
L_0x5d527c6a3ff0 .functor AND 1, L_0x5d527c6abff0, L_0x5d527c6a3f00, C4<1>, C4<1>;
L_0x5d527c6a4390 .functor AND 1, L_0x5d527c6abff0, L_0x5d527c6a42a0, C4<1>, C4<1>;
L_0x5d527c6a4730 .functor AND 1, L_0x5d527c6abff0, L_0x5d527c6a4640, C4<1>, C4<1>;
L_0x5d527c6a4b50 .functor AND 1, L_0x5d527c6abff0, L_0x5d527c6a4a60, C4<1>, C4<1>;
L_0x5d527c6a4f10 .functor AND 1, L_0x5d527c6abff0, L_0x5d527c6a4e20, C4<1>, C4<1>;
L_0x5d527c6a47f0 .functor AND 1, L_0x5d527c6abff0, L_0x5d527c6a51f0, C4<1>, C4<1>;
L_0x5d527c6a5ad0 .functor AND 1, L_0x5d527c6abff0, L_0x5d527c6a59b0, C4<1>, C4<1>;
L_0x5d527c6a6190 .functor AND 1, L_0x5d527c6abff0, L_0x5d527c6a6070, C4<1>, C4<1>;
L_0x5d527c6a65c0 .functor AND 1, L_0x5d527c6abff0, L_0x5d527c6a64a0, C4<1>, C4<1>;
L_0x5d527c6a6aa0 .functor AND 1, L_0x5d527c6abff0, L_0x5d527c6a6980, C4<1>, C4<1>;
L_0x5d527c6a6ef0 .functor AND 1, L_0x5d527c6abff0, L_0x5d527c6a6dd0, C4<1>, C4<1>;
L_0x5d527c6a7360 .functor AND 1, L_0x5d527c6abff0, L_0x5d527c6a7240, C4<1>, C4<1>;
L_0x5d527c6a77d0 .functor AND 1, L_0x5d527c6abff0, L_0x5d527c6a76b0, C4<1>, C4<1>;
L_0x5d527c6a7f20 .functor AND 1, L_0x5d527c6abff0, L_0x5d527c6a7e00, C4<1>, C4<1>;
L_0x5d527c6a83b0 .functor AND 1, L_0x5d527c6abff0, L_0x5d527c6a8290, C4<1>, C4<1>;
L_0x5d527c6a8920 .functor AND 1, L_0x5d527c6abff0, L_0x5d527c6a8800, C4<1>, C4<1>;
L_0x5d527c6a8dd0 .functor AND 1, L_0x5d527c6abff0, L_0x5d527c6a8cb0, C4<1>, C4<1>;
L_0x5d527c6a9370 .functor AND 1, L_0x5d527c6abff0, L_0x5d527c6a9250, C4<1>, C4<1>;
L_0x5d527c6a9840 .functor AND 1, L_0x5d527c6abff0, L_0x5d527c6a9720, C4<1>, C4<1>;
L_0x5d527c6a9e10 .functor AND 1, L_0x5d527c6abff0, L_0x5d527c6a9cf0, C4<1>, C4<1>;
L_0x5d527c6aa300 .functor AND 1, L_0x5d527c6abff0, L_0x5d527c6aa1e0, C4<1>, C4<1>;
L_0x5d527c6aa900 .functor AND 1, L_0x5d527c6abff0, L_0x5d527c6aa7e0, C4<1>, C4<1>;
L_0x5d527c6ab1a0 .functor AND 1, L_0x5d527c6abff0, L_0x5d527c6ab100, C4<1>, C4<1>;
L_0x5d527c6abbe0 .functor AND 1, L_0x5d527c6abff0, L_0x5d527c6abac0, C4<1>, C4<1>;
v0x5d527c670940_0 .net "Clk", 0 0, v0x5d527c68e480_0;  alias, 1 drivers
v0x5d527c670a00_0 .net "Data", 31 0, v0x5d527c67d9b0_0;  1 drivers
v0x5d527c670ae0_0 .net8 "R0", 31 0, RS_0x767bb4aac398;  alias, 2 drivers
v0x5d527c670bd0_0 .net "R1", 31 0, L_0x5d527c6a2810;  alias, 1 drivers
v0x5d527c670cb0_0 .net "R10", 31 0, L_0x5d527c6a4860;  alias, 1 drivers
v0x5d527c670de0_0 .net "R11", 31 0, L_0x5d527c6a4c10;  alias, 1 drivers
v0x5d527c670ec0_0 .net "R12", 31 0, L_0x5d527c6a4fd0;  alias, 1 drivers
v0x5d527c670fa0_0 .net "R13", 31 0, L_0x5d527c6a5570;  alias, 1 drivers
v0x5d527c671080_0 .net "R14", 31 0, L_0x5d527c6a5e30;  alias, 1 drivers
v0x5d527c6711f0_0 .net "R15", 31 0, L_0x5d527c6a6250;  alias, 1 drivers
v0x5d527c6712d0_0 .net "R16", 31 0, L_0x5d527c6a6720;  alias, 1 drivers
v0x5d527c6713b0_0 .net "R17", 31 0, L_0x5d527c6a6b60;  alias, 1 drivers
v0x5d527c671490_0 .net "R18", 31 0, L_0x5d527c6a6680;  alias, 1 drivers
v0x5d527c671570_0 .net "R19", 31 0, L_0x5d527c6a7420;  alias, 1 drivers
v0x5d527c671650_0 .net "R2", 31 0, L_0x5d527c6a2b40;  alias, 1 drivers
v0x5d527c671730_0 .net "R20", 31 0, L_0x5d527c6a7950;  alias, 1 drivers
v0x5d527c671810_0 .net "R21", 31 0, L_0x5d527c6a7fe0;  alias, 1 drivers
v0x5d527c671a00_0 .net "R22", 31 0, L_0x5d527c6a8540;  alias, 1 drivers
v0x5d527c671ae0_0 .net "R23", 31 0, L_0x5d527c6a89e0;  alias, 1 drivers
v0x5d527c671bc0_0 .net "R24", 31 0, L_0x5d527c6a8f70;  alias, 1 drivers
v0x5d527c671ca0_0 .net "R25", 31 0, L_0x5d527c6a9430;  alias, 1 drivers
v0x5d527c671d80_0 .net "R26", 31 0, L_0x5d527c6a99f0;  alias, 1 drivers
v0x5d527c671e60_0 .net "R27", 31 0, L_0x5d527c6a9ed0;  alias, 1 drivers
v0x5d527c671f40_0 .net "R28", 31 0, L_0x5d527c6aa4c0;  alias, 1 drivers
v0x5d527c672020_0 .net "R29", 31 0, L_0x5d527c6aa9c0;  alias, 1 drivers
v0x5d527c672100_0 .net "R3", 31 0, L_0x5d527c6a2e00;  alias, 1 drivers
v0x5d527c6721e0_0 .net "R30", 31 0, L_0x5d527c6ab780;  alias, 1 drivers
v0x5d527c6722c0_0 .net "R31", 31 0, L_0x5d527c6abca0;  alias, 1 drivers
v0x5d527c6723a0_0 .net "R4", 31 0, L_0x5d527c6a3110;  alias, 1 drivers
v0x5d527c672480_0 .net "R5", 31 0, L_0x5d527c6a3460;  alias, 1 drivers
v0x5d527c672560_0 .net "R6", 31 0, L_0x5d527c6a39c0;  alias, 1 drivers
v0x5d527c672640_0 .net "R7", 31 0, L_0x5d527c6a3d30;  alias, 1 drivers
v0x5d527c672720_0 .net "R8", 31 0, L_0x5d527c6a4110;  alias, 1 drivers
v0x5d527c672800_0 .net "R9", 31 0, L_0x5d527c6a4450;  alias, 1 drivers
v0x5d527c6728e0_0 .net "ReadData1", 31 0, L_0x5d527c6a1bb0;  alias, 1 drivers
v0x5d527c6729c0_0 .net "ReadData2", 31 0, L_0x5d527c6a2400;  alias, 1 drivers
v0x5d527c672aa0_0 .net "ReadReg1", 4 0, L_0x5d527c6a0d00;  alias, 1 drivers
v0x5d527c672b80_0 .net "ReadReg2", 4 0, L_0x5d527c6a0e40;  alias, 1 drivers
v0x5d527c672c60_0 .net "RegWrite", 0 0, L_0x5d527c6abff0;  1 drivers
v0x5d527c672d20 .array "Registers", 31 0, 31 0;
v0x5d527c6731e0_0 .net "Rst", 0 0, v0x5d527c690210_0;  alias, 1 drivers
v0x5d527c673280_0 .net "WriteReg", 4 0, v0x5d527c67ddc0_0;  1 drivers
L_0x767bb46ce180 .functor BUFT 1, C4<00000>, C4<0>, C4<0>, C4<0>;
v0x5d527c673340_0 .net/2u *"_ivl_0", 4 0, L_0x767bb46ce180;  1 drivers
v0x5d527c673420_0 .net *"_ivl_10", 31 0, L_0x5d527c6a1840;  1 drivers
v0x5d527c673500_0 .net *"_ivl_101", 0 0, L_0x5d527c6a3c70;  1 drivers
L_0x767bb46ce570 .functor BUFT 1, C4<01000>, C4<0>, C4<0>, C4<0>;
v0x5d527c6735c0_0 .net/2u *"_ivl_105", 4 0, L_0x767bb46ce570;  1 drivers
v0x5d527c6736a0_0 .net *"_ivl_107", 0 0, L_0x5d527c6a3f00;  1 drivers
v0x5d527c673760_0 .net *"_ivl_110", 0 0, L_0x5d527c6a3ff0;  1 drivers
L_0x767bb46ce5b8 .functor BUFT 1, C4<01001>, C4<0>, C4<0>, C4<0>;
v0x5d527c673820_0 .net/2u *"_ivl_114", 4 0, L_0x767bb46ce5b8;  1 drivers
v0x5d527c673900_0 .net *"_ivl_116", 0 0, L_0x5d527c6a42a0;  1 drivers
v0x5d527c6739c0_0 .net *"_ivl_119", 0 0, L_0x5d527c6a4390;  1 drivers
v0x5d527c673a80_0 .net *"_ivl_12", 6 0, L_0x5d527c6a18e0;  1 drivers
L_0x767bb46ce600 .functor BUFT 1, C4<01010>, C4<0>, C4<0>, C4<0>;
v0x5d527c673b60_0 .net/2u *"_ivl_123", 4 0, L_0x767bb46ce600;  1 drivers
v0x5d527c673c40_0 .net *"_ivl_125", 0 0, L_0x5d527c6a4640;  1 drivers
v0x5d527c673d00_0 .net *"_ivl_128", 0 0, L_0x5d527c6a4730;  1 drivers
L_0x767bb46ce648 .functor BUFT 1, C4<01011>, C4<0>, C4<0>, C4<0>;
v0x5d527c673dc0_0 .net/2u *"_ivl_132", 4 0, L_0x767bb46ce648;  1 drivers
v0x5d527c673ea0_0 .net *"_ivl_134", 0 0, L_0x5d527c6a4a60;  1 drivers
v0x5d527c673f60_0 .net *"_ivl_137", 0 0, L_0x5d527c6a4b50;  1 drivers
L_0x767bb46ce690 .functor BUFT 1, C4<01100>, C4<0>, C4<0>, C4<0>;
v0x5d527c674020_0 .net/2u *"_ivl_141", 4 0, L_0x767bb46ce690;  1 drivers
v0x5d527c674100_0 .net *"_ivl_143", 0 0, L_0x5d527c6a4e20;  1 drivers
v0x5d527c6741c0_0 .net *"_ivl_146", 0 0, L_0x5d527c6a4f10;  1 drivers
L_0x767bb46ce210 .functor BUFT 1, C4<00>, C4<0>, C4<0>, C4<0>;
v0x5d527c674280_0 .net *"_ivl_15", 1 0, L_0x767bb46ce210;  1 drivers
L_0x767bb46ce6d8 .functor BUFT 1, C4<01101>, C4<0>, C4<0>, C4<0>;
v0x5d527c674360_0 .net/2u *"_ivl_150", 4 0, L_0x767bb46ce6d8;  1 drivers
v0x5d527c674440_0 .net *"_ivl_152", 0 0, L_0x5d527c6a51f0;  1 drivers
v0x5d527c674500_0 .net *"_ivl_155", 0 0, L_0x5d527c6a47f0;  1 drivers
L_0x767bb46ce720 .functor BUFT 1, C4<01110>, C4<0>, C4<0>, C4<0>;
v0x5d527c6749d0_0 .net/2u *"_ivl_159", 4 0, L_0x767bb46ce720;  1 drivers
v0x5d527c674ab0_0 .net *"_ivl_16", 31 0, L_0x5d527c6a1a20;  1 drivers
v0x5d527c674b90_0 .net *"_ivl_161", 0 0, L_0x5d527c6a59b0;  1 drivers
v0x5d527c674c50_0 .net *"_ivl_164", 0 0, L_0x5d527c6a5ad0;  1 drivers
L_0x767bb46ce768 .functor BUFT 1, C4<01111>, C4<0>, C4<0>, C4<0>;
v0x5d527c674d10_0 .net/2u *"_ivl_168", 4 0, L_0x767bb46ce768;  1 drivers
v0x5d527c674df0_0 .net *"_ivl_170", 0 0, L_0x5d527c6a6070;  1 drivers
v0x5d527c674eb0_0 .net *"_ivl_173", 0 0, L_0x5d527c6a6190;  1 drivers
L_0x767bb46ce7b0 .functor BUFT 1, C4<10000>, C4<0>, C4<0>, C4<0>;
v0x5d527c674f70_0 .net/2u *"_ivl_177", 4 0, L_0x767bb46ce7b0;  1 drivers
v0x5d527c675050_0 .net *"_ivl_179", 0 0, L_0x5d527c6a64a0;  1 drivers
v0x5d527c675110_0 .net *"_ivl_182", 0 0, L_0x5d527c6a65c0;  1 drivers
L_0x767bb46ce7f8 .functor BUFT 1, C4<10001>, C4<0>, C4<0>, C4<0>;
v0x5d527c6751d0_0 .net/2u *"_ivl_186", 4 0, L_0x767bb46ce7f8;  1 drivers
v0x5d527c6752b0_0 .net *"_ivl_188", 0 0, L_0x5d527c6a6980;  1 drivers
v0x5d527c675370_0 .net *"_ivl_191", 0 0, L_0x5d527c6a6aa0;  1 drivers
L_0x767bb46ce840 .functor BUFT 1, C4<10010>, C4<0>, C4<0>, C4<0>;
v0x5d527c675430_0 .net/2u *"_ivl_195", 4 0, L_0x767bb46ce840;  1 drivers
v0x5d527c675510_0 .net *"_ivl_197", 0 0, L_0x5d527c6a6dd0;  1 drivers
v0x5d527c6755d0_0 .net *"_ivl_2", 0 0, L_0x5d527c6a15d0;  1 drivers
L_0x767bb46ce258 .functor BUFT 1, C4<00000>, C4<0>, C4<0>, C4<0>;
v0x5d527c675690_0 .net/2u *"_ivl_20", 4 0, L_0x767bb46ce258;  1 drivers
v0x5d527c675770_0 .net *"_ivl_200", 0 0, L_0x5d527c6a6ef0;  1 drivers
L_0x767bb46ce888 .functor BUFT 1, C4<10011>, C4<0>, C4<0>, C4<0>;
v0x5d527c675830_0 .net/2u *"_ivl_204", 4 0, L_0x767bb46ce888;  1 drivers
v0x5d527c675910_0 .net *"_ivl_206", 0 0, L_0x5d527c6a7240;  1 drivers
v0x5d527c6759d0_0 .net *"_ivl_209", 0 0, L_0x5d527c6a7360;  1 drivers
L_0x767bb46ce8d0 .functor BUFT 1, C4<10100>, C4<0>, C4<0>, C4<0>;
v0x5d527c675a90_0 .net/2u *"_ivl_213", 4 0, L_0x767bb46ce8d0;  1 drivers
v0x5d527c675b70_0 .net *"_ivl_215", 0 0, L_0x5d527c6a76b0;  1 drivers
v0x5d527c675c30_0 .net *"_ivl_218", 0 0, L_0x5d527c6a77d0;  1 drivers
v0x5d527c675cf0_0 .net *"_ivl_22", 0 0, L_0x5d527c6a1e60;  1 drivers
L_0x767bb46ce918 .functor BUFT 1, C4<10101>, C4<0>, C4<0>, C4<0>;
v0x5d527c675db0_0 .net/2u *"_ivl_222", 4 0, L_0x767bb46ce918;  1 drivers
v0x5d527c675e90_0 .net *"_ivl_224", 0 0, L_0x5d527c6a7e00;  1 drivers
v0x5d527c675f50_0 .net *"_ivl_227", 0 0, L_0x5d527c6a7f20;  1 drivers
L_0x767bb46ce960 .functor BUFT 1, C4<10110>, C4<0>, C4<0>, C4<0>;
v0x5d527c676010_0 .net/2u *"_ivl_231", 4 0, L_0x767bb46ce960;  1 drivers
v0x5d527c6760f0_0 .net *"_ivl_233", 0 0, L_0x5d527c6a8290;  1 drivers
v0x5d527c6761b0_0 .net *"_ivl_236", 0 0, L_0x5d527c6a83b0;  1 drivers
L_0x767bb46ce2a0 .functor BUFT 1, C4<00000000000000000000000000000000>, C4<0>, C4<0>, C4<0>;
v0x5d527c676270_0 .net/2u *"_ivl_24", 31 0, L_0x767bb46ce2a0;  1 drivers
L_0x767bb46ce9a8 .functor BUFT 1, C4<10111>, C4<0>, C4<0>, C4<0>;
v0x5d527c676350_0 .net/2u *"_ivl_240", 4 0, L_0x767bb46ce9a8;  1 drivers
v0x5d527c676430_0 .net *"_ivl_242", 0 0, L_0x5d527c6a8800;  1 drivers
v0x5d527c6764f0_0 .net *"_ivl_245", 0 0, L_0x5d527c6a8920;  1 drivers
L_0x767bb46ce9f0 .functor BUFT 1, C4<11000>, C4<0>, C4<0>, C4<0>;
v0x5d527c6765b0_0 .net/2u *"_ivl_249", 4 0, L_0x767bb46ce9f0;  1 drivers
v0x5d527c676690_0 .net *"_ivl_251", 0 0, L_0x5d527c6a8cb0;  1 drivers
v0x5d527c676750_0 .net *"_ivl_254", 0 0, L_0x5d527c6a8dd0;  1 drivers
L_0x767bb46cea38 .functor BUFT 1, C4<11001>, C4<0>, C4<0>, C4<0>;
v0x5d527c676810_0 .net/2u *"_ivl_258", 4 0, L_0x767bb46cea38;  1 drivers
v0x5d527c6768f0_0 .net *"_ivl_26", 0 0, L_0x5d527c6a1f00;  1 drivers
v0x5d527c6769b0_0 .net *"_ivl_260", 0 0, L_0x5d527c6a9250;  1 drivers
v0x5d527c676a70_0 .net *"_ivl_263", 0 0, L_0x5d527c6a9370;  1 drivers
L_0x767bb46cea80 .functor BUFT 1, C4<11010>, C4<0>, C4<0>, C4<0>;
v0x5d527c676b30_0 .net/2u *"_ivl_267", 4 0, L_0x767bb46cea80;  1 drivers
v0x5d527c676c10_0 .net *"_ivl_269", 0 0, L_0x5d527c6a9720;  1 drivers
v0x5d527c676cd0_0 .net *"_ivl_272", 0 0, L_0x5d527c6a9840;  1 drivers
L_0x767bb46ceac8 .functor BUFT 1, C4<11011>, C4<0>, C4<0>, C4<0>;
v0x5d527c676d90_0 .net/2u *"_ivl_276", 4 0, L_0x767bb46ceac8;  1 drivers
v0x5d527c676e70_0 .net *"_ivl_278", 0 0, L_0x5d527c6a9cf0;  1 drivers
v0x5d527c676f30_0 .net *"_ivl_281", 0 0, L_0x5d527c6a9e10;  1 drivers
L_0x767bb46ceb10 .functor BUFT 1, C4<11100>, C4<0>, C4<0>, C4<0>;
v0x5d527c676ff0_0 .net/2u *"_ivl_285", 4 0, L_0x767bb46ceb10;  1 drivers
v0x5d527c6770d0_0 .net *"_ivl_287", 0 0, L_0x5d527c6aa1e0;  1 drivers
v0x5d527c677190_0 .net *"_ivl_29", 0 0, L_0x5d527c63edd0;  1 drivers
v0x5d527c677250_0 .net *"_ivl_290", 0 0, L_0x5d527c6aa300;  1 drivers
L_0x767bb46ceb58 .functor BUFT 1, C4<11101>, C4<0>, C4<0>, C4<0>;
v0x5d527c677310_0 .net/2u *"_ivl_294", 4 0, L_0x767bb46ceb58;  1 drivers
v0x5d527c6773f0_0 .net *"_ivl_296", 0 0, L_0x5d527c6aa7e0;  1 drivers
v0x5d527c6774b0_0 .net *"_ivl_299", 0 0, L_0x5d527c6aa900;  1 drivers
v0x5d527c677570_0 .net *"_ivl_30", 31 0, L_0x5d527c6a20d0;  1 drivers
L_0x767bb46ceba0 .functor BUFT 1, C4<11110>, C4<0>, C4<0>, C4<0>;
v0x5d527c677650_0 .net/2u *"_ivl_303", 4 0, L_0x767bb46ceba0;  1 drivers
v0x5d527c677730_0 .net *"_ivl_305", 0 0, L_0x5d527c6ab100;  1 drivers
v0x5d527c6777f0_0 .net *"_ivl_308", 0 0, L_0x5d527c6ab1a0;  1 drivers
L_0x767bb46cebe8 .functor BUFT 1, C4<11111>, C4<0>, C4<0>, C4<0>;
v0x5d527c6778b0_0 .net/2u *"_ivl_312", 4 0, L_0x767bb46cebe8;  1 drivers
v0x5d527c677990_0 .net *"_ivl_314", 0 0, L_0x5d527c6abac0;  1 drivers
v0x5d527c677a50_0 .net *"_ivl_317", 0 0, L_0x5d527c6abbe0;  1 drivers
v0x5d527c677b10_0 .net *"_ivl_32", 6 0, L_0x5d527c6a2170;  1 drivers
L_0x767bb46ce2e8 .functor BUFT 1, C4<00>, C4<0>, C4<0>, C4<0>;
v0x5d527c677bf0_0 .net *"_ivl_35", 1 0, L_0x767bb46ce2e8;  1 drivers
v0x5d527c6784e0_0 .net *"_ivl_36", 31 0, L_0x5d527c6a22c0;  1 drivers
L_0x767bb46ce1c8 .functor BUFT 1, C4<00000000000000000000000000000000>, C4<0>, C4<0>, C4<0>;
v0x5d527c6785c0_0 .net/2u *"_ivl_4", 31 0, L_0x767bb46ce1c8;  1 drivers
L_0x767bb46ce378 .functor BUFT 1, C4<00001>, C4<0>, C4<0>, C4<0>;
v0x5d527c6786a0_0 .net/2u *"_ivl_42", 4 0, L_0x767bb46ce378;  1 drivers
v0x5d527c678780_0 .net *"_ivl_44", 0 0, L_0x5d527c6a26e0;  1 drivers
v0x5d527c678840_0 .net *"_ivl_47", 0 0, L_0x5d527c640cd0;  1 drivers
L_0x767bb46ce3c0 .functor BUFT 1, C4<00010>, C4<0>, C4<0>, C4<0>;
v0x5d527c678900_0 .net/2u *"_ivl_51", 4 0, L_0x767bb46ce3c0;  1 drivers
v0x5d527c6789e0_0 .net *"_ivl_53", 0 0, L_0x5d527c6a2a10;  1 drivers
v0x5d527c678aa0_0 .net *"_ivl_56", 0 0, L_0x5d527c6a24a0;  1 drivers
v0x5d527c678b60_0 .net *"_ivl_6", 0 0, L_0x5d527c6a16c0;  1 drivers
L_0x767bb46ce408 .functor BUFT 1, C4<00011>, C4<0>, C4<0>, C4<0>;
v0x5d527c678c20_0 .net/2u *"_ivl_60", 4 0, L_0x767bb46ce408;  1 drivers
v0x5d527c678d00_0 .net *"_ivl_62", 0 0, L_0x5d527c6a2cc0;  1 drivers
v0x5d527c678dc0_0 .net *"_ivl_65", 0 0, L_0x5d527c641920;  1 drivers
L_0x767bb46ce450 .functor BUFT 1, C4<00100>, C4<0>, C4<0>, C4<0>;
v0x5d527c678e80_0 .net/2u *"_ivl_69", 4 0, L_0x767bb46ce450;  1 drivers
v0x5d527c678f60_0 .net *"_ivl_71", 0 0, L_0x5d527c6a2f90;  1 drivers
v0x5d527c679020_0 .net *"_ivl_74", 0 0, L_0x5d527c62e210;  1 drivers
L_0x767bb46ce498 .functor BUFT 1, C4<00101>, C4<0>, C4<0>, C4<0>;
v0x5d527c6790e0_0 .net/2u *"_ivl_78", 4 0, L_0x767bb46ce498;  1 drivers
v0x5d527c6791c0_0 .net *"_ivl_80", 0 0, L_0x5d527c6a2ea0;  1 drivers
v0x5d527c679280_0 .net *"_ivl_83", 0 0, L_0x5d527c500820;  1 drivers
L_0x767bb46ce4e0 .functor BUFT 1, C4<00110>, C4<0>, C4<0>, C4<0>;
v0x5d527c679340_0 .net/2u *"_ivl_87", 4 0, L_0x767bb46ce4e0;  1 drivers
v0x5d527c679420_0 .net *"_ivl_89", 0 0, L_0x5d527c6a3720;  1 drivers
v0x5d527c6794e0_0 .net *"_ivl_9", 0 0, L_0x5d527c6a1260;  1 drivers
v0x5d527c6795a0_0 .net *"_ivl_92", 0 0, L_0x5d527c668400;  1 drivers
L_0x767bb46ce528 .functor BUFT 1, C4<00111>, C4<0>, C4<0>, C4<0>;
v0x5d527c679660_0 .net/2u *"_ivl_96", 4 0, L_0x767bb46ce528;  1 drivers
v0x5d527c679740_0 .net *"_ivl_98", 0 0, L_0x5d527c6a3b80;  1 drivers
v0x5d527c679800_0 .var/i "i", 31 0;
E_0x5d527c6708e0 .event posedge, v0x5d527c66edf0_0, v0x5d527c66c610_0;
L_0x5d527c6a15d0 .cmp/eq 5, L_0x5d527c6a0d00, L_0x767bb46ce180;
L_0x5d527c6a16c0 .cmp/eq 5, v0x5d527c67ddc0_0, L_0x5d527c6a0d00;
L_0x5d527c6a1840 .array/port v0x5d527c672d20, L_0x5d527c6a18e0;
L_0x5d527c6a18e0 .concat [ 5 2 0 0], L_0x5d527c6a0d00, L_0x767bb46ce210;
L_0x5d527c6a1a20 .functor MUXZ 32, L_0x5d527c6a1840, v0x5d527c67d9b0_0, L_0x5d527c6a1260, C4<>;
L_0x5d527c6a1bb0 .functor MUXZ 32, L_0x5d527c6a1a20, L_0x767bb46ce1c8, L_0x5d527c6a15d0, C4<>;
L_0x5d527c6a1e60 .cmp/eq 5, L_0x5d527c6a0e40, L_0x767bb46ce258;
L_0x5d527c6a1f00 .cmp/eq 5, v0x5d527c67ddc0_0, L_0x5d527c6a0e40;
L_0x5d527c6a20d0 .array/port v0x5d527c672d20, L_0x5d527c6a2170;
L_0x5d527c6a2170 .concat [ 5 2 0 0], L_0x5d527c6a0e40, L_0x767bb46ce2e8;
L_0x5d527c6a22c0 .functor MUXZ 32, L_0x5d527c6a20d0, v0x5d527c67d9b0_0, L_0x5d527c63edd0, C4<>;
L_0x5d527c6a2400 .functor MUXZ 32, L_0x5d527c6a22c0, L_0x767bb46ce2a0, L_0x5d527c6a1e60, C4<>;
L_0x5d527c6a26e0 .cmp/eq 5, v0x5d527c67ddc0_0, L_0x767bb46ce378;
v0x5d527c672d20_1 .array/port v0x5d527c672d20, 1;
L_0x5d527c6a2810 .functor MUXZ 32, v0x5d527c672d20_1, v0x5d527c67d9b0_0, L_0x5d527c640cd0, C4<>;
L_0x5d527c6a2a10 .cmp/eq 5, v0x5d527c67ddc0_0, L_0x767bb46ce3c0;
v0x5d527c672d20_2 .array/port v0x5d527c672d20, 2;
L_0x5d527c6a2b40 .functor MUXZ 32, v0x5d527c672d20_2, v0x5d527c67d9b0_0, L_0x5d527c6a24a0, C4<>;
L_0x5d527c6a2cc0 .cmp/eq 5, v0x5d527c67ddc0_0, L_0x767bb46ce408;
v0x5d527c672d20_3 .array/port v0x5d527c672d20, 3;
L_0x5d527c6a2e00 .functor MUXZ 32, v0x5d527c672d20_3, v0x5d527c67d9b0_0, L_0x5d527c641920, C4<>;
L_0x5d527c6a2f90 .cmp/eq 5, v0x5d527c67ddc0_0, L_0x767bb46ce450;
v0x5d527c672d20_4 .array/port v0x5d527c672d20, 4;
L_0x5d527c6a3110 .functor MUXZ 32, v0x5d527c672d20_4, v0x5d527c67d9b0_0, L_0x5d527c62e210, C4<>;
L_0x5d527c6a2ea0 .cmp/eq 5, v0x5d527c67ddc0_0, L_0x767bb46ce498;
v0x5d527c672d20_5 .array/port v0x5d527c672d20, 5;
L_0x5d527c6a3460 .functor MUXZ 32, v0x5d527c672d20_5, v0x5d527c67d9b0_0, L_0x5d527c500820, C4<>;
L_0x5d527c6a3720 .cmp/eq 5, v0x5d527c67ddc0_0, L_0x767bb46ce4e0;
v0x5d527c672d20_6 .array/port v0x5d527c672d20, 6;
L_0x5d527c6a39c0 .functor MUXZ 32, v0x5d527c672d20_6, v0x5d527c67d9b0_0, L_0x5d527c668400, C4<>;
L_0x5d527c6a3b80 .cmp/eq 5, v0x5d527c67ddc0_0, L_0x767bb46ce528;
v0x5d527c672d20_7 .array/port v0x5d527c672d20, 7;
L_0x5d527c6a3d30 .functor MUXZ 32, v0x5d527c672d20_7, v0x5d527c67d9b0_0, L_0x5d527c6a3c70, C4<>;
L_0x5d527c6a3f00 .cmp/eq 5, v0x5d527c67ddc0_0, L_0x767bb46ce570;
v0x5d527c672d20_8 .array/port v0x5d527c672d20, 8;
L_0x5d527c6a4110 .functor MUXZ 32, v0x5d527c672d20_8, v0x5d527c67d9b0_0, L_0x5d527c6a3ff0, C4<>;
L_0x5d527c6a42a0 .cmp/eq 5, v0x5d527c67ddc0_0, L_0x767bb46ce5b8;
v0x5d527c672d20_9 .array/port v0x5d527c672d20, 9;
L_0x5d527c6a4450 .functor MUXZ 32, v0x5d527c672d20_9, v0x5d527c67d9b0_0, L_0x5d527c6a4390, C4<>;
L_0x5d527c6a4640 .cmp/eq 5, v0x5d527c67ddc0_0, L_0x767bb46ce600;
v0x5d527c672d20_10 .array/port v0x5d527c672d20, 10;
L_0x5d527c6a4860 .functor MUXZ 32, v0x5d527c672d20_10, v0x5d527c67d9b0_0, L_0x5d527c6a4730, C4<>;
L_0x5d527c6a4a60 .cmp/eq 5, v0x5d527c67ddc0_0, L_0x767bb46ce648;
v0x5d527c672d20_11 .array/port v0x5d527c672d20, 11;
L_0x5d527c6a4c10 .functor MUXZ 32, v0x5d527c672d20_11, v0x5d527c67d9b0_0, L_0x5d527c6a4b50, C4<>;
L_0x5d527c6a4e20 .cmp/eq 5, v0x5d527c67ddc0_0, L_0x767bb46ce690;
v0x5d527c672d20_12 .array/port v0x5d527c672d20, 12;
L_0x5d527c6a4fd0 .functor MUXZ 32, v0x5d527c672d20_12, v0x5d527c67d9b0_0, L_0x5d527c6a4f10, C4<>;
L_0x5d527c6a51f0 .cmp/eq 5, v0x5d527c67ddc0_0, L_0x767bb46ce6d8;
v0x5d527c672d20_13 .array/port v0x5d527c672d20, 13;
L_0x5d527c6a5570 .functor MUXZ 32, v0x5d527c672d20_13, v0x5d527c67d9b0_0, L_0x5d527c6a47f0, C4<>;
L_0x5d527c6a59b0 .cmp/eq 5, v0x5d527c67ddc0_0, L_0x767bb46ce720;
v0x5d527c672d20_14 .array/port v0x5d527c672d20, 14;
L_0x5d527c6a5e30 .functor MUXZ 32, v0x5d527c672d20_14, v0x5d527c67d9b0_0, L_0x5d527c6a5ad0, C4<>;
L_0x5d527c6a6070 .cmp/eq 5, v0x5d527c67ddc0_0, L_0x767bb46ce768;
v0x5d527c672d20_15 .array/port v0x5d527c672d20, 15;
L_0x5d527c6a6250 .functor MUXZ 32, v0x5d527c672d20_15, v0x5d527c67d9b0_0, L_0x5d527c6a6190, C4<>;
L_0x5d527c6a64a0 .cmp/eq 5, v0x5d527c67ddc0_0, L_0x767bb46ce7b0;
v0x5d527c672d20_16 .array/port v0x5d527c672d20, 16;
L_0x5d527c6a6720 .functor MUXZ 32, v0x5d527c672d20_16, v0x5d527c67d9b0_0, L_0x5d527c6a65c0, C4<>;
L_0x5d527c6a6980 .cmp/eq 5, v0x5d527c67ddc0_0, L_0x767bb46ce7f8;
v0x5d527c672d20_17 .array/port v0x5d527c672d20, 17;
L_0x5d527c6a6b60 .functor MUXZ 32, v0x5d527c672d20_17, v0x5d527c67d9b0_0, L_0x5d527c6a6aa0, C4<>;
L_0x5d527c6a6dd0 .cmp/eq 5, v0x5d527c67ddc0_0, L_0x767bb46ce840;
v0x5d527c672d20_18 .array/port v0x5d527c672d20, 18;
L_0x5d527c6a6680 .functor MUXZ 32, v0x5d527c672d20_18, v0x5d527c67d9b0_0, L_0x5d527c6a6ef0, C4<>;
L_0x5d527c6a7240 .cmp/eq 5, v0x5d527c67ddc0_0, L_0x767bb46ce888;
v0x5d527c672d20_19 .array/port v0x5d527c672d20, 19;
L_0x5d527c6a7420 .functor MUXZ 32, v0x5d527c672d20_19, v0x5d527c67d9b0_0, L_0x5d527c6a7360, C4<>;
L_0x5d527c6a76b0 .cmp/eq 5, v0x5d527c67ddc0_0, L_0x767bb46ce8d0;
v0x5d527c672d20_20 .array/port v0x5d527c672d20, 20;
L_0x5d527c6a7950 .functor MUXZ 32, v0x5d527c672d20_20, v0x5d527c67d9b0_0, L_0x5d527c6a77d0, C4<>;
L_0x5d527c6a7e00 .cmp/eq 5, v0x5d527c67ddc0_0, L_0x767bb46ce918;
v0x5d527c672d20_21 .array/port v0x5d527c672d20, 21;
L_0x5d527c6a7fe0 .functor MUXZ 32, v0x5d527c672d20_21, v0x5d527c67d9b0_0, L_0x5d527c6a7f20, C4<>;
L_0x5d527c6a8290 .cmp/eq 5, v0x5d527c67ddc0_0, L_0x767bb46ce960;
v0x5d527c672d20_22 .array/port v0x5d527c672d20, 22;
L_0x5d527c6a8540 .functor MUXZ 32, v0x5d527c672d20_22, v0x5d527c67d9b0_0, L_0x5d527c6a83b0, C4<>;
L_0x5d527c6a8800 .cmp/eq 5, v0x5d527c67ddc0_0, L_0x767bb46ce9a8;
v0x5d527c672d20_23 .array/port v0x5d527c672d20, 23;
L_0x5d527c6a89e0 .functor MUXZ 32, v0x5d527c672d20_23, v0x5d527c67d9b0_0, L_0x5d527c6a8920, C4<>;
L_0x5d527c6a8cb0 .cmp/eq 5, v0x5d527c67ddc0_0, L_0x767bb46ce9f0;
v0x5d527c672d20_24 .array/port v0x5d527c672d20, 24;
L_0x5d527c6a8f70 .functor MUXZ 32, v0x5d527c672d20_24, v0x5d527c67d9b0_0, L_0x5d527c6a8dd0, C4<>;
L_0x5d527c6a9250 .cmp/eq 5, v0x5d527c67ddc0_0, L_0x767bb46cea38;
v0x5d527c672d20_25 .array/port v0x5d527c672d20, 25;
L_0x5d527c6a9430 .functor MUXZ 32, v0x5d527c672d20_25, v0x5d527c67d9b0_0, L_0x5d527c6a9370, C4<>;
L_0x5d527c6a9720 .cmp/eq 5, v0x5d527c67ddc0_0, L_0x767bb46cea80;
v0x5d527c672d20_26 .array/port v0x5d527c672d20, 26;
L_0x5d527c6a99f0 .functor MUXZ 32, v0x5d527c672d20_26, v0x5d527c67d9b0_0, L_0x5d527c6a9840, C4<>;
L_0x5d527c6a9cf0 .cmp/eq 5, v0x5d527c67ddc0_0, L_0x767bb46ceac8;
v0x5d527c672d20_27 .array/port v0x5d527c672d20, 27;
L_0x5d527c6a9ed0 .functor MUXZ 32, v0x5d527c672d20_27, v0x5d527c67d9b0_0, L_0x5d527c6a9e10, C4<>;
L_0x5d527c6aa1e0 .cmp/eq 5, v0x5d527c67ddc0_0, L_0x767bb46ceb10;
v0x5d527c672d20_28 .array/port v0x5d527c672d20, 28;
L_0x5d527c6aa4c0 .functor MUXZ 32, v0x5d527c672d20_28, v0x5d527c67d9b0_0, L_0x5d527c6aa300, C4<>;
L_0x5d527c6aa7e0 .cmp/eq 5, v0x5d527c67ddc0_0, L_0x767bb46ceb58;
v0x5d527c672d20_29 .array/port v0x5d527c672d20, 29;
L_0x5d527c6aa9c0 .functor MUXZ 32, v0x5d527c672d20_29, v0x5d527c67d9b0_0, L_0x5d527c6aa900, C4<>;
L_0x5d527c6ab100 .cmp/eq 5, v0x5d527c67ddc0_0, L_0x767bb46ceba0;
v0x5d527c672d20_30 .array/port v0x5d527c672d20, 30;
L_0x5d527c6ab780 .functor MUXZ 32, v0x5d527c672d20_30, v0x5d527c67d9b0_0, L_0x5d527c6ab1a0, C4<>;
L_0x5d527c6abac0 .cmp/eq 5, v0x5d527c67ddc0_0, L_0x767bb46cebe8;
v0x5d527c672d20_31 .array/port v0x5d527c672d20, 31;
L_0x5d527c6abca0 .functor MUXZ 32, v0x5d527c672d20_31, v0x5d527c67d9b0_0, L_0x5d527c6abbe0, C4<>;
S_0x5d527c68d0d0 .scope task, "exec_internal" "exec_internal" 3 58, 3 58 0, S_0x5d527c63cff0;
 .timescale 0 0;
TD_tb.exec_internal ;
    %load/vec4 v0x5d527c68f8b0_0;
    %pad/u 11;
    %ix/vec4 4;
    %load/vec4a v0x5d527c68f7f0, 4;
    %store/vec4 v0x5d527c68f550_0, 0, 32;
    %load/vec4 v0x5d527c68f8b0_0;
    %addi 1, 0, 9;
    %store/vec4 v0x5d527c68f8b0_0, 0, 9;
    %load/vec4 v0x5d527c68f550_0;
    %parti/s 5, 21, 6;
    %store/vec4 v0x5d527c68f630_0, 0, 5;
    %load/vec4 v0x5d527c68f550_0;
    %parti/s 5, 16, 6;
    %store/vec4 v0x5d527c68f710_0, 0, 5;
    %load/vec4 v0x5d527c68f550_0;
    %parti/s 5, 11, 5;
    %store/vec4 v0x5d527c68f470_0, 0, 5;
    %load/vec4 v0x5d527c68f550_0;
    %parti/s 16, 0, 2;
    %store/vec4 v0x5d527c68f2d0_0, 0, 16;
    %load/vec4 v0x5d527c68f2d0_0;
    %parti/s 1, 15, 5;
    %replicate 16;
    %load/vec4 v0x5d527c68f2d0_0;
    %concat/vec4; draw_concat_vec4
    %store/vec4 v0x5d527c68f390_0, 0, 32;
    %load/vec4 v0x5d527c68f630_0;
    %pad/u 7;
    %ix/vec4 4;
    %load/vec4a v0x5d527c68f990, 4;
    %store/vec4 v0x5d527c6902b0_0, 0, 32;
    %load/vec4 v0x5d527c68f710_0;
    %pad/u 7;
    %ix/vec4 4;
    %load/vec4a v0x5d527c68f990, 4;
    %store/vec4 v0x5d527c690390_0, 0, 32;
    %load/vec4 v0x5d527c68f550_0;
    %parti/s 6, 26, 6;
    %dup/vec4;
    %pushi/vec4 0, 0, 6;
    %cmp/u;
    %jmp/1 T_3.0, 6;
    %dup/vec4;
    %pushi/vec4 8, 0, 6;
    %cmp/u;
    %jmp/1 T_3.1, 6;
    %dup/vec4;
    %pushi/vec4 9, 0, 6;
    %cmp/u;
    %jmp/1 T_3.2, 6;
    %dup/vec4;
    %pushi/vec4 15, 0, 6;
    %cmp/u;
    %jmp/1 T_3.3, 6;
    %dup/vec4;
    %pushi/vec4 35, 0, 6;
    %cmp/u;
    %jmp/1 T_3.4, 6;
    %dup/vec4;
    %pushi/vec4 43, 0, 6;
    %cmp/u;
    %jmp/1 T_3.5, 6;
    %dup/vec4;
    %pushi/vec4 4, 0, 6;
    %cmp/u;
    %jmp/1 T_3.6, 6;
    %dup/vec4;
    %pushi/vec4 2, 0, 6;
    %cmp/u;
    %jmp/1 T_3.7, 6;
    %dup/vec4;
    %pushi/vec4 3, 0, 6;
    %cmp/u;
    %jmp/1 T_3.8, 6;
    %vpi_call/w 3 110 "$display", "Unknown opcode %b", &PV<v0x5d527c68f550_0, 26, 6> {0 0 0};
    %jmp T_3.10;
T_3.0 ;
    %load/vec4 v0x5d527c68f550_0;
    %parti/s 6, 0, 2;
    %dup/vec4;
    %pushi/vec4 32, 0, 6;
    %cmp/u;
    %jmp/1 T_3.11, 6;
    %dup/vec4;
    %pushi/vec4 34, 0, 6;
    %cmp/u;
    %jmp/1 T_3.12, 6;
    %dup/vec4;
    %pushi/vec4 24, 0, 6;
    %cmp/u;
    %jmp/1 T_3.13, 6;
    %dup/vec4;
    %pushi/vec4 26, 0, 6;
    %cmp/u;
    %jmp/1 T_3.14, 6;
    %dup/vec4;
    %pushi/vec4 8, 0, 6;
    %cmp/u;
    %jmp/1 T_3.15, 6;
    %vpi_call/w 3 81 "$display", "Unknown R-type funct %b", &PV<v0x5d527c68f550_0, 0, 6> {0 0 0};
    %jmp T_3.17;
T_3.11 ;
    %load/vec4 v0x5d527c68f470_0;
    %store/vec4 v0x5d527c68d490_0, 0, 5;
    %load/vec4 v0x5d527c6902b0_0;
    %load/vec4 v0x5d527c690390_0;
    %add;
    %store/vec4 v0x5d527c68d590_0, 0, 32;
    %fork TD_tb.write2reg, S_0x5d527c68d2b0;
    %join;
    %jmp T_3.17;
T_3.12 ;
    %load/vec4 v0x5d527c68f470_0;
    %store/vec4 v0x5d527c68d490_0, 0, 5;
    %load/vec4 v0x5d527c6902b0_0;
    %load/vec4 v0x5d527c690390_0;
    %sub;
    %store/vec4 v0x5d527c68d590_0, 0, 32;
    %fork TD_tb.write2reg, S_0x5d527c68d2b0;
    %join;
    %jmp T_3.17;
T_3.13 ;
    %load/vec4 v0x5d527c68f470_0;
    %store/vec4 v0x5d527c68d490_0, 0, 5;
    %load/vec4 v0x5d527c6902b0_0;
    %load/vec4 v0x5d527c690390_0;
    %mul;
    %store/vec4 v0x5d527c68d590_0, 0, 32;
    %fork TD_tb.write2reg, S_0x5d527c68d2b0;
    %join;
    %jmp T_3.17;
T_3.14 ;
    %load/vec4 v0x5d527c68f470_0;
    %store/vec4 v0x5d527c68d490_0, 0, 5;
    %load/vec4 v0x5d527c6902b0_0;
    %load/vec4 v0x5d527c690390_0;
    %div;
    %store/vec4 v0x5d527c68d590_0, 0, 32;
    %fork TD_tb.write2reg, S_0x5d527c68d2b0;
    %join;
    %jmp T_3.17;
T_3.15 ;
    %load/vec4 v0x5d527c6902b0_0;
    %ix/load 4, 2, 0;
    %flag_set/imm 4, 0;
    %shiftr 4;
    %pad/u 9;
    %store/vec4 v0x5d527c68f8b0_0, 0, 9;
    %jmp T_3.17;
T_3.17 ;
    %pop/vec4 1;
    %jmp T_3.10;
T_3.1 ;
    %load/vec4 v0x5d527c68f710_0;
    %store/vec4 v0x5d527c68d490_0, 0, 5;
    %load/vec4 v0x5d527c6902b0_0;
    %load/vec4 v0x5d527c68f390_0;
    %add;
    %store/vec4 v0x5d527c68d590_0, 0, 32;
    %fork TD_tb.write2reg, S_0x5d527c68d2b0;
    %join;
    %jmp T_3.10;
T_3.2 ;
    %load/vec4 v0x5d527c68f710_0;
    %store/vec4 v0x5d527c68d490_0, 0, 5;
    %load/vec4 v0x5d527c6902b0_0;
    %load/vec4 v0x5d527c68f390_0;
    %sub;
    %store/vec4 v0x5d527c68d590_0, 0, 32;
    %fork TD_tb.write2reg, S_0x5d527c68d2b0;
    %join;
    %jmp T_3.10;
T_3.3 ;
    %load/vec4 v0x5d527c68f710_0;
    %store/vec4 v0x5d527c68d490_0, 0, 5;
    %load/vec4 v0x5d527c68f2d0_0;
    %concati/vec4 0, 0, 16;
    %store/vec4 v0x5d527c68d590_0, 0, 32;
    %fork TD_tb.write2reg, S_0x5d527c68d2b0;
    %join;
    %jmp T_3.10;
T_3.4 ;
    %load/vec4 v0x5d527c6902b0_0;
    %load/vec4 v0x5d527c68f390_0;
    %add;
    %store/vec4 v0x5d527c68ed30_0, 0, 32;
    %load/vec4 v0x5d527c68f710_0;
    %store/vec4 v0x5d527c68d490_0, 0, 5;
    %load/vec4 v0x5d527c68ed30_0;
    %ix/load 5, 2, 0;
    %flag_set/imm 4, 0;
    %shiftr 5;
    %pushi/vec4 511, 0, 32;
    %and;
    %ix/vec4 4;
    %load/vec4a v0x5d527c68edd0, 4;
    %store/vec4 v0x5d527c68d590_0, 0, 32;
    %fork TD_tb.write2reg, S_0x5d527c68d2b0;
    %join;
    %jmp T_3.10;
T_3.5 ;
    %load/vec4 v0x5d527c6902b0_0;
    %load/vec4 v0x5d527c68f390_0;
    %add;
    %store/vec4 v0x5d527c68ed30_0, 0, 32;
    %load/vec4 v0x5d527c690390_0;
    %load/vec4 v0x5d527c68ed30_0;
    %ix/load 5, 2, 0;
    %flag_set/imm 4, 0;
    %shiftr 5;
    %pushi/vec4 511, 0, 32;
    %and;
    %ix/vec4 4;
    %store/vec4a v0x5d527c68edd0, 4, 0;
    %jmp T_3.10;
T_3.6 ;
    %load/vec4 v0x5d527c6902b0_0;
    %load/vec4 v0x5d527c690390_0;
    %cmp/e;
    %jmp/0xz  T_3.18, 4;
    %load/vec4 v0x5d527c68f8b0_0;
    %pad/u 32;
    %load/vec4 v0x5d527c68f390_0;
    %add;
    %pad/u 9;
    %store/vec4 v0x5d527c68f8b0_0, 0, 9;
T_3.18 ;
    %jmp T_3.10;
T_3.7 ;
    %load/vec4 v0x5d527c68f550_0;
    %parti/s 26, 0, 2;
    %pad/u 9;
    %store/vec4 v0x5d527c68f8b0_0, 0, 9;
    %jmp T_3.10;
T_3.8 ;
    %pushi/vec4 31, 0, 5;
    %store/vec4 v0x5d527c68d490_0, 0, 5;
    %load/vec4 v0x5d527c68f8b0_0;
    %pad/u 32;
    %ix/load 4, 2, 0;
    %flag_set/imm 4, 0;
    %shiftl 4;
    %store/vec4 v0x5d527c68d590_0, 0, 32;
    %fork TD_tb.write2reg, S_0x5d527c68d2b0;
    %join;
    %load/vec4 v0x5d527c68f550_0;
    %parti/s 26, 0, 2;
    %pad/u 9;
    %store/vec4 v0x5d527c68f8b0_0, 0, 9;
    %jmp T_3.10;
T_3.10 ;
    %pop/vec4 1;
    %end;
S_0x5d527c68d2b0 .scope task, "write2reg" "write2reg" 3 50, 3 50 0, S_0x5d527c63cff0;
 .timescale 0 0;
v0x5d527c68d490_0 .var "reg_dest", 4 0;
v0x5d527c68d590_0 .var "val", 31 0;
TD_tb.write2reg ;
    %load/vec4 v0x5d527c68d490_0;
    %pad/u 32;
    %cmpi/ne 0, 0, 32;
    %jmp/0xz  T_4.20, 4;
    %load/vec4 v0x5d527c68d590_0;
    %load/vec4 v0x5d527c68d490_0;
    %pad/u 7;
    %ix/vec4 4;
    %store/vec4a v0x5d527c68f990, 4, 0;
T_4.20 ;
    %end;
    .scope S_0x5d527c66f220;
T_5 ;
    %wait E_0x5d527c4ef970;
    %pushi/vec4 0, 0, 2;
    %store/vec4 v0x5d527c66fd20_0, 0, 2;
    %pushi/vec4 0, 0, 2;
    %store/vec4 v0x5d527c66fc40_0, 0, 2;
    %pushi/vec4 0, 0, 2;
    %store/vec4 v0x5d527c66f5a0_0, 0, 2;
    %pushi/vec4 0, 0, 1;
    %store/vec4 v0x5d527c66fe00_0, 0, 1;
    %pushi/vec4 0, 0, 1;
    %store/vec4 v0x5d527c66f6a0_0, 0, 1;
    %pushi/vec4 0, 0, 1;
    %store/vec4 v0x5d527c66fac0_0, 0, 1;
    %pushi/vec4 0, 0, 1;
    %store/vec4 v0x5d527c66fb80_0, 0, 1;
    %pushi/vec4 0, 0, 1;
    %store/vec4 v0x5d527c66f760_0, 0, 1;
    %pushi/vec4 0, 0, 1;
    %store/vec4 v0x5d527c66fa00_0, 0, 1;
    %pushi/vec4 0, 0, 1;
    %store/vec4 v0x5d527c66f830_0, 0, 1;
    %pushi/vec4 0, 0, 1;
    %store/vec4 v0x5d527c66f8f0_0, 0, 1;
    %load/vec4 v0x5d527c66ffa0_0;
    %dup/vec4;
    %pushi/vec4 0, 0, 6;
    %cmp/u;
    %jmp/1 T_5.0, 6;
    %dup/vec4;
    %pushi/vec4 35, 0, 6;
    %cmp/u;
    %jmp/1 T_5.1, 6;
    %dup/vec4;
    %pushi/vec4 43, 0, 6;
    %cmp/u;
    %jmp/1 T_5.2, 6;
    %dup/vec4;
    %pushi/vec4 8, 0, 6;
    %cmp/u;
    %jmp/1 T_5.3, 6;
    %dup/vec4;
    %pushi/vec4 9, 0, 6;
    %cmp/u;
    %jmp/1 T_5.4, 6;
    %dup/vec4;
    %pushi/vec4 15, 0, 6;
    %cmp/u;
    %jmp/1 T_5.5, 6;
    %dup/vec4;
    %pushi/vec4 2, 0, 6;
    %cmp/u;
    %jmp/1 T_5.6, 6;
    %dup/vec4;
    %pushi/vec4 3, 0, 6;
    %cmp/u;
    %jmp/1 T_5.7, 6;
    %dup/vec4;
    %pushi/vec4 4, 0, 6;
    %cmp/u;
    %jmp/1 T_5.8, 6;
    %jmp T_5.10;
T_5.0 ;
    %load/vec4 v0x5d527c66fec0_0;
    %cmpi/e 8, 0, 6;
    %jmp/0xz  T_5.11, 4;
    %pushi/vec4 1, 0, 1;
    %store/vec4 v0x5d527c66f8f0_0, 0, 1;
    %jmp T_5.12;
T_5.11 ;
    %pushi/vec4 1, 0, 1;
    %store/vec4 v0x5d527c66fe00_0, 0, 1;
    %load/vec4 v0x5d527c66fec0_0;
    %dup/vec4;
    %pushi/vec4 32, 0, 6;
    %cmp/u;
    %jmp/1 T_5.13, 6;
    %dup/vec4;
    %pushi/vec4 34, 0, 6;
    %cmp/u;
    %jmp/1 T_5.14, 6;
    %dup/vec4;
    %pushi/vec4 24, 0, 6;
    %cmp/u;
    %jmp/1 T_5.15, 6;
    %dup/vec4;
    %pushi/vec4 26, 0, 6;
    %cmp/u;
    %jmp/1 T_5.16, 6;
    %jmp T_5.18;
T_5.13 ;
    %pushi/vec4 0, 0, 2;
    %store/vec4 v0x5d527c66f5a0_0, 0, 2;
    %jmp T_5.18;
T_5.14 ;
    %pushi/vec4 1, 0, 2;
    %store/vec4 v0x5d527c66f5a0_0, 0, 2;
    %jmp T_5.18;
T_5.15 ;
    %pushi/vec4 2, 0, 2;
    %store/vec4 v0x5d527c66f5a0_0, 0, 2;
    %jmp T_5.18;
T_5.16 ;
    %pushi/vec4 3, 0, 2;
    %store/vec4 v0x5d527c66f5a0_0, 0, 2;
    %jmp T_5.18;
T_5.18 ;
    %pop/vec4 1;
T_5.12 ;
    %jmp T_5.10;
T_5.1 ;
    %pushi/vec4 1, 0, 1;
    %store/vec4 v0x5d527c66f6a0_0, 0, 1;
    %pushi/vec4 1, 0, 2;
    %store/vec4 v0x5d527c66fc40_0, 0, 2;
    %pushi/vec4 1, 0, 1;
    %store/vec4 v0x5d527c66fac0_0, 0, 1;
    %pushi/vec4 0, 0, 2;
    %store/vec4 v0x5d527c66f5a0_0, 0, 2;
    %pushi/vec4 1, 0, 1;
    %store/vec4 v0x5d527c66fe00_0, 0, 1;
    %pushi/vec4 1, 0, 2;
    %store/vec4 v0x5d527c66fd20_0, 0, 2;
    %jmp T_5.10;
T_5.2 ;
    %pushi/vec4 1, 0, 1;
    %store/vec4 v0x5d527c66f6a0_0, 0, 1;
    %pushi/vec4 1, 0, 1;
    %store/vec4 v0x5d527c66fb80_0, 0, 1;
    %pushi/vec4 0, 0, 2;
    %store/vec4 v0x5d527c66f5a0_0, 0, 2;
    %pushi/vec4 1, 0, 2;
    %store/vec4 v0x5d527c66fd20_0, 0, 2;
    %jmp T_5.10;
T_5.3 ;
    %pushi/vec4 1, 0, 1;
    %store/vec4 v0x5d527c66f6a0_0, 0, 1;
    %pushi/vec4 0, 0, 2;
    %store/vec4 v0x5d527c66f5a0_0, 0, 2;
    %pushi/vec4 1, 0, 1;
    %store/vec4 v0x5d527c66fe00_0, 0, 1;
    %pushi/vec4 1, 0, 2;
    %store/vec4 v0x5d527c66fd20_0, 0, 2;
    %jmp T_5.10;
T_5.4 ;
    %pushi/vec4 1, 0, 1;
    %store/vec4 v0x5d527c66f6a0_0, 0, 1;
    %pushi/vec4 1, 0, 2;
    %store/vec4 v0x5d527c66f5a0_0, 0, 2;
    %pushi/vec4 1, 0, 1;
    %store/vec4 v0x5d527c66fe00_0, 0, 1;
    %pushi/vec4 1, 0, 2;
    %store/vec4 v0x5d527c66fd20_0, 0, 2;
    %jmp T_5.10;
T_5.5 ;
    %pushi/vec4 1, 0, 1;
    %store/vec4 v0x5d527c66f6a0_0, 0, 1;
    %pushi/vec4 1, 0, 1;
    %store/vec4 v0x5d527c66fe00_0, 0, 1;
    %pushi/vec4 1, 0, 2;
    %store/vec4 v0x5d527c66fd20_0, 0, 2;
    %pushi/vec4 3, 0, 2;
    %store/vec4 v0x5d527c66fc40_0, 0, 2;
    %jmp T_5.10;
T_5.6 ;
    %pushi/vec4 1, 0, 1;
    %store/vec4 v0x5d527c66fa00_0, 0, 1;
    %jmp T_5.10;
T_5.7 ;
    %pushi/vec4 2, 0, 2;
    %store/vec4 v0x5d527c66fc40_0, 0, 2;
    %pushi/vec4 1, 0, 1;
    %store/vec4 v0x5d527c66fa00_0, 0, 1;
    %pushi/vec4 1, 0, 1;
    %store/vec4 v0x5d527c66f830_0, 0, 1;
    %pushi/vec4 1, 0, 1;
    %store/vec4 v0x5d527c66fe00_0, 0, 1;
    %pushi/vec4 2, 0, 2;
    %store/vec4 v0x5d527c66fd20_0, 0, 2;
    %jmp T_5.10;
T_5.8 ;
    %pushi/vec4 1, 0, 1;
    %store/vec4 v0x5d527c66f760_0, 0, 1;
    %pushi/vec4 1, 0, 2;
    %store/vec4 v0x5d527c66f5a0_0, 0, 2;
    %jmp T_5.10;
T_5.10 ;
    %pop/vec4 1;
    %jmp T_5;
    .thread T_5, $push;
    .scope S_0x5d527c670220;
T_6 ;
    %pushi/vec4 0, 0, 32;
    %store/vec4 v0x5d527c679800_0, 0, 32;
T_6.0 ; Top of for-loop
    %load/vec4 v0x5d527c679800_0;
    %cmpi/s 32, 0, 32;
	  %jmp/0xz T_6.1, 5;
    %pushi/vec4 0, 0, 32;
    %ix/getv/s 4, v0x5d527c679800_0;
    %store/vec4a v0x5d527c672d20, 4, 0;
T_6.2 ; for-loop step statement
    %load/vec4 v0x5d527c679800_0;
    %addi 1, 0, 32;
    %store/vec4 v0x5d527c679800_0, 0, 32;
    %jmp T_6.0;
T_6.1 ; for-loop exit label
    %end;
    .thread T_6;
    .scope S_0x5d527c670220;
T_7 ;
    %wait E_0x5d527c6708e0;
    %load/vec4 v0x5d527c6731e0_0;
    %cmpi/e 1, 0, 1;
    %jmp/0xz  T_7.0, 4;
    %pushi/vec4 0, 0, 32;
    %store/vec4 v0x5d527c679800_0, 0, 32;
T_7.2 ; Top of for-loop
    %load/vec4 v0x5d527c679800_0;
    %cmpi/s 32, 0, 32;
	  %jmp/0xz T_7.3, 5;
    %pushi/vec4 0, 0, 32;
    %ix/getv/s 3, v0x5d527c679800_0;
    %ix/load 4, 0, 0; Constant delay
    %assign/vec4/a/d v0x5d527c672d20, 0, 4;
T_7.4 ; for-loop step statement
    %load/vec4 v0x5d527c679800_0;
    %addi 1, 0, 32;
    %store/vec4 v0x5d527c679800_0, 0, 32;
    %jmp T_7.2;
T_7.3 ; for-loop exit label
    %jmp T_7.1;
T_7.0 ;
    %load/vec4 v0x5d527c672c60_0;
    %cmpi/e 1, 0, 1;
    %flag_get/vec4 4;
    %jmp/0 T_7.7, 4;
    %load/vec4 v0x5d527c673280_0;
    %pushi/vec4 0, 0, 5;
    %cmp/ne;
    %flag_get/vec4 4;
    %and;
T_7.7;
    %flag_set/vec4 8;
    %jmp/0xz  T_7.5, 8;
    %load/vec4 v0x5d527c670a00_0;
    %load/vec4 v0x5d527c673280_0;
    %pad/u 7;
    %ix/vec4 3;
    %ix/load 4, 0, 0; Constant delay
    %assign/vec4/a/d v0x5d527c672d20, 0, 4;
T_7.5 ;
T_7.1 ;
    %jmp T_7;
    .thread T_7;
    .scope S_0x5d527c66cbb0;
T_8 ;
    %pushi/vec4 0, 0, 1;
    %store/vec4 v0x5d527c66d400_0, 0, 1;
    %end;
    .thread T_8;
    .scope S_0x5d527c66cbb0;
T_9 ;
    %wait E_0x5d527c4eea30;
    %load/vec4 v0x5d527c66d770_0;
    %flag_set/vec4 8;
    %jmp/0xz  T_9.0, 8;
    %load/vec4 v0x5d527c66ce30_0;
    %assign/vec4 v0x5d527c66d240_0, 0;
    %load/vec4 v0x5d527c66cef0_0;
    %assign/vec4 v0x5d527c66d320_0, 0;
    %pushi/vec4 0, 0, 32;
    %assign/vec4 v0x5d527c66cf90_0, 0;
    %pushi/vec4 0, 0, 6;
    %assign/vec4 v0x5d527c66d5f0_0, 0;
    %pushi/vec4 1, 0, 1;
    %assign/vec4 v0x5d527c66d400_0, 0;
    %jmp T_9.1;
T_9.0 ;
    %load/vec4 v0x5d527c66d400_0;
    %flag_set/vec4 8;
    %jmp/0xz  T_9.2, 8;
    %load/vec4 v0x5d527c66d240_0;
    %parti/s 1, 0, 2;
    %flag_set/vec4 8;
    %jmp/0xz  T_9.4, 8;
    %load/vec4 v0x5d527c66cf90_0;
    %load/vec4 v0x5d527c66d320_0;
    %add;
    %assign/vec4 v0x5d527c66cf90_0, 0;
T_9.4 ;
    %load/vec4 v0x5d527c66d240_0;
    %ix/load 4, 1, 0;
    %flag_set/imm 4, 0;
    %shiftr 4;
    %assign/vec4 v0x5d527c66d240_0, 0;
    %load/vec4 v0x5d527c66d320_0;
    %ix/load 4, 1, 0;
    %flag_set/imm 4, 0;
    %shiftl 4;
    %assign/vec4 v0x5d527c66d320_0, 0;
    %load/vec4 v0x5d527c66d5f0_0;
    %addi 1, 0, 6;
    %assign/vec4 v0x5d527c66d5f0_0, 0;
    %load/vec4 v0x5d527c66d5f0_0;
    %pad/u 32;
    %cmpi/e 31, 0, 32;
    %jmp/0xz  T_9.6, 4;
    %pushi/vec4 0, 0, 1;
    %assign/vec4 v0x5d527c66d400_0, 0;
T_9.6 ;
T_9.2 ;
T_9.1 ;
    %jmp T_9;
    .thread T_9;
    .scope S_0x5d527c66bd80;
T_10 ;
    %pushi/vec4 0, 0, 1;
    %store/vec4 v0x5d527c66c550_0, 0, 1;
    %end;
    .thread T_10;
    .scope S_0x5d527c66bd80;
T_11 ;
    %wait E_0x5d527c4eea30;
    %load/vec4 v0x5d527c66ca30_0;
    %flag_set/vec4 8;
    %jmp/0xz  T_11.0, 8;
    %load/vec4 v0x5d527c66bfc0_0;
    %assign/vec4 v0x5d527c66c7b0_0, 0;
    %load/vec4 v0x5d527c66c0c0_0;
    %assign/vec4 v0x5d527c66c470_0, 0;
    %pushi/vec4 0, 0, 32;
    %assign/vec4 v0x5d527c66c890_0, 0;
    %pushi/vec4 0, 0, 32;
    %assign/vec4 v0x5d527c66c1a0_0, 0;
    %pushi/vec4 32, 0, 6;
    %assign/vec4 v0x5d527c66c6d0_0, 0;
    %pushi/vec4 1, 0, 1;
    %assign/vec4 v0x5d527c66c550_0, 0;
    %jmp T_11.1;
T_11.0 ;
    %load/vec4 v0x5d527c66c550_0;
    %flag_set/vec4 8;
    %jmp/0xz  T_11.2, 8;
    %load/vec4 v0x5d527c66c470_0;
    %load/vec4 v0x5d527c66c890_0;
    %parti/s 31, 0, 2;
    %load/vec4 v0x5d527c66c7b0_0;
    %parti/s 1, 31, 6;
    %concat/vec4; draw_concat_vec4
    %cmp/u;
    %flag_or 5, 4;
    %jmp/0xz  T_11.4, 5;
    %load/vec4 v0x5d527c66c890_0;
    %parti/s 31, 0, 2;
    %load/vec4 v0x5d527c66c7b0_0;
    %parti/s 1, 31, 6;
    %concat/vec4; draw_concat_vec4
    %load/vec4 v0x5d527c66c470_0;
    %sub;
    %assign/vec4 v0x5d527c66c890_0, 0;
    %pushi/vec4 1, 0, 1;
    %ix/load 5, 0, 0;
    %load/vec4 v0x5d527c66c6d0_0;
    %pad/u 32;
    %subi 1, 0, 32;
    %ix/vec4 4;
    %assign/vec4/off/d v0x5d527c66c1a0_0, 4, 5;
    %jmp T_11.5;
T_11.4 ;
    %load/vec4 v0x5d527c66c890_0;
    %parti/s 31, 0, 2;
    %load/vec4 v0x5d527c66c7b0_0;
    %parti/s 1, 31, 6;
    %concat/vec4; draw_concat_vec4
    %assign/vec4 v0x5d527c66c890_0, 0;
    %pushi/vec4 0, 0, 1;
    %ix/load 5, 0, 0;
    %load/vec4 v0x5d527c66c6d0_0;
    %pad/u 32;
    %subi 1, 0, 32;
    %ix/vec4 4;
    %assign/vec4/off/d v0x5d527c66c1a0_0, 4, 5;
T_11.5 ;
    %load/vec4 v0x5d527c66c7b0_0;
    %ix/load 4, 1, 0;
    %flag_set/imm 4, 0;
    %shiftl 4;
    %assign/vec4 v0x5d527c66c7b0_0, 0;
    %load/vec4 v0x5d527c66c6d0_0;
    %subi 1, 0, 6;
    %assign/vec4 v0x5d527c66c6d0_0, 0;
    %load/vec4 v0x5d527c66c6d0_0;
    %pad/u 32;
    %cmpi/e 1, 0, 32;
    %jmp/0xz  T_11.6, 4;
    %pushi/vec4 0, 0, 1;
    %assign/vec4 v0x5d527c66c550_0, 0;
T_11.6 ;
T_11.2 ;
T_11.1 ;
    %jmp T_11;
    .thread T_11;
    .scope S_0x5d527c66bae0;
T_12 ;
    %wait E_0x5d527c4efe90;
    %load/vec4 v0x5d527c66d930_0;
    %dup/vec4;
    %pushi/vec4 0, 0, 2;
    %cmp/u;
    %jmp/1 T_12.0, 6;
    %dup/vec4;
    %pushi/vec4 1, 0, 2;
    %cmp/u;
    %jmp/1 T_12.1, 6;
    %dup/vec4;
    %pushi/vec4 2, 0, 2;
    %cmp/u;
    %jmp/1 T_12.2, 6;
    %dup/vec4;
    %pushi/vec4 3, 0, 2;
    %cmp/u;
    %jmp/1 T_12.3, 6;
    %pushi/vec4 0, 0, 32;
    %store/vec4 v0x5d527c66dbe0_0, 0, 32;
    %jmp T_12.5;
T_12.0 ;
    %load/vec4 v0x5d527c66da30_0;
    %load/vec4 v0x5d527c66daf0_0;
    %add;
    %store/vec4 v0x5d527c66dbe0_0, 0, 32;
    %jmp T_12.5;
T_12.1 ;
    %load/vec4 v0x5d527c66da30_0;
    %load/vec4 v0x5d527c66daf0_0;
    %sub;
    %store/vec4 v0x5d527c66dbe0_0, 0, 32;
    %jmp T_12.5;
T_12.2 ;
    %load/vec4 v0x5d527c66ec80_0;
    %store/vec4 v0x5d527c66dbe0_0, 0, 32;
    %jmp T_12.5;
T_12.3 ;
    %load/vec4 v0x5d527c66eb40_0;
    %store/vec4 v0x5d527c66dbe0_0, 0, 32;
    %jmp T_12.5;
T_12.5 ;
    %pop/vec4 1;
    %jmp T_12;
    .thread T_12, $push;
    .scope S_0x5d527c66b1b0;
T_13 ;
    %wait E_0x5d527c6708e0;
    %load/vec4 v0x5d527c67ff20_0;
    %flag_set/vec4 8;
    %jmp/0xz  T_13.0, 8;
    %pushi/vec4 0, 0, 32;
    %assign/vec4 v0x5d527c67e280_0, 0;
    %jmp T_13.1;
T_13.0 ;
    %load/vec4 v0x5d527c680100_0;
    %nor/r;
    %flag_set/vec4 8;
    %jmp/0xz  T_13.2, 8;
    %load/vec4 v0x5d527c67e120_0;
    %assign/vec4 v0x5d527c67e280_0, 0;
T_13.2 ;
T_13.1 ;
    %jmp T_13;
    .thread T_13;
    .scope S_0x5d527c66b1b0;
T_14 ;
    %wait E_0x5d527c6708e0;
    %load/vec4 v0x5d527c67ff20_0;
    %flag_set/vec4 8;
    %jmp/0xz  T_14.0, 8;
    %pushi/vec4 0, 0, 32;
    %assign/vec4 v0x5d527c67d120_0, 0;
    %pushi/vec4 0, 0, 32;
    %assign/vec4 v0x5d527c67d040_0, 0;
    %pushi/vec4 0, 0, 1;
    %assign/vec4 v0x5d527c67d200_0, 0;
    %jmp T_14.1;
T_14.0 ;
    %load/vec4 v0x5d527c680100_0;
    %nor/r;
    %flag_set/vec4 8;
    %jmp/0xz  T_14.2, 8;
    %load/vec4 v0x5d527c67d2c0_0;
    %flag_set/vec4 8;
    %jmp/0xz  T_14.4, 8;
    %pushi/vec4 0, 0, 1;
    %assign/vec4 v0x5d527c67d200_0, 0;
    %pushi/vec4 0, 0, 32;
    %assign/vec4 v0x5d527c67d040_0, 0;
    %jmp T_14.5;
T_14.4 ;
    %load/vec4 v0x5d527c67e280_0;
    %ix/load 4, 2, 0;
    %flag_set/imm 4, 0;
    %shiftr 4;
    %assign/vec4 v0x5d527c67d120_0, 0;
    %load/vec4 v0x5d527c67d460_0;
    %assign/vec4 v0x5d527c67d040_0, 0;
    %pushi/vec4 1, 0, 1;
    %assign/vec4 v0x5d527c67d200_0, 0;
T_14.5 ;
T_14.2 ;
T_14.1 ;
    %jmp T_14;
    .thread T_14;
    .scope S_0x5d527c66b1b0;
T_15 ;
    %wait E_0x5d527c6708e0;
    %load/vec4 v0x5d527c67ff20_0;
    %flag_set/vec4 8;
    %jmp/0xz  T_15.0, 8;
    %pushi/vec4 0, 0, 1;
    %assign/vec4 v0x5d527c67b600_0, 0;
    %pushi/vec4 0, 0, 1;
    %assign/vec4 v0x5d527c67b1c0_0, 0;
    %pushi/vec4 0, 0, 1;
    %assign/vec4 v0x5d527c67ad80_0, 0;
    %pushi/vec4 0, 0, 1;
    %assign/vec4 v0x5d527c67acc0_0, 0;
    %jmp T_15.1;
T_15.0 ;
    %load/vec4 v0x5d527c67ffc0_0;
    %flag_set/vec4 8;
    %jmp/0xz  T_15.2, 8;
    %jmp T_15.3;
T_15.2 ;
    %load/vec4 v0x5d527c6801c0_0;
    %flag_set/vec4 8;
    %jmp/1 T_15.6, 8;
    %load/vec4 v0x5d527c680060_0;
    %flag_set/vec4 9;
    %flag_or 8, 9;
T_15.6;
    %jmp/0xz  T_15.4, 8;
    %pushi/vec4 0, 0, 1;
    %assign/vec4 v0x5d527c67b600_0, 0;
    %pushi/vec4 0, 0, 1;
    %assign/vec4 v0x5d527c67b1c0_0, 0;
    %pushi/vec4 0, 0, 1;
    %assign/vec4 v0x5d527c67ad80_0, 0;
    %pushi/vec4 0, 0, 1;
    %assign/vec4 v0x5d527c67acc0_0, 0;
    %jmp T_15.5;
T_15.4 ;
    %load/vec4 v0x5d527c67d120_0;
    %assign/vec4 v0x5d527c67af20_0, 0;
    %load/vec4 v0x5d527c67d040_0;
    %assign/vec4 v0x5d527c67aa10_0, 0;
    %load/vec4 v0x5d527c67d200_0;
    %assign/vec4 v0x5d527c67b600_0, 0;
    %load/vec4 v0x5d527c68bea0_0;
    %assign/vec4 v0x5d527c67b360_0, 0;
    %load/vec4 v0x5d527c68c040_0;
    %assign/vec4 v0x5d527c67b520_0, 0;
    %load/vec4 v0x5d527c68c8d0_0;
    %assign/vec4 v0x5d527c67a930_0, 0;
    %load/vec4 v0x5d527c68c730_0;
    %assign/vec4 v0x5d527c67b280_0, 0;
    %load/vec4 v0x5d527c68c800_0;
    %assign/vec4 v0x5d527c67b440_0, 0;
    %load/vec4 v0x5d527c68c4b0_0;
    %assign/vec4 v0x5d527c67b000_0, 0;
    %load/vec4 v0x5d527c67fd80_0;
    %assign/vec4 v0x5d527c67b0e0_0, 0;
    %load/vec4 v0x5d527c67e050_0;
    %assign/vec4 v0x5d527c67ae40_0, 0;
    %load/vec4 v0x5d527c679e00_0;
    %assign/vec4 v0x5d527c67a7a0_0, 0;
    %load/vec4 v0x5d527c67fe50_0;
    %assign/vec4 v0x5d527c67b1c0_0, 0;
    %load/vec4 v0x5d527c679f10_0;
    %assign/vec4 v0x5d527c67a890_0, 0;
    %load/vec4 v0x5d527c67deb0_0;
    %assign/vec4 v0x5d527c67acc0_0, 0;
    %load/vec4 v0x5d527c67df80_0;
    %assign/vec4 v0x5d527c67ad80_0, 0;
    %load/vec4 v0x5d527c67d540_0;
    %assign/vec4 v0x5d527c67aaf0_0, 0;
T_15.5 ;
T_15.3 ;
T_15.1 ;
    %jmp T_15;
    .thread T_15;
    .scope S_0x5d527c66b1b0;
T_16 ;
    %wait E_0x5d527c6708e0;
    %load/vec4 v0x5d527c67ff20_0;
    %flag_set/vec4 8;
    %jmp/0xz  T_16.0, 8;
    %pushi/vec4 0, 0, 1;
    %assign/vec4 v0x5d527c68b880_0, 0;
    %jmp T_16.1;
T_16.0 ;
    %load/vec4 v0x5d527c67ffc0_0;
    %flag_set/vec4 8;
    %jmp/0xz  T_16.2, 8;
    %pushi/vec4 1, 0, 1;
    %assign/vec4 v0x5d527c68b880_0, 0;
    %jmp T_16.3;
T_16.2 ;
    %pushi/vec4 0, 0, 1;
    %assign/vec4 v0x5d527c68b880_0, 0;
T_16.3 ;
T_16.1 ;
    %jmp T_16;
    .thread T_16;
    .scope S_0x5d527c66b1b0;
T_17 ;
    %wait E_0x5d527c6708e0;
    %load/vec4 v0x5d527c67ff20_0;
    %flag_set/vec4 8;
    %jmp/0xz  T_17.0, 8;
    %pushi/vec4 0, 0, 1;
    %assign/vec4 v0x5d527c67ca80_0, 0;
    %pushi/vec4 0, 0, 1;
    %assign/vec4 v0x5d527c67c9c0_0, 0;
    %pushi/vec4 0, 0, 1;
    %assign/vec4 v0x5d527c67c740_0, 0;
    %pushi/vec4 0, 0, 1;
    %assign/vec4 v0x5d527c67c680_0, 0;
    %jmp T_17.1;
T_17.0 ;
    %load/vec4 v0x5d527c67ffc0_0;
    %flag_set/vec4 8;
    %jmp/0xz  T_17.2, 8;
    %pushi/vec4 0, 0, 1;
    %assign/vec4 v0x5d527c67ca80_0, 0;
    %pushi/vec4 0, 0, 1;
    %assign/vec4 v0x5d527c67c9c0_0, 0;
    %pushi/vec4 0, 0, 1;
    %assign/vec4 v0x5d527c67c740_0, 0;
    %pushi/vec4 0, 0, 1;
    %assign/vec4 v0x5d527c67c680_0, 0;
    %jmp T_17.3;
T_17.2 ;
    %load/vec4 v0x5d527c67af20_0;
    %assign/vec4 v0x5d527c67c8e0_0, 0;
    %load/vec4 v0x5d527c67aa10_0;
    %assign/vec4 v0x5d527c67c5a0_0, 0;
    %load/vec4 v0x5d527c67b600_0;
    %assign/vec4 v0x5d527c67ca80_0, 0;
    %load/vec4 v0x5d527c68b9e0_0;
    %assign/vec4 v0x5d527c67c4c0_0, 0;
    %load/vec4 v0x5d527c67a150_0;
    %assign/vec4 v0x5d527c67cb40_0, 0;
    %load/vec4 v0x5d527c67b6c0_0;
    %assign/vec4 v0x5d527c67cc20_0, 0;
    %load/vec4 v0x5d527c67ae40_0;
    %assign/vec4 v0x5d527c67c800_0, 0;
    %load/vec4 v0x5d527c67b1c0_0;
    %assign/vec4 v0x5d527c67c9c0_0, 0;
    %load/vec4 v0x5d527c67acc0_0;
    %assign/vec4 v0x5d527c67c680_0, 0;
    %load/vec4 v0x5d527c67ad80_0;
    %assign/vec4 v0x5d527c67c740_0, 0;
T_17.3 ;
T_17.1 ;
    %jmp T_17;
    .thread T_17;
    .scope S_0x5d527c66b1b0;
T_18 ;
    %wait E_0x5d527c6708e0;
    %load/vec4 v0x5d527c67ff20_0;
    %flag_set/vec4 8;
    %jmp/0xz  T_18.0, 8;
    %pushi/vec4 0, 0, 1;
    %assign/vec4 v0x5d527c67dd00_0, 0;
    %pushi/vec4 0, 0, 1;
    %assign/vec4 v0x5d527c67dc40_0, 0;
    %jmp T_18.1;
T_18.0 ;
    %load/vec4 v0x5d527c67c8e0_0;
    %assign/vec4 v0x5d527c67db60_0, 0;
    %load/vec4 v0x5d527c67c5a0_0;
    %assign/vec4 v0x5d527c67daa0_0, 0;
    %load/vec4 v0x5d527c67ca80_0;
    %assign/vec4 v0x5d527c67dd00_0, 0;
    %load/vec4 v0x5d527c67d8f0_0;
    %assign/vec4 v0x5d527c67d9b0_0, 0;
    %load/vec4 v0x5d527c67cc20_0;
    %assign/vec4 v0x5d527c67ddc0_0, 0;
    %load/vec4 v0x5d527c67c9c0_0;
    %assign/vec4 v0x5d527c67dc40_0, 0;
T_18.1 ;
    %jmp T_18;
    .thread T_18;
    .scope S_0x5d527c63cff0;
T_19 ;
    %wait E_0x5d527c4b4c80;
    %ix/getv 4, v0x5d527c68feb0_0;
    %load/vec4a v0x5d527c68f7f0, 4;
    %store/vec4 v0x5d527c68ff50_0, 0, 32;
    %jmp T_19;
    .thread T_19, $push;
    .scope S_0x5d527c63cff0;
T_20 ;
    %wait E_0x5d527c4eec80;
    %load/vec4 v0x5d527c68fc10_0;
    %dup/vec4;
    %pushi/vec4 16384, 0, 32;
    %cmp/u;
    %jmp/1 T_20.0, 6;
    %dup/vec4;
    %pushi/vec4 16385, 0, 32;
    %cmp/u;
    %jmp/1 T_20.1, 6;
    %dup/vec4;
    %pushi/vec4 16409, 0, 32;
    %cmp/u;
    %jmp/1 T_20.2, 6;
    %dup/vec4;
    %pushi/vec4 16410, 0, 32;
    %cmp/u;
    %jmp/1 T_20.3, 6;
    %dup/vec4;
    %pushi/vec4 16411, 0, 32;
    %cmp/u;
    %jmp/1 T_20.4, 6;
    %dup/vec4;
    %pushi/vec4 16412, 0, 32;
    %cmp/u;
    %jmp/1 T_20.5, 6;
    %dup/vec4;
    %pushi/vec4 16413, 0, 32;
    %cmp/u;
    %jmp/1 T_20.6, 6;
    %dup/vec4;
    %pushi/vec4 16414, 0, 32;
    %cmp/u;
    %jmp/1 T_20.7, 6;
    %dup/vec4;
    %pushi/vec4 16415, 0, 32;
    %cmp/u;
    %jmp/1 T_20.8, 6;
    %dup/vec4;
    %pushi/vec4 16416, 0, 32;
    %cmp/u;
    %jmp/1 T_20.9, 6;
    %dup/vec4;
    %pushi/vec4 16417, 0, 32;
    %cmp/u;
    %jmp/1 T_20.10, 6;
    %dup/vec4;
    %pushi/vec4 16418, 0, 32;
    %cmp/u;
    %jmp/1 T_20.11, 6;
    %load/vec4 v0x5d527c68fc10_0;
    %ix/load 4, 2, 0;
    %flag_set/imm 4, 0;
    %shiftl 4;
    %vpi_call/w 3 162 "$display", "WARNING: Invalid address to read : %x", S<0,vec4,u32> {1 0 0};
    %pushi/vec4 0, 0, 32;
    %store/vec4 v0x5d527c68fcd0_0, 0, 32;
    %jmp T_20.13;
T_20.0 ;
    %pushi/vec4 10, 0, 32;
    %store/vec4 v0x5d527c68fcd0_0, 0, 32;
    %jmp T_20.13;
T_20.1 ;
    %pushi/vec4 11, 0, 32;
    %store/vec4 v0x5d527c68fcd0_0, 0, 32;
    %jmp T_20.13;
T_20.2 ;
    %ix/load 4, 0, 0;
    %flag_set/imm 4, 0;
    %load/vec4a v0x5d527c68fff0, 4;
    %store/vec4 v0x5d527c68fcd0_0, 0, 32;
    %jmp T_20.13;
T_20.3 ;
    %ix/load 4, 1, 0;
    %flag_set/imm 4, 0;
    %load/vec4a v0x5d527c68fff0, 4;
    %store/vec4 v0x5d527c68fcd0_0, 0, 32;
    %jmp T_20.13;
T_20.4 ;
    %ix/load 4, 2, 0;
    %flag_set/imm 4, 0;
    %load/vec4a v0x5d527c68fff0, 4;
    %store/vec4 v0x5d527c68fcd0_0, 0, 32;
    %jmp T_20.13;
T_20.5 ;
    %ix/load 4, 3, 0;
    %flag_set/imm 4, 0;
    %load/vec4a v0x5d527c68fff0, 4;
    %store/vec4 v0x5d527c68fcd0_0, 0, 32;
    %jmp T_20.13;
T_20.6 ;
    %ix/load 4, 4, 0;
    %flag_set/imm 4, 0;
    %load/vec4a v0x5d527c68fff0, 4;
    %store/vec4 v0x5d527c68fcd0_0, 0, 32;
    %jmp T_20.13;
T_20.7 ;
    %ix/load 4, 5, 0;
    %flag_set/imm 4, 0;
    %load/vec4a v0x5d527c68fff0, 4;
    %store/vec4 v0x5d527c68fcd0_0, 0, 32;
    %jmp T_20.13;
T_20.8 ;
    %ix/load 4, 6, 0;
    %flag_set/imm 4, 0;
    %load/vec4a v0x5d527c68fff0, 4;
    %store/vec4 v0x5d527c68fcd0_0, 0, 32;
    %jmp T_20.13;
T_20.9 ;
    %ix/load 4, 7, 0;
    %flag_set/imm 4, 0;
    %load/vec4a v0x5d527c68fff0, 4;
    %store/vec4 v0x5d527c68fcd0_0, 0, 32;
    %jmp T_20.13;
T_20.10 ;
    %ix/load 4, 8, 0;
    %flag_set/imm 4, 0;
    %load/vec4a v0x5d527c68fff0, 4;
    %store/vec4 v0x5d527c68fcd0_0, 0, 32;
    %jmp T_20.13;
T_20.11 ;
    %ix/load 4, 9, 0;
    %flag_set/imm 4, 0;
    %load/vec4a v0x5d527c68fff0, 4;
    %store/vec4 v0x5d527c68fcd0_0, 0, 32;
    %jmp T_20.13;
T_20.13 ;
    %pop/vec4 1;
    %jmp T_20;
    .thread T_20, $push;
    .scope S_0x5d527c63cff0;
T_21 ;
    %wait E_0x5d527c4eea30;
    %load/vec4 v0x5d527c68fe10_0;
    %flag_set/vec4 8;
    %jmp/0xz  T_21.0, 8;
    %load/vec4 v0x5d527c68fc10_0;
    %dup/vec4;
    %pushi/vec4 16409, 0, 32;
    %cmp/u;
    %jmp/1 T_21.2, 6;
    %dup/vec4;
    %pushi/vec4 16410, 0, 32;
    %cmp/u;
    %jmp/1 T_21.3, 6;
    %dup/vec4;
    %pushi/vec4 16411, 0, 32;
    %cmp/u;
    %jmp/1 T_21.4, 6;
    %dup/vec4;
    %pushi/vec4 16412, 0, 32;
    %cmp/u;
    %jmp/1 T_21.5, 6;
    %dup/vec4;
    %pushi/vec4 16413, 0, 32;
    %cmp/u;
    %jmp/1 T_21.6, 6;
    %dup/vec4;
    %pushi/vec4 16414, 0, 32;
    %cmp/u;
    %jmp/1 T_21.7, 6;
    %dup/vec4;
    %pushi/vec4 16415, 0, 32;
    %cmp/u;
    %jmp/1 T_21.8, 6;
    %dup/vec4;
    %pushi/vec4 16416, 0, 32;
    %cmp/u;
    %jmp/1 T_21.9, 6;
    %dup/vec4;
    %pushi/vec4 16417, 0, 32;
    %cmp/u;
    %jmp/1 T_21.10, 6;
    %dup/vec4;
    %pushi/vec4 16418, 0, 32;
    %cmp/u;
    %jmp/1 T_21.11, 6;
    %load/vec4 v0x5d527c68fc10_0;
    %ix/load 4, 2, 0;
    %flag_set/imm 4, 0;
    %shiftl 4;
    %vpi_call/w 3 180 "$display", "WARNING: Invalid address to write : %x", S<0,vec4,u32> {1 0 0};
    %jmp T_21.13;
T_21.2 ;
    %load/vec4 v0x5d527c68fd70_0;
    %ix/load 4, 0, 0;
    %flag_set/imm 4, 0;
    %store/vec4a v0x5d527c68fff0, 4, 0;
    %jmp T_21.13;
T_21.3 ;
    %load/vec4 v0x5d527c68fd70_0;
    %ix/load 4, 1, 0;
    %flag_set/imm 4, 0;
    %store/vec4a v0x5d527c68fff0, 4, 0;
    %jmp T_21.13;
T_21.4 ;
    %load/vec4 v0x5d527c68fd70_0;
    %ix/load 4, 2, 0;
    %flag_set/imm 4, 0;
    %store/vec4a v0x5d527c68fff0, 4, 0;
    %jmp T_21.13;
T_21.5 ;
    %load/vec4 v0x5d527c68fd70_0;
    %ix/load 4, 3, 0;
    %flag_set/imm 4, 0;
    %store/vec4a v0x5d527c68fff0, 4, 0;
    %jmp T_21.13;
T_21.6 ;
    %load/vec4 v0x5d527c68fd70_0;
    %ix/load 4, 4, 0;
    %flag_set/imm 4, 0;
    %store/vec4a v0x5d527c68fff0, 4, 0;
    %jmp T_21.13;
T_21.7 ;
    %load/vec4 v0x5d527c68fd70_0;
    %ix/load 4, 5, 0;
    %flag_set/imm 4, 0;
    %store/vec4a v0x5d527c68fff0, 4, 0;
    %jmp T_21.13;
T_21.8 ;
    %load/vec4 v0x5d527c68fd70_0;
    %ix/load 4, 6, 0;
    %flag_set/imm 4, 0;
    %store/vec4a v0x5d527c68fff0, 4, 0;
    %jmp T_21.13;
T_21.9 ;
    %load/vec4 v0x5d527c68fd70_0;
    %ix/load 4, 7, 0;
    %flag_set/imm 4, 0;
    %store/vec4a v0x5d527c68fff0, 4, 0;
    %jmp T_21.13;
T_21.10 ;
    %load/vec4 v0x5d527c68fd70_0;
    %ix/load 4, 8, 0;
    %flag_set/imm 4, 0;
    %store/vec4a v0x5d527c68fff0, 4, 0;
    %jmp T_21.13;
T_21.11 ;
    %load/vec4 v0x5d527c68fd70_0;
    %ix/load 4, 9, 0;
    %flag_set/imm 4, 0;
    %store/vec4a v0x5d527c68fff0, 4, 0;
    %jmp T_21.13;
T_21.13 ;
    %pop/vec4 1;
T_21.0 ;
    %jmp T_21;
    .thread T_21;
    .scope S_0x5d527c63cff0;
T_22 ;
    %wait E_0x5d527c4eea30;
    %load/vec4 v0x5d527c68eb80_0;
    %flag_set/vec4 8;
    %jmp/0xz  T_22.0, 8;
    %pushi/vec4 1, 0, 1;
    %store/vec4 v0x5d527c690150_0, 0, 1;
    %pushi/vec4 0, 0, 1;
    %store/vec4 v0x5d527c68e2b0_0, 0, 1;
    %pushi/vec4 0, 0, 1;
    %store/vec4 v0x5d527c68e370_0, 0, 1;
    %pushi/vec4 0, 0, 1;
    %store/vec4 v0x5d527c68e210_0, 0, 1;
    %pushi/vec4 0, 0, 1;
    %store/vec4 v0x5d527c68e150_0, 0, 1;
    %load/vec4 v0x5d527c68e7c0_0;
    %parti/s 6, 26, 6;
    %dup/vec4;
    %pushi/vec4 0, 0, 6;
    %cmp/u;
    %jmp/1 T_22.2, 6;
    %dup/vec4;
    %pushi/vec4 8, 0, 6;
    %cmp/u;
    %jmp/1 T_22.3, 6;
    %dup/vec4;
    %pushi/vec4 9, 0, 6;
    %cmp/u;
    %jmp/1 T_22.4, 6;
    %dup/vec4;
    %pushi/vec4 15, 0, 6;
    %cmp/u;
    %jmp/1 T_22.5, 6;
    %dup/vec4;
    %pushi/vec4 35, 0, 6;
    %cmp/u;
    %jmp/1 T_22.6, 6;
    %dup/vec4;
    %pushi/vec4 43, 0, 6;
    %cmp/u;
    %jmp/1 T_22.7, 6;
    %dup/vec4;
    %pushi/vec4 4, 0, 6;
    %cmp/u;
    %jmp/1 T_22.8, 6;
    %dup/vec4;
    %pushi/vec4 2, 0, 6;
    %cmp/u;
    %jmp/1 T_22.9, 6;
    %dup/vec4;
    %pushi/vec4 3, 0, 6;
    %cmp/u;
    %jmp/1 T_22.10, 6;
    %jmp T_22.12;
T_22.2 ;
    %load/vec4 v0x5d527c68e7c0_0;
    %parti/s 6, 0, 2;
    %dup/vec4;
    %pushi/vec4 32, 0, 6;
    %cmp/u;
    %jmp/1 T_22.13, 6;
    %dup/vec4;
    %pushi/vec4 34, 0, 6;
    %cmp/u;
    %jmp/1 T_22.14, 6;
    %dup/vec4;
    %pushi/vec4 24, 0, 6;
    %cmp/u;
    %jmp/1 T_22.15, 6;
    %dup/vec4;
    %pushi/vec4 26, 0, 6;
    %cmp/u;
    %jmp/1 T_22.16, 6;
    %dup/vec4;
    %pushi/vec4 8, 0, 6;
    %cmp/u;
    %jmp/1 T_22.17, 6;
    %jmp T_22.19;
T_22.13 ;
    %pushi/vec4 3, 0, 2;
    %split/vec4 1;
    %store/vec4 v0x5d527c68e370_0, 0, 1;
    %store/vec4 v0x5d527c68e2b0_0, 0, 1;
    %jmp T_22.19;
T_22.14 ;
    %pushi/vec4 3, 0, 2;
    %split/vec4 1;
    %store/vec4 v0x5d527c68e370_0, 0, 1;
    %store/vec4 v0x5d527c68e2b0_0, 0, 1;
    %jmp T_22.19;
T_22.15 ;
    %pushi/vec4 3, 0, 2;
    %split/vec4 1;
    %store/vec4 v0x5d527c68e370_0, 0, 1;
    %store/vec4 v0x5d527c68e2b0_0, 0, 1;
    %jmp T_22.19;
T_22.16 ;
    %pushi/vec4 3, 0, 2;
    %split/vec4 1;
    %store/vec4 v0x5d527c68e370_0, 0, 1;
    %store/vec4 v0x5d527c68e2b0_0, 0, 1;
    %jmp T_22.19;
T_22.17 ;
    %pushi/vec4 1, 0, 1;
    %store/vec4 v0x5d527c68e2b0_0, 0, 1;
    %jmp T_22.19;
T_22.19 ;
    %pop/vec4 1;
    %jmp T_22.12;
T_22.3 ;
    %pushi/vec4 3, 0, 2;
    %split/vec4 1;
    %store/vec4 v0x5d527c68e210_0, 0, 1;
    %store/vec4 v0x5d527c68e2b0_0, 0, 1;
    %jmp T_22.12;
T_22.4 ;
    %pushi/vec4 3, 0, 2;
    %split/vec4 1;
    %store/vec4 v0x5d527c68e210_0, 0, 1;
    %store/vec4 v0x5d527c68e2b0_0, 0, 1;
    %jmp T_22.12;
T_22.5 ;
    %pushi/vec4 1, 0, 1;
    %store/vec4 v0x5d527c68e210_0, 0, 1;
    %jmp T_22.12;
T_22.6 ;
    %pushi/vec4 3, 0, 2;
    %split/vec4 1;
    %store/vec4 v0x5d527c68e210_0, 0, 1;
    %store/vec4 v0x5d527c68e2b0_0, 0, 1;
    %jmp T_22.12;
T_22.7 ;
    %pushi/vec4 7, 0, 3;
    %split/vec4 1;
    %store/vec4 v0x5d527c68e210_0, 0, 1;
    %split/vec4 1;
    %store/vec4 v0x5d527c68e370_0, 0, 1;
    %store/vec4 v0x5d527c68e2b0_0, 0, 1;
    %jmp T_22.12;
T_22.8 ;
    %pushi/vec4 7, 0, 3;
    %split/vec4 1;
    %store/vec4 v0x5d527c68e210_0, 0, 1;
    %split/vec4 1;
    %store/vec4 v0x5d527c68e370_0, 0, 1;
    %store/vec4 v0x5d527c68e2b0_0, 0, 1;
    %jmp T_22.12;
T_22.9 ;
    %pushi/vec4 1, 0, 1;
    %store/vec4 v0x5d527c68e150_0, 0, 1;
    %jmp T_22.12;
T_22.10 ;
    %pushi/vec4 1, 0, 1;
    %store/vec4 v0x5d527c68e150_0, 0, 1;
    %jmp T_22.12;
T_22.12 ;
    %pop/vec4 1;
    ; show_stmt_assign_vector: Get l-value for compressed &= operand
    %load/vec4 v0x5d527c690150_0;
    %load/vec4 v0x5d527c68e7c0_0;
    %ix/getv 4, v0x5d527c68e860_0;
    %load/vec4a v0x5d527c68f7f0, 4;
    %cmp/e;
    %flag_get/vec4 6;
    %and;
    %store/vec4 v0x5d527c690150_0, 0, 1;
    %load/vec4 v0x5d527c68e2b0_0;
    %flag_set/vec4 8;
    %jmp/0xz  T_22.20, 8;
    ; show_stmt_assign_vector: Get l-value for compressed &= operand
    %load/vec4 v0x5d527c690150_0;
    %load/vec4 v0x5d527c68e9a0_0;
    %pad/u 32;
    %cmpi/e 1, 0, 32;
    %flag_get/vec4 6;
    %jmp/0 T_22.22, 6;
    %load/vec4 v0x5d527c68e900_0;
    %load/vec4 v0x5d527c68e7c0_0;
    %parti/s 5, 21, 6;
    %pad/u 7;
    %ix/vec4 4;
    %load/vec4a v0x5d527c68f990, 4;
    %cmp/e;
    %flag_get/vec4 6;
    %and;
T_22.22;
    %and;
    %store/vec4 v0x5d527c690150_0, 0, 1;
    %load/vec4 v0x5d527c68e9a0_0;
    %pad/u 32;
    %cmpi/ne 1, 0, 32;
    %jmp/0xz  T_22.23, 6;
    %vpi_call/w 3 260 "$display" {0 0 0};
    %jmp T_22.24;
T_22.23 ;
    %load/vec4 v0x5d527c68e900_0;
    %load/vec4 v0x5d527c68e7c0_0;
    %parti/s 5, 21, 6;
    %pad/u 7;
    %ix/vec4 4;
    %load/vec4a v0x5d527c68f990, 4;
    %cmp/ne;
    %jmp/0xz  T_22.25, 6;
    %vpi_call/w 3 261 "$display" {0 0 0};
T_22.25 ;
T_22.24 ;
T_22.20 ;
    %load/vec4 v0x5d527c68e370_0;
    %flag_set/vec4 8;
    %jmp/0xz  T_22.27, 8;
    ; show_stmt_assign_vector: Get l-value for compressed &= operand
    %load/vec4 v0x5d527c690150_0;
    %load/vec4 v0x5d527c68eae0_0;
    %pad/u 32;
    %cmpi/e 1, 0, 32;
    %flag_get/vec4 6;
    %jmp/0 T_22.29, 6;
    %load/vec4 v0x5d527c68ea40_0;
    %load/vec4 v0x5d527c68e7c0_0;
    %parti/s 5, 16, 6;
    %pad/u 7;
    %ix/vec4 4;
    %load/vec4a v0x5d527c68f990, 4;
    %cmp/e;
    %flag_get/vec4 6;
    %and;
T_22.29;
    %and;
    %store/vec4 v0x5d527c690150_0, 0, 1;
    %load/vec4 v0x5d527c68eae0_0;
    %pad/u 32;
    %cmpi/ne 1, 0, 32;
    %jmp/0xz  T_22.30, 6;
    %vpi_call/w 3 265 "$display" {0 0 0};
    %jmp T_22.31;
T_22.30 ;
    %load/vec4 v0x5d527c68ea40_0;
    %load/vec4 v0x5d527c68e7c0_0;
    %parti/s 5, 16, 6;
    %pad/u 7;
    %ix/vec4 4;
    %load/vec4a v0x5d527c68f990, 4;
    %cmp/ne;
    %jmp/0xz  T_22.32, 6;
    %vpi_call/w 3 266 "$display" {0 0 0};
T_22.32 ;
T_22.31 ;
T_22.27 ;
    %load/vec4 v0x5d527c68e210_0;
    %flag_set/vec4 8;
    %jmp/0xz  T_22.34, 8;
    ; show_stmt_assign_vector: Get l-value for compressed &= operand
    %load/vec4 v0x5d527c690150_0;
    %load/vec4 v0x5d527c68e720_0;
    %pad/u 32;
    %cmpi/e 1, 0, 32;
    %flag_get/vec4 6;
    %jmp/0 T_22.36, 6;
    %load/vec4 v0x5d527c68e680_0;
    %load/vec4 v0x5d527c68e7c0_0;
    %parti/s 16, 0, 2;
    %cmp/e;
    %flag_get/vec4 6;
    %and;
T_22.36;
    %and;
    %store/vec4 v0x5d527c690150_0, 0, 1;
    %load/vec4 v0x5d527c68e720_0;
    %pad/u 32;
    %cmpi/ne 1, 0, 32;
    %jmp/0xz  T_22.37, 6;
    %vpi_call/w 3 270 "$display" {0 0 0};
    %jmp T_22.38;
T_22.37 ;
    %load/vec4 v0x5d527c68e680_0;
    %load/vec4 v0x5d527c68e7c0_0;
    %parti/s 16, 0, 2;
    %cmp/ne;
    %jmp/0xz  T_22.39, 6;
    %vpi_call/w 3 271 "$display" {0 0 0};
T_22.39 ;
T_22.38 ;
T_22.34 ;
    %load/vec4 v0x5d527c68e150_0;
    %flag_set/vec4 8;
    %jmp/0xz  T_22.41, 8;
    ; show_stmt_assign_vector: Get l-value for compressed &= operand
    %load/vec4 v0x5d527c690150_0;
    %load/vec4 v0x5d527c68e5e0_0;
    %pad/u 32;
    %cmpi/e 1, 0, 32;
    %flag_get/vec4 6;
    %jmp/0 T_22.43, 6;
    %load/vec4 v0x5d527c68e520_0;
    %load/vec4 v0x5d527c68e7c0_0;
    %parti/s 26, 0, 2;
    %cmp/e;
    %flag_get/vec4 6;
    %and;
T_22.43;
    %and;
    %store/vec4 v0x5d527c690150_0, 0, 1;
    %load/vec4 v0x5d527c68e5e0_0;
    %pad/u 32;
    %cmpi/ne 1, 0, 32;
    %jmp/0xz  T_22.44, 6;
    %vpi_call/w 3 275 "$display" {0 0 0};
    %jmp T_22.45;
T_22.44 ;
    %load/vec4 v0x5d527c68e520_0;
    %load/vec4 v0x5d527c68e7c0_0;
    %parti/s 26, 0, 2;
    %cmp/ne;
    %jmp/0xz  T_22.46, 6;
    %vpi_call/w 3 276 "$display" {0 0 0};
T_22.46 ;
T_22.45 ;
T_22.41 ;
    %load/vec4 v0x5d527c690150_0;
    %flag_set/vec4 8;
    %jmp/0xz  T_22.48, 8;
    ; show_stmt_assign_vector: Get l-value for compressed += operand
    %load/vec4 v0x5d527c690090_0;
    %pushi/vec4 1, 0, 32;
    %add;
    %store/vec4 v0x5d527c690090_0, 0, 32;
T_22.48 ;
T_22.0 ;
    %jmp T_22;
    .thread T_22;
    .scope S_0x5d527c63cff0;
T_23 ;
    %pushi/vec4 0, 0, 1;
    %store/vec4 v0x5d527c68e480_0, 0, 1;
T_23.0 ;
    %delay 1, 0;
    %load/vec4 v0x5d527c68e480_0;
    %inv;
    %store/vec4 v0x5d527c68e480_0, 0, 1;
    %jmp T_23.0;
T_23.1 ;
    %end;
    .thread T_23;
    .scope S_0x5d527c63cff0;
T_24 ;
    %pushi/vec4 0, 0, 32;
    %store/vec4 v0x5d527c68f230_0, 0, 32;
T_24.0 ; Top of for-loop
    %load/vec4 v0x5d527c68f230_0;
    %cmpi/s 512, 0, 32;
	  %jmp/0xz T_24.1, 5;
    %pushi/vec4 0, 0, 32;
    %ix/getv/s 4, v0x5d527c68f230_0;
    %store/vec4a v0x5d527c68f7f0, 4, 0;
    %pushi/vec4 0, 0, 32;
    %ix/getv/s 4, v0x5d527c68f230_0;
    %store/vec4a v0x5d527c68edd0, 4, 0;
T_24.2 ; for-loop step statement
    %load/vec4 v0x5d527c68f230_0;
    %addi 1, 0, 32;
    %store/vec4 v0x5d527c68f230_0, 0, 32;
    %jmp T_24.0;
T_24.1 ; for-loop exit label
    %pushi/vec4 0, 0, 32;
    %store/vec4 v0x5d527c68f230_0, 0, 32;
T_24.3 ; Top of for-loop
    %load/vec4 v0x5d527c68f230_0;
    %cmpi/s 32, 0, 32;
	  %jmp/0xz T_24.4, 5;
    %pushi/vec4 0, 0, 32;
    %ix/getv/s 4, v0x5d527c68f230_0;
    %store/vec4a v0x5d527c68f990, 4, 0;
T_24.5 ; for-loop step statement
    %load/vec4 v0x5d527c68f230_0;
    %addi 1, 0, 32;
    %store/vec4 v0x5d527c68f230_0, 0, 32;
    %jmp T_24.3;
T_24.4 ; for-loop exit label
    %pushi/vec4 0, 0, 9;
    %store/vec4 v0x5d527c68f8b0_0, 0, 9;
    %pushi/vec4 0, 0, 32;
    %store/vec4 v0x5d527c68f190_0, 0, 32;
    %pushi/vec4 10, 0, 32;
    %ix/load 4, 0, 0;
    %flag_set/imm 4, 0;
    %store/vec4a v0x5d527c68edd0, 4, 0;
    %pushi/vec4 11, 0, 32;
    %ix/load 4, 1, 0;
    %flag_set/imm 4, 0;
    %store/vec4a v0x5d527c68edd0, 4, 0;
    %pushi/vec4 15, 0, 6;
    %pushi/vec4 0, 0, 5;
    %pushi/vec4 26, 0, 5;
    %pushi/vec4 1, 0, 16;
    %store/vec4 v0x5d527c63f760_0, 0, 16;
    %store/vec4 v0x5d527c641a30_0, 0, 5;
    %store/vec4 v0x5d527c640eb0_0, 0, 5;
    %store/vec4 v0x5d527c640de0_0, 0, 6;
    %callf/vec4 TD_tb.ITYPE, S_0x5d527c63eee0;
    %ix/load 4, 0, 0;
    %flag_set/imm 4, 0;
    %store/vec4a v0x5d527c68f7f0, 4, 0;
    %pushi/vec4 35, 0, 6;
    %pushi/vec4 26, 0, 5;
    %pushi/vec4 1, 0, 5;
    %pushi/vec4 0, 0, 16;
    %store/vec4 v0x5d527c63f760_0, 0, 16;
    %store/vec4 v0x5d527c641a30_0, 0, 5;
    %store/vec4 v0x5d527c640eb0_0, 0, 5;
    %store/vec4 v0x5d527c640de0_0, 0, 6;
    %callf/vec4 TD_tb.ITYPE, S_0x5d527c63eee0;
    %ix/load 4, 1, 0;
    %flag_set/imm 4, 0;
    %store/vec4a v0x5d527c68f7f0, 4, 0;
    %pushi/vec4 3, 0, 6;
    %pushi/vec4 14, 0, 26;
    %store/vec4 v0x5d527c62e320_0, 0, 26;
    %store/vec4 v0x5d527c66a9a0_0, 0, 6;
    %callf/vec4 TD_tb.JTYPE, S_0x5d527c66a720;
    %ix/load 4, 2, 0;
    %flag_set/imm 4, 0;
    %store/vec4a v0x5d527c68f7f0, 4, 0;
    %pushi/vec4 2, 0, 5;
    %pushi/vec4 0, 0, 5;
    %pushi/vec4 20, 0, 5;
    %pushi/vec4 0, 0, 5;
    %pushi/vec4 32, 0, 6;
    %store/vec4 v0x5d527c66ad20_0, 0, 6;
    %store/vec4 v0x5d527c66b0d0_0, 0, 5;
    %store/vec4 v0x5d527c66ae00_0, 0, 5;
    %store/vec4 v0x5d527c66afa0_0, 0, 5;
    %store/vec4 v0x5d527c66aec0_0, 0, 5;
    %callf/vec4 TD_tb.RTYPE, S_0x5d527c66aa60;
    %ix/load 4, 3, 0;
    %flag_set/imm 4, 0;
    %store/vec4a v0x5d527c68f7f0, 4, 0;
    %pushi/vec4 35, 0, 6;
    %pushi/vec4 26, 0, 5;
    %pushi/vec4 1, 0, 5;
    %pushi/vec4 4, 0, 16;
    %store/vec4 v0x5d527c63f760_0, 0, 16;
    %store/vec4 v0x5d527c641a30_0, 0, 5;
    %store/vec4 v0x5d527c640eb0_0, 0, 5;
    %store/vec4 v0x5d527c640de0_0, 0, 6;
    %callf/vec4 TD_tb.ITYPE, S_0x5d527c63eee0;
    %ix/load 4, 4, 0;
    %flag_set/imm 4, 0;
    %store/vec4a v0x5d527c68f7f0, 4, 0;
    %pushi/vec4 3, 0, 6;
    %pushi/vec4 14, 0, 26;
    %store/vec4 v0x5d527c62e320_0, 0, 26;
    %store/vec4 v0x5d527c66a9a0_0, 0, 6;
    %callf/vec4 TD_tb.JTYPE, S_0x5d527c66a720;
    %ix/load 4, 5, 0;
    %flag_set/imm 4, 0;
    %store/vec4a v0x5d527c68f7f0, 4, 0;
    %pushi/vec4 2, 0, 5;
    %pushi/vec4 0, 0, 5;
    %pushi/vec4 21, 0, 5;
    %pushi/vec4 0, 0, 5;
    %pushi/vec4 32, 0, 6;
    %store/vec4 v0x5d527c66ad20_0, 0, 6;
    %store/vec4 v0x5d527c66b0d0_0, 0, 5;
    %store/vec4 v0x5d527c66ae00_0, 0, 5;
    %store/vec4 v0x5d527c66afa0_0, 0, 5;
    %store/vec4 v0x5d527c66aec0_0, 0, 5;
    %callf/vec4 TD_tb.RTYPE, S_0x5d527c66aa60;
    %ix/load 4, 6, 0;
    %flag_set/imm 4, 0;
    %store/vec4a v0x5d527c68f7f0, 4, 0;
    %pushi/vec4 20, 0, 5;
    %pushi/vec4 21, 0, 5;
    %pushi/vec4 22, 0, 5;
    %pushi/vec4 0, 0, 5;
    %pushi/vec4 24, 0, 6;
    %store/vec4 v0x5d527c66ad20_0, 0, 6;
    %store/vec4 v0x5d527c66b0d0_0, 0, 5;
    %store/vec4 v0x5d527c66ae00_0, 0, 5;
    %store/vec4 v0x5d527c66afa0_0, 0, 5;
    %store/vec4 v0x5d527c66aec0_0, 0, 5;
    %callf/vec4 TD_tb.RTYPE, S_0x5d527c66aa60;
    %ix/load 4, 7, 0;
    %flag_set/imm 4, 0;
    %store/vec4a v0x5d527c68f7f0, 4, 0;
    %pushi/vec4 22, 0, 5;
    %pushi/vec4 0, 0, 5;
    %pushi/vec4 1, 0, 5;
    %pushi/vec4 0, 0, 5;
    %pushi/vec4 32, 0, 6;
    %store/vec4 v0x5d527c66ad20_0, 0, 6;
    %store/vec4 v0x5d527c66b0d0_0, 0, 5;
    %store/vec4 v0x5d527c66ae00_0, 0, 5;
    %store/vec4 v0x5d527c66afa0_0, 0, 5;
    %store/vec4 v0x5d527c66aec0_0, 0, 5;
    %callf/vec4 TD_tb.RTYPE, S_0x5d527c66aa60;
    %ix/load 4, 8, 0;
    %flag_set/imm 4, 0;
    %store/vec4a v0x5d527c68f7f0, 4, 0;
    %pushi/vec4 3, 0, 6;
    %pushi/vec4 28, 0, 26;
    %store/vec4 v0x5d527c62e320_0, 0, 26;
    %store/vec4 v0x5d527c66a9a0_0, 0, 6;
    %callf/vec4 TD_tb.JTYPE, S_0x5d527c66a720;
    %ix/load 4, 9, 0;
    %flag_set/imm 4, 0;
    %store/vec4a v0x5d527c68f7f0, 4, 0;
    %pushi/vec4 2, 0, 6;
    %pushi/vec4 41, 0, 26;
    %store/vec4 v0x5d527c62e320_0, 0, 26;
    %store/vec4 v0x5d527c66a9a0_0, 0, 6;
    %callf/vec4 TD_tb.JTYPE, S_0x5d527c66a720;
    %ix/load 4, 10, 0;
    %flag_set/imm 4, 0;
    %store/vec4a v0x5d527c68f7f0, 4, 0;
    %pushi/vec4 4, 0, 6;
    %pushi/vec4 1, 0, 5;
    %pushi/vec4 0, 0, 5;
    %pushi/vec4 11, 0, 16;
    %store/vec4 v0x5d527c63f760_0, 0, 16;
    %store/vec4 v0x5d527c641a30_0, 0, 5;
    %store/vec4 v0x5d527c640eb0_0, 0, 5;
    %store/vec4 v0x5d527c640de0_0, 0, 6;
    %callf/vec4 TD_tb.ITYPE, S_0x5d527c63eee0;
    %ix/load 4, 14, 0;
    %flag_set/imm 4, 0;
    %store/vec4a v0x5d527c68f7f0, 4, 0;
    %pushi/vec4 8, 0, 6;
    %pushi/vec4 0, 0, 5;
    %pushi/vec4 3, 0, 5;
    %pushi/vec4 0, 0, 16;
    %store/vec4 v0x5d527c63f760_0, 0, 16;
    %store/vec4 v0x5d527c641a30_0, 0, 5;
    %store/vec4 v0x5d527c640eb0_0, 0, 5;
    %store/vec4 v0x5d527c640de0_0, 0, 6;
    %callf/vec4 TD_tb.ITYPE, S_0x5d527c63eee0;
    %ix/load 4, 15, 0;
    %flag_set/imm 4, 0;
    %store/vec4a v0x5d527c68f7f0, 4, 0;
    %pushi/vec4 8, 0, 6;
    %pushi/vec4 0, 0, 5;
    %pushi/vec4 4, 0, 5;
    %pushi/vec4 1, 0, 16;
    %store/vec4 v0x5d527c63f760_0, 0, 16;
    %store/vec4 v0x5d527c641a30_0, 0, 5;
    %store/vec4 v0x5d527c640eb0_0, 0, 5;
    %store/vec4 v0x5d527c640de0_0, 0, 6;
    %callf/vec4 TD_tb.ITYPE, S_0x5d527c63eee0;
    %ix/load 4, 16, 0;
    %flag_set/imm 4, 0;
    %store/vec4a v0x5d527c68f7f0, 4, 0;
    %pushi/vec4 8, 0, 6;
    %pushi/vec4 0, 0, 5;
    %pushi/vec4 5, 0, 5;
    %pushi/vec4 1, 0, 16;
    %store/vec4 v0x5d527c63f760_0, 0, 16;
    %store/vec4 v0x5d527c641a30_0, 0, 5;
    %store/vec4 v0x5d527c640eb0_0, 0, 5;
    %store/vec4 v0x5d527c640de0_0, 0, 6;
    %callf/vec4 TD_tb.ITYPE, S_0x5d527c63eee0;
    %ix/load 4, 17, 0;
    %flag_set/imm 4, 0;
    %store/vec4a v0x5d527c68f7f0, 4, 0;
    %pushi/vec4 4, 0, 6;
    %pushi/vec4 5, 0, 5;
    %pushi/vec4 1, 0, 5;
    %pushi/vec4 5, 0, 16;
    %store/vec4 v0x5d527c63f760_0, 0, 16;
    %store/vec4 v0x5d527c641a30_0, 0, 5;
    %store/vec4 v0x5d527c640eb0_0, 0, 5;
    %store/vec4 v0x5d527c640de0_0, 0, 6;
    %callf/vec4 TD_tb.ITYPE, S_0x5d527c63eee0;
    %ix/load 4, 18, 0;
    %flag_set/imm 4, 0;
    %store/vec4a v0x5d527c68f7f0, 4, 0;
    %pushi/vec4 3, 0, 5;
    %pushi/vec4 4, 0, 5;
    %pushi/vec4 6, 0, 5;
    %pushi/vec4 0, 0, 5;
    %pushi/vec4 32, 0, 6;
    %store/vec4 v0x5d527c66ad20_0, 0, 6;
    %store/vec4 v0x5d527c66b0d0_0, 0, 5;
    %store/vec4 v0x5d527c66ae00_0, 0, 5;
    %store/vec4 v0x5d527c66afa0_0, 0, 5;
    %store/vec4 v0x5d527c66aec0_0, 0, 5;
    %callf/vec4 TD_tb.RTYPE, S_0x5d527c66aa60;
    %ix/load 4, 19, 0;
    %flag_set/imm 4, 0;
    %store/vec4a v0x5d527c68f7f0, 4, 0;
    %pushi/vec4 4, 0, 5;
    %pushi/vec4 0, 0, 5;
    %pushi/vec4 3, 0, 5;
    %pushi/vec4 0, 0, 5;
    %pushi/vec4 32, 0, 6;
    %store/vec4 v0x5d527c66ad20_0, 0, 6;
    %store/vec4 v0x5d527c66b0d0_0, 0, 5;
    %store/vec4 v0x5d527c66ae00_0, 0, 5;
    %store/vec4 v0x5d527c66afa0_0, 0, 5;
    %store/vec4 v0x5d527c66aec0_0, 0, 5;
    %callf/vec4 TD_tb.RTYPE, S_0x5d527c66aa60;
    %ix/load 4, 20, 0;
    %flag_set/imm 4, 0;
    %store/vec4a v0x5d527c68f7f0, 4, 0;
    %pushi/vec4 6, 0, 5;
    %pushi/vec4 0, 0, 5;
    %pushi/vec4 4, 0, 5;
    %pushi/vec4 0, 0, 5;
    %pushi/vec4 32, 0, 6;
    %store/vec4 v0x5d527c66ad20_0, 0, 6;
    %store/vec4 v0x5d527c66b0d0_0, 0, 5;
    %store/vec4 v0x5d527c66ae00_0, 0, 5;
    %store/vec4 v0x5d527c66afa0_0, 0, 5;
    %store/vec4 v0x5d527c66aec0_0, 0, 5;
    %callf/vec4 TD_tb.RTYPE, S_0x5d527c66aa60;
    %ix/load 4, 21, 0;
    %flag_set/imm 4, 0;
    %store/vec4a v0x5d527c68f7f0, 4, 0;
    %pushi/vec4 8, 0, 6;
    %pushi/vec4 5, 0, 5;
    %pushi/vec4 5, 0, 5;
    %pushi/vec4 1, 0, 16;
    %store/vec4 v0x5d527c63f760_0, 0, 16;
    %store/vec4 v0x5d527c641a30_0, 0, 5;
    %store/vec4 v0x5d527c640eb0_0, 0, 5;
    %store/vec4 v0x5d527c640de0_0, 0, 6;
    %callf/vec4 TD_tb.ITYPE, S_0x5d527c63eee0;
    %ix/load 4, 22, 0;
    %flag_set/imm 4, 0;
    %store/vec4a v0x5d527c68f7f0, 4, 0;
    %pushi/vec4 2, 0, 6;
    %pushi/vec4 18, 0, 26;
    %store/vec4 v0x5d527c62e320_0, 0, 26;
    %store/vec4 v0x5d527c66a9a0_0, 0, 6;
    %callf/vec4 TD_tb.JTYPE, S_0x5d527c66a720;
    %ix/load 4, 23, 0;
    %flag_set/imm 4, 0;
    %store/vec4a v0x5d527c68f7f0, 4, 0;
    %pushi/vec4 4, 0, 5;
    %pushi/vec4 0, 0, 5;
    %pushi/vec4 2, 0, 5;
    %pushi/vec4 0, 0, 5;
    %pushi/vec4 32, 0, 6;
    %store/vec4 v0x5d527c66ad20_0, 0, 6;
    %store/vec4 v0x5d527c66b0d0_0, 0, 5;
    %store/vec4 v0x5d527c66ae00_0, 0, 5;
    %store/vec4 v0x5d527c66afa0_0, 0, 5;
    %store/vec4 v0x5d527c66aec0_0, 0, 5;
    %callf/vec4 TD_tb.RTYPE, S_0x5d527c66aa60;
    %ix/load 4, 24, 0;
    %flag_set/imm 4, 0;
    %store/vec4a v0x5d527c68f7f0, 4, 0;
    %pushi/vec4 31, 0, 5;
    %pushi/vec4 0, 0, 5;
    %pushi/vec4 0, 0, 5;
    %pushi/vec4 0, 0, 5;
    %pushi/vec4 8, 0, 6;
    %store/vec4 v0x5d527c66ad20_0, 0, 6;
    %store/vec4 v0x5d527c66b0d0_0, 0, 5;
    %store/vec4 v0x5d527c66ae00_0, 0, 5;
    %store/vec4 v0x5d527c66afa0_0, 0, 5;
    %store/vec4 v0x5d527c66aec0_0, 0, 5;
    %callf/vec4 TD_tb.RTYPE, S_0x5d527c66aa60;
    %ix/load 4, 25, 0;
    %flag_set/imm 4, 0;
    %store/vec4a v0x5d527c68f7f0, 4, 0;
    %pushi/vec4 8, 0, 6;
    %pushi/vec4 0, 0, 5;
    %pushi/vec4 2, 0, 5;
    %pushi/vec4 0, 0, 16;
    %store/vec4 v0x5d527c63f760_0, 0, 16;
    %store/vec4 v0x5d527c641a30_0, 0, 5;
    %store/vec4 v0x5d527c640eb0_0, 0, 5;
    %store/vec4 v0x5d527c640de0_0, 0, 6;
    %callf/vec4 TD_tb.ITYPE, S_0x5d527c63eee0;
    %ix/load 4, 26, 0;
    %flag_set/imm 4, 0;
    %store/vec4a v0x5d527c68f7f0, 4, 0;
    %pushi/vec4 31, 0, 5;
    %pushi/vec4 0, 0, 5;
    %pushi/vec4 0, 0, 5;
    %pushi/vec4 0, 0, 5;
    %pushi/vec4 8, 0, 6;
    %store/vec4 v0x5d527c66ad20_0, 0, 6;
    %store/vec4 v0x5d527c66b0d0_0, 0, 5;
    %store/vec4 v0x5d527c66ae00_0, 0, 5;
    %store/vec4 v0x5d527c66afa0_0, 0, 5;
    %store/vec4 v0x5d527c66aec0_0, 0, 5;
    %callf/vec4 TD_tb.RTYPE, S_0x5d527c66aa60;
    %ix/load 4, 27, 0;
    %flag_set/imm 4, 0;
    %store/vec4a v0x5d527c68f7f0, 4, 0;
    %pushi/vec4 8, 0, 6;
    %pushi/vec4 26, 0, 5;
    %pushi/vec4 10, 0, 5;
    %pushi/vec4 100, 0, 16;
    %store/vec4 v0x5d527c63f760_0, 0, 16;
    %store/vec4 v0x5d527c641a30_0, 0, 5;
    %store/vec4 v0x5d527c640eb0_0, 0, 5;
    %store/vec4 v0x5d527c640de0_0, 0, 6;
    %callf/vec4 TD_tb.ITYPE, S_0x5d527c63eee0;
    %ix/load 4, 28, 0;
    %flag_set/imm 4, 0;
    %store/vec4a v0x5d527c68f7f0, 4, 0;
    %pushi/vec4 8, 0, 6;
    %pushi/vec4 0, 0, 5;
    %pushi/vec4 11, 0, 5;
    %pushi/vec4 3, 0, 16;
    %store/vec4 v0x5d527c63f760_0, 0, 16;
    %store/vec4 v0x5d527c641a30_0, 0, 5;
    %store/vec4 v0x5d527c640eb0_0, 0, 5;
    %store/vec4 v0x5d527c640de0_0, 0, 6;
    %callf/vec4 TD_tb.ITYPE, S_0x5d527c63eee0;
    %ix/load 4, 29, 0;
    %flag_set/imm 4, 0;
    %store/vec4a v0x5d527c68f7f0, 4, 0;
    %pushi/vec4 4, 0, 6;
    %pushi/vec4 1, 0, 5;
    %pushi/vec4 0, 0, 5;
    %pushi/vec4 9, 0, 16;
    %store/vec4 v0x5d527c63f760_0, 0, 16;
    %store/vec4 v0x5d527c641a30_0, 0, 5;
    %store/vec4 v0x5d527c640eb0_0, 0, 5;
    %store/vec4 v0x5d527c640de0_0, 0, 6;
    %callf/vec4 TD_tb.ITYPE, S_0x5d527c63eee0;
    %ix/load 4, 30, 0;
    %flag_set/imm 4, 0;
    %store/vec4a v0x5d527c68f7f0, 4, 0;
    %pushi/vec4 1, 0, 5;
    %pushi/vec4 11, 0, 5;
    %pushi/vec4 12, 0, 5;
    %pushi/vec4 0, 0, 5;
    %pushi/vec4 26, 0, 6;
    %store/vec4 v0x5d527c66ad20_0, 0, 6;
    %store/vec4 v0x5d527c66b0d0_0, 0, 5;
    %store/vec4 v0x5d527c66ae00_0, 0, 5;
    %store/vec4 v0x5d527c66afa0_0, 0, 5;
    %store/vec4 v0x5d527c66aec0_0, 0, 5;
    %callf/vec4 TD_tb.RTYPE, S_0x5d527c66aa60;
    %ix/load 4, 31, 0;
    %flag_set/imm 4, 0;
    %store/vec4a v0x5d527c68f7f0, 4, 0;
    %pushi/vec4 12, 0, 5;
    %pushi/vec4 11, 0, 5;
    %pushi/vec4 13, 0, 5;
    %pushi/vec4 0, 0, 5;
    %pushi/vec4 24, 0, 6;
    %store/vec4 v0x5d527c66ad20_0, 0, 6;
    %store/vec4 v0x5d527c66b0d0_0, 0, 5;
    %store/vec4 v0x5d527c66ae00_0, 0, 5;
    %store/vec4 v0x5d527c66afa0_0, 0, 5;
    %store/vec4 v0x5d527c66aec0_0, 0, 5;
    %callf/vec4 TD_tb.RTYPE, S_0x5d527c66aa60;
    %ix/load 4, 32, 0;
    %flag_set/imm 4, 0;
    %store/vec4a v0x5d527c68f7f0, 4, 0;
    %pushi/vec4 1, 0, 5;
    %pushi/vec4 13, 0, 5;
    %pushi/vec4 14, 0, 5;
    %pushi/vec4 0, 0, 5;
    %pushi/vec4 34, 0, 6;
    %store/vec4 v0x5d527c66ad20_0, 0, 6;
    %store/vec4 v0x5d527c66b0d0_0, 0, 5;
    %store/vec4 v0x5d527c66ae00_0, 0, 5;
    %store/vec4 v0x5d527c66afa0_0, 0, 5;
    %store/vec4 v0x5d527c66aec0_0, 0, 5;
    %callf/vec4 TD_tb.RTYPE, S_0x5d527c66aa60;
    %ix/load 4, 33, 0;
    %flag_set/imm 4, 0;
    %store/vec4a v0x5d527c68f7f0, 4, 0;
    %pushi/vec4 43, 0, 6;
    %pushi/vec4 10, 0, 5;
    %pushi/vec4 14, 0, 5;
    %pushi/vec4 0, 0, 16;
    %store/vec4 v0x5d527c63f760_0, 0, 16;
    %store/vec4 v0x5d527c641a30_0, 0, 5;
    %store/vec4 v0x5d527c640eb0_0, 0, 5;
    %store/vec4 v0x5d527c640de0_0, 0, 6;
    %callf/vec4 TD_tb.ITYPE, S_0x5d527c63eee0;
    %ix/load 4, 34, 0;
    %flag_set/imm 4, 0;
    %store/vec4a v0x5d527c68f7f0, 4, 0;
    %pushi/vec4 8, 0, 6;
    %pushi/vec4 10, 0, 5;
    %pushi/vec4 10, 0, 5;
    %pushi/vec4 4, 0, 16;
    %store/vec4 v0x5d527c63f760_0, 0, 16;
    %store/vec4 v0x5d527c641a30_0, 0, 5;
    %store/vec4 v0x5d527c640eb0_0, 0, 5;
    %store/vec4 v0x5d527c640de0_0, 0, 6;
    %callf/vec4 TD_tb.ITYPE, S_0x5d527c63eee0;
    %ix/load 4, 35, 0;
    %flag_set/imm 4, 0;
    %store/vec4a v0x5d527c68f7f0, 4, 0;
    %pushi/vec4 12, 0, 5;
    %pushi/vec4 0, 0, 5;
    %pushi/vec4 1, 0, 5;
    %pushi/vec4 0, 0, 5;
    %pushi/vec4 32, 0, 6;
    %store/vec4 v0x5d527c66ad20_0, 0, 6;
    %store/vec4 v0x5d527c66b0d0_0, 0, 5;
    %store/vec4 v0x5d527c66ae00_0, 0, 5;
    %store/vec4 v0x5d527c66afa0_0, 0, 5;
    %store/vec4 v0x5d527c66aec0_0, 0, 5;
    %callf/vec4 TD_tb.RTYPE, S_0x5d527c66aa60;
    %ix/load 4, 36, 0;
    %flag_set/imm 4, 0;
    %store/vec4a v0x5d527c68f7f0, 4, 0;
    %pushi/vec4 2, 0, 6;
    %pushi/vec4 30, 0, 26;
    %store/vec4 v0x5d527c62e320_0, 0, 26;
    %store/vec4 v0x5d527c66a9a0_0, 0, 6;
    %callf/vec4 TD_tb.JTYPE, S_0x5d527c66a720;
    %ix/load 4, 37, 0;
    %flag_set/imm 4, 0;
    %store/vec4a v0x5d527c68f7f0, 4, 0;
    %pushi/vec4 31, 0, 5;
    %pushi/vec4 0, 0, 5;
    %pushi/vec4 0, 0, 5;
    %pushi/vec4 0, 0, 5;
    %pushi/vec4 8, 0, 6;
    %store/vec4 v0x5d527c66ad20_0, 0, 6;
    %store/vec4 v0x5d527c66b0d0_0, 0, 5;
    %store/vec4 v0x5d527c66ae00_0, 0, 5;
    %store/vec4 v0x5d527c66afa0_0, 0, 5;
    %store/vec4 v0x5d527c66aec0_0, 0, 5;
    %callf/vec4 TD_tb.RTYPE, S_0x5d527c66aa60;
    %ix/load 4, 40, 0;
    %flag_set/imm 4, 0;
    %store/vec4a v0x5d527c68f7f0, 4, 0;
    %pushi/vec4 8, 0, 6;
    %pushi/vec4 0, 0, 5;
    %pushi/vec4 30, 0, 5;
    %pushi/vec4 123, 0, 16;
    %store/vec4 v0x5d527c63f760_0, 0, 16;
    %store/vec4 v0x5d527c641a30_0, 0, 5;
    %store/vec4 v0x5d527c640eb0_0, 0, 5;
    %store/vec4 v0x5d527c640de0_0, 0, 6;
    %callf/vec4 TD_tb.ITYPE, S_0x5d527c63eee0;
    %ix/load 4, 41, 0;
    %flag_set/imm 4, 0;
    %store/vec4a v0x5d527c68f7f0, 4, 0;
    %pushi/vec4 42, 0, 32;
    %store/vec4 v0x5d527c68fb30_0, 0, 32;
    %pushi/vec4 1, 0, 1;
    %store/vec4 v0x5d527c690210_0, 0, 1;
    %delay 8, 0;
    %pushi/vec4 0, 0, 1;
    %store/vec4 v0x5d527c690210_0, 0, 1;
    %pushi/vec4 0, 0, 32;
    %store/vec4 v0x5d527c68f230_0, 0, 32;
T_24.6 ; Top of for-loop
    %load/vec4 v0x5d527c68f8b0_0;
    %pad/u 32;
    %load/vec4 v0x5d527c68fb30_0;
    %cmp/u;
    %flag_get/vec4 5;
    %jmp/0 T_24.9, 5;
    %load/vec4 v0x5d527c68f190_0;
    %nor/r;
    %and;
T_24.9;
    %flag_set/vec4 8;
	  %jmp/0xz T_24.7, 8;
T_24.10 ;
    %load/vec4 v0x5d527c690470_0;
    %load/vec4 v0x5d527c68f8b0_0;
    %pad/u 32;
    %cmp/ne;
    %jmp/1 T_24.12, 6;
    %flag_mov 8, 6;
    %load/vec4 v0x5d527c690530_0;
    %pad/u 32;
    %cmpi/ne 1, 0, 32;
    %flag_or 6, 8;
T_24.12;
    %jmp/0xz T_24.11, 6;
    %delay 2, 0;
    %jmp T_24.10;
T_24.11 ;
    %fork TD_tb.exec_internal, S_0x5d527c68d0d0;
    %join;
    %pushi/vec4 1, 0, 32;
    %store/vec4 v0x5d527c68fa50_0, 0, 32;
T_24.13 ; Top of for-loop
    %load/vec4 v0x5d527c68fa50_0;
    %cmpi/s 32, 0, 32;
	  %jmp/0xz T_24.14, 5;
    %ix/getv/s 4, v0x5d527c68fa50_0;
    %load/vec4a v0x5d527c68d670, 4;
    %ix/getv/s 4, v0x5d527c68fa50_0;
    %load/vec4a v0x5d527c68f990, 4;
    %cmp/ne;
    %jmp/0xz  T_24.16, 6;
    %pushi/vec4 1, 0, 32;
    %store/vec4 v0x5d527c68f190_0, 0, 32;
T_24.16 ;
T_24.15 ; for-loop step statement
    %load/vec4 v0x5d527c68fa50_0;
    %addi 1, 0, 32;
    %store/vec4 v0x5d527c68fa50_0, 0, 32;
    %jmp T_24.13;
T_24.14 ; for-loop exit label
    %load/vec4 v0x5d527c68f190_0;
    %cmpi/ne 0, 0, 32;
    %jmp/0xz  T_24.18, 4;
    %vpi_call/w 3 431 "$display", "FAILED at step %0d", v0x5d527c68f230_0 {0 0 0};
    %vpi_call/w 3 432 "$display", "Expected:" {0 0 0};
    %vpi_call/w 3 433 "$display", "R20=%d R21=%d R22=%d R23=%d R24=%d R30=%d R31=%d", &A<v0x5d527c68f990, 20>, &A<v0x5d527c68f990, 21>, &A<v0x5d527c68f990, 22>, &A<v0x5d527c68f990, 23>, &A<v0x5d527c68f990, 24>, &A<v0x5d527c68f990, 30>, &A<v0x5d527c68f990, 31> {0 0 0};
    %vpi_call/w 3 436 "$display", "Reality:" {0 0 0};
    %vpi_call/w 3 437 "$display", "R20=%d R21=%d R22=%d R23=%d R24=%d R30=%d R31=%d", v0x5d527c68d670_20, v0x5d527c68d670_21, v0x5d527c68d670_22, v0x5d527c68d670_23, v0x5d527c68d670_24, v0x5d527c68d670_30, v0x5d527c68d670_31 {0 0 0};
T_24.18 ;
T_24.8 ; for-loop step statement
    %load/vec4 v0x5d527c68f230_0;
    %addi 1, 0, 32;
    %store/vec4 v0x5d527c68f230_0, 0, 32;
    %jmp T_24.6;
T_24.7 ; for-loop exit label
    %load/vec4 v0x5d527c68f190_0;
    %nor/r;
    %flag_set/vec4 8;
    %jmp/0xz  T_24.20, 8;
    %ix/load 4, 0, 0;
    %flag_set/imm 4, 0;
    %load/vec4a v0x5d527c68fff0, 4;
    %cmpi/ne 2, 0, 32;
    %jmp/0xz  T_24.22, 6;
    %pushi/vec4 1, 0, 32;
    %store/vec4 v0x5d527c68f190_0, 0, 32;
T_24.22 ;
    %ix/load 4, 1, 0;
    %flag_set/imm 4, 0;
    %load/vec4a v0x5d527c68fff0, 4;
    %cmpi/ne 2, 0, 32;
    %jmp/0xz  T_24.24, 6;
    %pushi/vec4 1, 0, 32;
    %store/vec4 v0x5d527c68f190_0, 0, 32;
T_24.24 ;
    %ix/load 4, 2, 0;
    %flag_set/imm 4, 0;
    %load/vec4a v0x5d527c68fff0, 4;
    %cmpi/ne 0, 0, 32;
    %jmp/0xz  T_24.26, 6;
    %pushi/vec4 1, 0, 32;
    %store/vec4 v0x5d527c68f190_0, 0, 32;
T_24.26 ;
    %ix/load 4, 3, 0;
    %flag_set/imm 4, 0;
    %load/vec4a v0x5d527c68fff0, 4;
    %cmpi/ne 1, 0, 32;
    %jmp/0xz  T_24.28, 6;
    %pushi/vec4 1, 0, 32;
    %store/vec4 v0x5d527c68f190_0, 0, 32;
T_24.28 ;
    %ix/load 4, 4, 0;
    %flag_set/imm 4, 0;
    %load/vec4a v0x5d527c68fff0, 4;
    %cmpi/ne 0, 0, 32;
    %jmp/0xz  T_24.30, 6;
    %pushi/vec4 1, 0, 32;
    %store/vec4 v0x5d527c68f190_0, 0, 32;
T_24.30 ;
    %ix/load 4, 5, 0;
    %flag_set/imm 4, 0;
    %load/vec4a v0x5d527c68fff0, 4;
    %cmpi/ne 2, 0, 32;
    %jmp/0xz  T_24.32, 6;
    %pushi/vec4 1, 0, 32;
    %store/vec4 v0x5d527c68f190_0, 0, 32;
T_24.32 ;
    %ix/load 4, 6, 0;
    %flag_set/imm 4, 0;
    %load/vec4a v0x5d527c68fff0, 4;
    %cmpi/ne 0, 0, 32;
    %jmp/0xz  T_24.34, 6;
    %pushi/vec4 1, 0, 32;
    %store/vec4 v0x5d527c68f190_0, 0, 32;
T_24.34 ;
    %ix/load 4, 7, 0;
    %flag_set/imm 4, 0;
    %load/vec4a v0x5d527c68fff0, 4;
    %cmpi/ne 2, 0, 32;
    %jmp/0xz  T_24.36, 6;
    %pushi/vec4 1, 0, 32;
    %store/vec4 v0x5d527c68f190_0, 0, 32;
T_24.36 ;
T_24.20 ;
    %vpi_call/w 3 453 "$display", "fib(10) = exp: %0d  real: %0d", &A<v0x5d527c68f990, 20>, v0x5d527c68d670_20 {0 0 0};
    %vpi_call/w 3 454 "$display", "fib(11) = exp: %0d  real: %0d", &A<v0x5d527c68f990, 21>, v0x5d527c68d670_21 {0 0 0};
    %vpi_call/w 3 455 "$display", "product = exp: %0d  real: %0d", &A<v0x5d527c68f990, 22>, v0x5d527c68d670_22 {0 0 0};
    %vpi_call/w 3 456 "$display", "base3 digits LSD first:" {0 0 0};
    %vpi_call/w 3 457 "$display", "%0d %0d %0d %0d %0d %0d %0d %0d", &A<v0x5d527c68fff0, 0>, &A<v0x5d527c68fff0, 1>, &A<v0x5d527c68fff0, 2>, &A<v0x5d527c68fff0, 3>, &A<v0x5d527c68fff0, 4>, &A<v0x5d527c68fff0, 5>, &A<v0x5d527c68fff0, 6>, &A<v0x5d527c68fff0, 7> {0 0 0};
    %vpi_call/w 3 460 "$display", "base3 = 20201022" {0 0 0};
    %load/vec4 v0x5d527c68f190_0;
    %nor/r;
    %flag_set/vec4 8;
    %jmp/0xz  T_24.38, 8;
    %vpi_call/w 3 463 "$display", "ACCEPTED" {0 0 0};
    %jmp T_24.39;
T_24.38 ;
    %vpi_call/w 3 465 "$display", "FAILED" {0 0 0};
T_24.39 ;
    %vpi_call/w 3 467 "$display", v0x5d527c68f230_0, " / ", 32'sb00000000000000000000000011010000 {0 0 0};
    %vpi_call/w 3 469 "$finish" {0 0 0};
    %end;
    .thread T_24;
# The file index is used to find the file name in the following table.
:file_names 5;
    "N/A";
    "<interactive>";
    "-";
    "HW7/tb.v";
    "../7/HW7-403106681.v";
