#! /usr/local/bin/vvp
:ivl_version "13.0 (stable)" "(v13_0-dirty)";
:ivl_delay_selection "TYPICAL";
:vpi_time_precision + 0;
:vpi_module "/usr/local/lib/ivl/system.vpi";
:vpi_module "/usr/local/lib/ivl/vhdl_sys.vpi";
:vpi_module "/usr/local/lib/ivl/vhdl_textio.vpi";
:vpi_module "/usr/local/lib/ivl/v2005_math.vpi";
:vpi_module "/usr/local/lib/ivl/va_math.vpi";
:vpi_module "/usr/local/lib/ivl/v2009.vpi";
S_0x5ae16ab49880 .scope package, "$unit" "$unit" 2 1;
 .timescale 0 0;
S_0x5ae16ab8a030 .scope module, "tb" "tb" 3 1;
 .timescale 0 0;
L_0x7c25e76ce018 .functor BUFT 1, C4<00000000000000000000000000000000>, C4<0>, C4<0>, C4<0>;
RS_0x7c25e7ac7d38 .resolv tri, L_0x7c25e76ce018, L_0x5ae16ac01800;
v0x5ae16abe5300 .array "R", 31 0;
v0x5ae16abe5300_0 .net8 v0x5ae16abe5300 0, 31 0, RS_0x7c25e7ac7d38; 2 drivers
v0x5ae16abe5300_1 .net v0x5ae16abe5300 1, 31 0, L_0x5ae16ac01450; 1 drivers
v0x5ae16abe5300_2 .net v0x5ae16abe5300 2, 31 0, L_0x5ae16ac01620; 1 drivers
v0x5ae16abe5300_3 .net v0x5ae16abe5300 3, 31 0, L_0x5ae16ac01580; 1 drivers
v0x5ae16abe5300_4 .net v0x5ae16abe5300 4, 31 0, L_0x5ae16ac013b0; 1 drivers
v0x5ae16abe5300_5 .net v0x5ae16abe5300 5, 31 0, L_0x5ae16ac01310; 1 drivers
v0x5ae16abe5300_6 .net v0x5ae16abe5300 6, 31 0, L_0x5ae16ac01150; 1 drivers
v0x5ae16abe5300_7 .net v0x5ae16abe5300 7, 31 0, L_0x5ae16ac010b0; 1 drivers
v0x5ae16abe5300_8 .net v0x5ae16abe5300 8, 31 0, L_0x5ae16ac00f00; 1 drivers
v0x5ae16abe5300_9 .net v0x5ae16abe5300 9, 31 0, L_0x5ae16ac00e60; 1 drivers
v0x5ae16abe5300_10 .net v0x5ae16abe5300 10, 31 0, L_0x5ae16ac00cc0; 1 drivers
v0x5ae16abe5300_11 .net v0x5ae16abe5300 11, 31 0, L_0x5ae16ac00c20; 1 drivers
v0x5ae16abe5300_12 .net v0x5ae16abe5300 12, 31 0, L_0x5ae16ac00a90; 1 drivers
v0x5ae16abe5300_13 .net v0x5ae16abe5300 13, 31 0, L_0x5ae16ac009f0; 1 drivers
v0x5ae16abe5300_14 .net v0x5ae16abe5300 14, 31 0, L_0x5ae16ac00870; 1 drivers
v0x5ae16abe5300_15 .net v0x5ae16abe5300 15, 31 0, L_0x5ae16ac007d0; 1 drivers
v0x5ae16abe5300_16 .net v0x5ae16abe5300 16, 31 0, L_0x5ae16ac00450; 1 drivers
v0x5ae16abe5300_17 .net v0x5ae16abe5300 17, 31 0, L_0x5ae16ac003b0; 1 drivers
v0x5ae16abe5300_18 .net v0x5ae16abe5300 18, 31 0, L_0x5ae16ac00250; 1 drivers
v0x5ae16abe5300_19 .net v0x5ae16abe5300 19, 31 0, L_0x5ae16abfffc0; 1 drivers
v0x5ae16abe5300_20 .net v0x5ae16abe5300 20, 31 0, L_0x5ae16ac00100; 1 drivers
v0x5ae16abe5300_21 .net v0x5ae16abe5300 21, 31 0, L_0x5ae16ac00060; 1 drivers
v0x5ae16abe5300_22 .net v0x5ae16abe5300 22, 31 0, L_0x5ae16abfff20; 1 drivers
v0x5ae16abe5300_23 .net v0x5ae16abe5300 23, 31 0, L_0x5ae16abffe80; 1 drivers
v0x5ae16abe5300_24 .net v0x5ae16abe5300 24, 31 0, L_0x5ae16abffd50; 1 drivers
v0x5ae16abe5300_25 .net v0x5ae16abe5300 25, 31 0, L_0x5ae16abffcb0; 1 drivers
v0x5ae16abe5300_26 .net v0x5ae16abe5300 26, 31 0, L_0x5ae16abffb90; 1 drivers
v0x5ae16abe5300_27 .net v0x5ae16abe5300 27, 31 0, L_0x5ae16abffaf0; 1 drivers
v0x5ae16abe5300_28 .net v0x5ae16abe5300 28, 31 0, L_0x5ae16abff950; 1 drivers
v0x5ae16abe5300_29 .net v0x5ae16abe5300 29, 31 0, L_0x5ae16abff8b0; 1 drivers
v0x5ae16abe5300_30 .net v0x5ae16abe5300 30, 31 0, L_0x5ae16abff760; 1 drivers
v0x5ae16abe5300_31 .net v0x5ae16abe5300 31, 31 0, L_0x5ae16abff6c0; 1 drivers
v0x5ae16abe5de0_0 .var "clk", 0 0;
v0x5ae16abe5ea0_0 .var "data_addr", 31 0;
v0x5ae16abe5f40 .array "data_mem", 511 0, 31 0;
v0x5ae16abe6000_0 .var/i "fail_flag", 31 0;
v0x5ae16abe6130_0 .var/i "i", 31 0;
v0x5ae16abe6210_0 .var "inst_imm", 15 0;
v0x5ae16abe62f0_0 .var "inst_imm_sext", 31 0;
v0x5ae16abe63d0_0 .var "inst_rd", 4 0;
v0x5ae16abe6540_0 .var "inst_reg", 31 0;
v0x5ae16abe6620_0 .var "inst_rs", 4 0;
v0x5ae16abe6700_0 .var "inst_rt", 4 0;
v0x5ae16abe67e0 .array "instructions", 511 0, 31 0;
v0x5ae16abe68a0_0 .var "ipc", 8 0;
v0x5ae16abe6980 .array "ireg", 31 0, 31 0;
v0x5ae16abe6a40_0 .var/i "j", 31 0;
v0x5ae16abe6b20_0 .var/i "last_instr", 31 0;
v0x5ae16abe6d10_0 .net "mm_data_addr", 31 0, L_0x5ae16ac064d0;  1 drivers
v0x5ae16abe6dd0_0 .var "mm_data_done", 0 0;
v0x5ae16abe6ec0_0 .var "mm_data_in", 127 0;
v0x5ae16abe6fd0_0 .net "mm_data_out", 127 0, L_0x5ae16ac04470;  1 drivers
v0x5ae16abe70e0_0 .net "mm_data_read", 0 0, L_0x5ae16ac069c0;  1 drivers
v0x5ae16abe71d0_0 .net "mm_data_write", 0 0, L_0x5ae16ac06ad0;  1 drivers
v0x5ae16abe72c0_0 .net "mm_instr_addr", 31 0, L_0x5ae16abfab50;  1 drivers
v0x5ae16abe73d0_0 .var "mm_instr_done", 0 0;
v0x5ae16abe74c0_0 .var "mm_instr_in", 127 0;
v0x5ae16abe75d0_0 .net "mm_instr_read", 0 0, L_0x5ae16ab739d0;  1 drivers
v0x5ae16abe76c0_0 .net "mm_pc", 31 0, L_0x5ae16abf7d00;  1 drivers
v0x5ae16abe7780 .array "output_store", 9 0, 31 0;
v0x5ae16abe7820_0 .var "rst", 0 0;
v0x5ae16abe78c0_0 .var "tmp", 31 0;
v0x5ae16abe79a0_0 .var "val_rs", 31 0;
v0x5ae16abe7a80_0 .var "val_rt", 31 0;
S_0x5ae16ab47ff0 .scope function.vec4.s32, "ITYPE" "ITYPE" 3 33, 3 33 0, S_0x5ae16ab8a030;
 .timescale 0 0;
; Variable ITYPE is vec4 return value of scope S_0x5ae16ab47ff0
v0x5ae16ab6e870_0 .var "imm", 15 0;
v0x5ae16ab6e910_0 .var "opcode", 5 0;
v0x5ae16ab55360_0 .var "rs", 4 0;
v0x5ae16ab55400_0 .var "rt", 4 0;
TD_tb.ITYPE ;
    %load/vec4 v0x5ae16ab6e910_0;
    %load/vec4 v0x5ae16ab55360_0;
    %concat/vec4; draw_concat_vec4
    %load/vec4 v0x5ae16ab55400_0;
    %concat/vec4; draw_concat_vec4
    %load/vec4 v0x5ae16ab6e870_0;
    %concat/vec4; draw_concat_vec4
    %ret/vec4 0, 0, 32;  Assign to ITYPE (store_vec4_to_lval)
    %end;
S_0x5ae16abc7670 .scope function.vec4.s32, "JTYPE" "JTYPE" 3 42, 3 42 0, S_0x5ae16ab8a030;
 .timescale 0 0;
; Variable JTYPE is vec4 return value of scope S_0x5ae16abc7670
v0x5ae16ab73ae0_0 .var "addr", 25 0;
v0x5ae16abc78f0_0 .var "opcode", 5 0;
TD_tb.JTYPE ;
    %load/vec4 v0x5ae16abc78f0_0;
    %load/vec4 v0x5ae16ab73ae0_0;
    %concat/vec4; draw_concat_vec4
    %ret/vec4 0, 0, 32;  Assign to JTYPE (store_vec4_to_lval)
    %end;
S_0x5ae16abc79b0 .scope function.vec4.s32, "RTYPE" "RTYPE" 3 25, 3 25 0, S_0x5ae16ab8a030;
 .timescale 0 0;
; Variable RTYPE is vec4 return value of scope S_0x5ae16abc79b0
v0x5ae16abc7c70_0 .var "funct", 5 0;
v0x5ae16abc7d50_0 .var "rd", 4 0;
v0x5ae16abc7e10_0 .var "rs", 4 0;
v0x5ae16abc7ef0_0 .var "rt", 4 0;
v0x5ae16abc8020_0 .var "shamt", 4 0;
TD_tb.RTYPE ;
    %pushi/vec4 0, 0, 6;
    %load/vec4 v0x5ae16abc7e10_0;
    %concat/vec4; draw_concat_vec4
    %load/vec4 v0x5ae16abc7ef0_0;
    %concat/vec4; draw_concat_vec4
    %load/vec4 v0x5ae16abc7d50_0;
    %concat/vec4; draw_concat_vec4
    %load/vec4 v0x5ae16abc8020_0;
    %concat/vec4; draw_concat_vec4
    %load/vec4 v0x5ae16abc7c70_0;
    %concat/vec4; draw_concat_vec4
    %ret/vec4 0, 0, 32;  Assign to RTYPE (store_vec4_to_lval)
    %end;
S_0x5ae16abc8100 .scope module, "_main" "main" 3 200, 4 338 0, S_0x5ae16ab8a030;
 .timescale 0 0;
    .port_info 0 /INPUT 1 "Clk";
    .port_info 1 /INPUT 1 "Rst";
    .port_info 2 /INPUT 128 "InstrMM_DataIn";
    .port_info 3 /INPUT 1 "InstrMM_Done";
    .port_info 4 /INPUT 128 "DataMM_DataIn";
    .port_info 5 /INPUT 1 "DataMM_Done";
    .port_info 6 /OUTPUT 32 "PC";
    .port_info 7 /OUTPUT 32 "InstrMM_Addr";
    .port_info 8 /OUTPUT 1 "InstrMM_Read";
    .port_info 9 /OUTPUT 32 "DataMM_Addr";
    .port_info 10 /OUTPUT 1 "DataMM_Read";
    .port_info 11 /OUTPUT 1 "DataMM_Write";
    .port_info 12 /OUTPUT 128 "DataMM_DataOut";
    .port_info 13 /OUTPUT 32 "R0";
    .port_info 14 /OUTPUT 32 "R1";
    .port_info 15 /OUTPUT 32 "R2";
    .port_info 16 /OUTPUT 32 "R3";
    .port_info 17 /OUTPUT 32 "R4";
    .port_info 18 /OUTPUT 32 "R5";
    .port_info 19 /OUTPUT 32 "R6";
    .port_info 20 /OUTPUT 32 "R7";
    .port_info 21 /OUTPUT 32 "R8";
    .port_info 22 /OUTPUT 32 "R9";
    .port_info 23 /OUTPUT 32 "R10";
    .port_info 24 /OUTPUT 32 "R11";
    .port_info 25 /OUTPUT 32 "R12";
    .port_info 26 /OUTPUT 32 "R13";
    .port_info 27 /OUTPUT 32 "R14";
    .port_info 28 /OUTPUT 32 "R15";
    .port_info 29 /OUTPUT 32 "R16";
    .port_info 30 /OUTPUT 32 "R17";
    .port_info 31 /OUTPUT 32 "R18";
    .port_info 32 /OUTPUT 32 "R19";
    .port_info 33 /OUTPUT 32 "R20";
    .port_info 34 /OUTPUT 32 "R21";
    .port_info 35 /OUTPUT 32 "R22";
    .port_info 36 /OUTPUT 32 "R23";
    .port_info 37 /OUTPUT 32 "R24";
    .port_info 38 /OUTPUT 32 "R25";
    .port_info 39 /OUTPUT 32 "R26";
    .port_info 40 /OUTPUT 32 "R27";
    .port_info 41 /OUTPUT 32 "R28";
    .port_info 42 /OUTPUT 32 "R29";
    .port_info 43 /OUTPUT 32 "R30";
    .port_info 44 /OUTPUT 32 "R31";
L_0x5ae16abffa80 .functor AND 1, v0x5ae16abccd40_0, L_0x5ae16ac03090, C4<1>, C4<1>;
L_0x5ae16abfe3b0 .functor AND 1, L_0x5ae16abffa80, L_0x5ae16ac09700, C4<1>, C4<1>;
L_0x5ae16ac031e0 .functor AND 1, v0x5ae16abcca00_0, L_0x5ae16abfc140, C4<1>, C4<1>;
L_0x5ae16ac032f0 .functor AND 1, v0x5ae16abccac0_0, L_0x5ae16abfc140, C4<1>, C4<1>;
L_0x5ae16ac03490 .functor OR 1, L_0x5ae16ac031e0, L_0x5ae16ac032f0, C4<0>, C4<0>;
L_0x5ae16ac093b0 .functor OR 1, L_0x5ae16ac031e0, L_0x5ae16ac032f0, C4<0>, C4<0>;
L_0x5ae16ac09640 .functor OR 1, L_0x5ae16ac094f0, L_0x5ae16ac07b20, C4<0>, C4<0>;
L_0x5ae16ac09700 .functor AND 1, L_0x5ae16abfc140, L_0x5ae16ac09640, C4<1>, C4<1>;
L_0x5ae16ac0a6d0 .functor AND 1, v0x5ae16abcc6a0_0, L_0x5ae16ac02b00, C4<1>, C4<1>;
v0x5ae16abdd970_0 .net "ALUOp", 1 0, v0x5ae16abcc4f0_0;  1 drivers
v0x5ae16abddaa0_0 .net "ALUSrc", 0 0, v0x5ae16abcc600_0;  1 drivers
v0x5ae16abddb60_0 .net "Branch", 0 0, v0x5ae16abcc6a0_0;  1 drivers
v0x5ae16abddc30_0 .net "Clk", 0 0, v0x5ae16abe5de0_0;  1 drivers
v0x5ae16abddcd0_0 .net "DataIn", 31 0, L_0x5ae16ac091d0;  1 drivers
v0x5ae16abdddc0_0 .net "DataMM_Addr", 31 0, L_0x5ae16ac064d0;  alias, 1 drivers
v0x5ae16abdde90_0 .net "DataMM_DataIn", 127 0, v0x5ae16abe6ec0_0;  1 drivers
v0x5ae16abddf60_0 .net "DataMM_DataOut", 127 0, L_0x5ae16ac04470;  alias, 1 drivers
v0x5ae16abde030_0 .net "DataMM_Done", 0 0, v0x5ae16abe6dd0_0;  1 drivers
v0x5ae16abde100_0 .net "DataMM_Read", 0 0, L_0x5ae16ac069c0;  alias, 1 drivers
v0x5ae16abde1d0_0 .net "DataMM_Write", 0 0, L_0x5ae16ac06ad0;  alias, 1 drivers
v0x5ae16abde2a0_0 .net "InstrIn", 31 0, L_0x5ae16abfd810;  1 drivers
v0x5ae16abde370_0 .net "InstrMM_Addr", 31 0, L_0x5ae16abfab50;  alias, 1 drivers
v0x5ae16abde440_0 .net "InstrMM_DataIn", 127 0, v0x5ae16abe74c0_0;  1 drivers
v0x5ae16abde510_0 .net "InstrMM_Done", 0 0, v0x5ae16abe73d0_0;  1 drivers
v0x5ae16abde5e0_0 .net "InstrMM_Read", 0 0, L_0x5ae16ab739d0;  alias, 1 drivers
v0x5ae16abde6b0_0 .net "Jal", 0 0, v0x5ae16abcc770_0;  1 drivers
v0x5ae16abde890_0 .net "Jr", 0 0, v0x5ae16abcc830_0;  1 drivers
v0x5ae16abde960_0 .net "Jump", 0 0, v0x5ae16abcc940_0;  1 drivers
v0x5ae16abdea30_0 .net "MemRead", 0 0, v0x5ae16abcca00_0;  1 drivers
v0x5ae16abdeb00_0 .net "MemWrite", 0 0, v0x5ae16abccac0_0;  1 drivers
v0x5ae16abdebd0_0 .net "MemtoReg", 1 0, v0x5ae16abccb80_0;  1 drivers
v0x5ae16abdeca0_0 .net "PC", 31 0, L_0x5ae16abf7d00;  alias, 1 drivers
v0x5ae16abded40_0 .var "PC_reg", 31 0;
v0x5ae16abdee10_0 .net8 "R0", 31 0, RS_0x7c25e7ac7d38;  alias, 2 drivers
v0x5ae16abdeee0_0 .net "R1", 31 0, L_0x5ae16ac01450;  alias, 1 drivers
v0x5ae16abdefb0_0 .net "R10", 31 0, L_0x5ae16ac00cc0;  alias, 1 drivers
v0x5ae16abdf080_0 .net "R11", 31 0, L_0x5ae16ac00c20;  alias, 1 drivers
v0x5ae16abdf150_0 .net "R12", 31 0, L_0x5ae16ac00a90;  alias, 1 drivers
v0x5ae16abdf220_0 .net "R13", 31 0, L_0x5ae16ac009f0;  alias, 1 drivers
v0x5ae16abdf2f0_0 .net "R14", 31 0, L_0x5ae16ac00870;  alias, 1 drivers
v0x5ae16abdf3c0_0 .net "R15", 31 0, L_0x5ae16ac007d0;  alias, 1 drivers
v0x5ae16abdf490_0 .net "R16", 31 0, L_0x5ae16ac00450;  alias, 1 drivers
v0x5ae16abdf770_0 .net "R17", 31 0, L_0x5ae16ac003b0;  alias, 1 drivers
v0x5ae16abdf840_0 .net "R18", 31 0, L_0x5ae16ac00250;  alias, 1 drivers
v0x5ae16abdf910_0 .net "R19", 31 0, L_0x5ae16abfffc0;  alias, 1 drivers
v0x5ae16abdf9e0_0 .net "R2", 31 0, L_0x5ae16ac01620;  alias, 1 drivers
v0x5ae16abdfab0_0 .net "R20", 31 0, L_0x5ae16ac00100;  alias, 1 drivers
v0x5ae16abdfb80_0 .net "R21", 31 0, L_0x5ae16ac00060;  alias, 1 drivers
v0x5ae16abdfc50_0 .net "R22", 31 0, L_0x5ae16abfff20;  alias, 1 drivers
v0x5ae16abdfd20_0 .net "R23", 31 0, L_0x5ae16abffe80;  alias, 1 drivers
v0x5ae16abdfdf0_0 .net "R24", 31 0, L_0x5ae16abffd50;  alias, 1 drivers
v0x5ae16abdfec0_0 .net "R25", 31 0, L_0x5ae16abffcb0;  alias, 1 drivers
v0x5ae16abdff90_0 .net "R26", 31 0, L_0x5ae16abffb90;  alias, 1 drivers
v0x5ae16abe0060_0 .net "R27", 31 0, L_0x5ae16abffaf0;  alias, 1 drivers
v0x5ae16abe0130_0 .net "R28", 31 0, L_0x5ae16abff950;  alias, 1 drivers
v0x5ae16abe0200_0 .net "R29", 31 0, L_0x5ae16abff8b0;  alias, 1 drivers
v0x5ae16abe02d0_0 .net "R3", 31 0, L_0x5ae16ac01580;  alias, 1 drivers
v0x5ae16abe03a0_0 .net "R30", 31 0, L_0x5ae16abff760;  alias, 1 drivers
v0x5ae16abe0470_0 .net "R31", 31 0, L_0x5ae16abff6c0;  alias, 1 drivers
v0x5ae16abe0540_0 .net "R4", 31 0, L_0x5ae16ac013b0;  alias, 1 drivers
v0x5ae16abe0610_0 .net "R5", 31 0, L_0x5ae16ac01310;  alias, 1 drivers
v0x5ae16abe06e0_0 .net "R6", 31 0, L_0x5ae16ac01150;  alias, 1 drivers
v0x5ae16abe07b0_0 .net "R7", 31 0, L_0x5ae16ac010b0;  alias, 1 drivers
v0x5ae16abe0880_0 .net "R8", 31 0, L_0x5ae16ac00f00;  alias, 1 drivers
v0x5ae16abe0950_0 .net "R9", 31 0, L_0x5ae16ac00e60;  alias, 1 drivers
v0x5ae16abe0a20_0 .net "RegDst", 1 0, v0x5ae16abccc60_0;  1 drivers
v0x5ae16abe0af0_0 .net "RegWrite", 0 0, v0x5ae16abccd40_0;  1 drivers
v0x5ae16abe0bc0_0 .net "Rst", 0 0, v0x5ae16abe7820_0;  1 drivers
L_0x7c25e76ce060 .functor BUFT 1, C4<00000000000000000000000000000100>, C4<0>, C4<0>, C4<0>;
v0x5ae16abe0c60_0 .net/2u *"_ivl_0", 31 0, L_0x7c25e76ce060;  1 drivers
L_0x7c25e76cf3c8 .functor BUFT 1, C4<00>, C4<0>, C4<0>, C4<0>;
v0x5ae16abe0d00_0 .net *"_ivl_100", 1 0, L_0x7c25e76cf3c8;  1 drivers
v0x5ae16abe0da0_0 .net *"_ivl_105", 3 0, L_0x5ae16ac0a890;  1 drivers
L_0x7c25e76cf410 .functor BUFT 1, C4<00>, C4<0>, C4<0>, C4<0>;
v0x5ae16abe0e40_0 .net/2u *"_ivl_106", 1 0, L_0x7c25e76cf410;  1 drivers
v0x5ae16abe0ee0_0 .net *"_ivl_31", 0 0, L_0x5ae16abfe220;  1 drivers
v0x5ae16abe0f80_0 .net *"_ivl_33", 15 0, L_0x5ae16abfe2c0;  1 drivers
L_0x7c25e76ce7b0 .functor BUFT 1, C4<10>, C4<0>, C4<0>, C4<0>;
v0x5ae16abe1430_0 .net/2u *"_ivl_36", 1 0, L_0x7c25e76ce7b0;  1 drivers
v0x5ae16abe14f0_0 .net *"_ivl_38", 0 0, L_0x5ae16abfe510;  1 drivers
L_0x7c25e76ce7f8 .functor BUFT 1, C4<11111>, C4<0>, C4<0>, C4<0>;
v0x5ae16abe15b0_0 .net/2u *"_ivl_40", 4 0, L_0x7c25e76ce7f8;  1 drivers
L_0x7c25e76ce840 .functor BUFT 1, C4<01>, C4<0>, C4<0>, C4<0>;
v0x5ae16abe1690_0 .net/2u *"_ivl_42", 1 0, L_0x7c25e76ce840;  1 drivers
v0x5ae16abe1770_0 .net *"_ivl_44", 0 0, L_0x5ae16abfe6d0;  1 drivers
v0x5ae16abe1830_0 .net *"_ivl_46", 4 0, L_0x5ae16abfe7c0;  1 drivers
v0x5ae16abe1910_0 .net *"_ivl_50", 0 0, L_0x5ae16abffa80;  1 drivers
v0x5ae16abe19f0_0 .net *"_ivl_6", 29 0, L_0x5ae16abf7c60;  1 drivers
L_0x7c25e76cec78 .functor BUFT 1, C4<00000000000000000100000000000000>, C4<0>, C4<0>, C4<0>;
v0x5ae16abe1ad0_0 .net/2u *"_ivl_62", 31 0, L_0x7c25e76cec78;  1 drivers
v0x5ae16abe1bb0_0 .net *"_ivl_67", 0 0, L_0x5ae16ac093b0;  1 drivers
v0x5ae16abe1c70_0 .net *"_ivl_69", 0 0, L_0x5ae16ac094f0;  1 drivers
v0x5ae16abe1d30_0 .net *"_ivl_71", 0 0, L_0x5ae16ac09640;  1 drivers
L_0x7c25e76cf2a8 .functor BUFT 1, C4<0000000000000000>, C4<0>, C4<0>, C4<0>;
v0x5ae16abe1df0_0 .net/2u *"_ivl_74", 15 0, L_0x7c25e76cf2a8;  1 drivers
L_0x7c25e76cf2f0 .functor BUFT 1, C4<11>, C4<0>, C4<0>, C4<0>;
v0x5ae16abe1ed0_0 .net/2u *"_ivl_78", 1 0, L_0x7c25e76cf2f0;  1 drivers
L_0x7c25e76ce0a8 .functor BUFT 1, C4<00>, C4<0>, C4<0>, C4<0>;
v0x5ae16abe1fb0_0 .net *"_ivl_8", 1 0, L_0x7c25e76ce0a8;  1 drivers
v0x5ae16abe2090_0 .net *"_ivl_80", 0 0, L_0x5ae16ac09940;  1 drivers
L_0x7c25e76cf338 .functor BUFT 1, C4<10>, C4<0>, C4<0>, C4<0>;
v0x5ae16abe2150_0 .net/2u *"_ivl_82", 1 0, L_0x7c25e76cf338;  1 drivers
v0x5ae16abe2230_0 .net *"_ivl_84", 0 0, L_0x5ae16ac09af0;  1 drivers
L_0x7c25e76cf380 .functor BUFT 1, C4<01>, C4<0>, C4<0>, C4<0>;
v0x5ae16abe22f0_0 .net/2u *"_ivl_86", 1 0, L_0x7c25e76cf380;  1 drivers
v0x5ae16abe23d0_0 .net *"_ivl_88", 0 0, L_0x5ae16ac09be0;  1 drivers
v0x5ae16abe2490_0 .net *"_ivl_90", 31 0, L_0x5ae16ac09de0;  1 drivers
v0x5ae16abe2570_0 .net *"_ivl_92", 31 0, L_0x5ae16ac09f60;  1 drivers
v0x5ae16abe2650_0 .net *"_ivl_96", 31 0, L_0x5ae16ac0a4f0;  1 drivers
v0x5ae16abe2730_0 .net *"_ivl_98", 29 0, L_0x5ae16ac0a360;  1 drivers
v0x5ae16abe2810_0 .net "addr", 25 0, L_0x5ae16abfe120;  1 drivers
v0x5ae16abe28f0_0 .net "alu_in2", 31 0, L_0x5ae16ac01ea0;  1 drivers
v0x5ae16abe29b0_0 .net "alu_ready", 0 0, L_0x5ae16ac03090;  1 drivers
v0x5ae16abe2a80_0 .net "alu_result", 31 0, v0x5ae16abca9f0_0;  1 drivers
v0x5ae16abe2b50_0 .net "alu_zero", 0 0, L_0x5ae16ac02b00;  1 drivers
v0x5ae16abe2c20_0 .net "branch_target", 31 0, L_0x5ae16ac0a630;  1 drivers
v0x5ae16abe2cc0_0 .net "cpu_ready", 0 0, L_0x5ae16ac09700;  1 drivers
v0x5ae16abe2d80_0 .net "data_cache_done", 0 0, L_0x5ae16ac07b20;  1 drivers
v0x5ae16abe2e50_0 .net "do_branch", 0 0, L_0x5ae16ac0a6d0;  1 drivers
v0x5ae16abe2ef0_0 .net "funct", 5 0, L_0x5ae16abfde30;  1 drivers
v0x5ae16abe2fe0_0 .net "imm", 15 0, L_0x5ae16abfdf70;  1 drivers
v0x5ae16abe30a0_0 .net "inst_cache_done", 0 0, L_0x5ae16abfc140;  1 drivers
v0x5ae16abe3170_0 .net "inst_mm_dataout_nc", 127 0, L_0x5ae16abf8c30;  1 drivers
v0x5ae16abe3240_0 .net "inst_mm_write_nc", 0 0, L_0x5ae16abfb130;  1 drivers
v0x5ae16abe3310_0 .net "is_memory_instruction", 0 0, L_0x5ae16ac03490;  1 drivers
v0x5ae16abe33b0_0 .net "jump_target", 31 0, L_0x5ae16ac0a9c0;  1 drivers
v0x5ae16abe3470_0 .net "lui_val", 31 0, L_0x5ae16ac01f40;  1 drivers
v0x5ae16abe3550_0 .net "next_pc", 31 0, L_0x5ae16ac0b050;  1 drivers
v0x5ae16abe3630_0 .net "opcode", 5 0, L_0x5ae16abfda40;  1 drivers
v0x5ae16abe3720_0 .net "pc_after_branch", 31 0, L_0x5ae16ac0ac60;  1 drivers
v0x5ae16abe37e0_0 .net "pc_after_jump", 31 0, L_0x5ae16ac0ada0;  1 drivers
v0x5ae16abe38c0_0 .net "pc_plus_4", 31 0, L_0x5ae16abf7b70;  1 drivers
v0x5ae16abe39a0_0 .net "rd", 4 0, L_0x5ae16abfdd90;  1 drivers
v0x5ae16abe3a80_0 .net "read_data1", 31 0, L_0x5ae16abff000;  1 drivers
v0x5ae16abe3b40_0 .net "read_data2", 31 0, L_0x5ae16abff4e0;  1 drivers
v0x5ae16abe3c00_0 .net "rs", 4 0, L_0x5ae16abfdb30;  1 drivers
v0x5ae16abe3cc0_0 .net "rt", 4 0, L_0x5ae16abfdcb0;  1 drivers
v0x5ae16abe3d90_0 .net "safe_data_addr", 31 0, L_0x5ae16ac03500;  1 drivers
v0x5ae16abe3e60_0 .net "sign_ext_imm", 31 0, L_0x5ae16abfe420;  1 drivers
v0x5ae16abe3f20_0 .net "valid_MemRead", 0 0, L_0x5ae16ac031e0;  1 drivers
v0x5ae16abe3ff0_0 .net "valid_MemWrite", 0 0, L_0x5ae16ac032f0;  1 drivers
v0x5ae16abe40c0_0 .net "write_data", 31 0, L_0x5ae16ac0a180;  1 drivers
v0x5ae16abe4190_0 .net "write_reg", 4 0, L_0x5ae16abfe990;  1 drivers
L_0x5ae16abf7b70 .arith/sum 32, v0x5ae16abded40_0, L_0x7c25e76ce060;
L_0x5ae16abf7c60 .part v0x5ae16abded40_0, 2, 30;
L_0x5ae16abf7d00 .concat [ 30 2 0 0], L_0x5ae16abf7c60, L_0x7c25e76ce0a8;
L_0x5ae16abfda40 .part L_0x5ae16abfd810, 26, 6;
L_0x5ae16abfdb30 .part L_0x5ae16abfd810, 21, 5;
L_0x5ae16abfdcb0 .part L_0x5ae16abfd810, 16, 5;
L_0x5ae16abfdd90 .part L_0x5ae16abfd810, 11, 5;
L_0x5ae16abfde30 .part L_0x5ae16abfd810, 0, 6;
L_0x5ae16abfdf70 .part L_0x5ae16abfd810, 0, 16;
L_0x5ae16abfe120 .part L_0x5ae16abfd810, 0, 26;
L_0x5ae16abfe220 .part L_0x5ae16abfdf70, 15, 1;
L_0x5ae16abfe2c0 .repeat 16, 16, L_0x5ae16abfe220;
L_0x5ae16abfe420 .concat [ 16 16 0 0], L_0x5ae16abfdf70, L_0x5ae16abfe2c0;
L_0x5ae16abfe510 .cmp/eq 2, v0x5ae16abccc60_0, L_0x7c25e76ce7b0;
L_0x5ae16abfe6d0 .cmp/eq 2, v0x5ae16abccc60_0, L_0x7c25e76ce840;
L_0x5ae16abfe7c0 .functor MUXZ 5, L_0x5ae16abfdd90, L_0x5ae16abfdcb0, L_0x5ae16abfe6d0, C4<>;
L_0x5ae16abfe990 .functor MUXZ 5, L_0x5ae16abfe7c0, L_0x7c25e76ce7f8, L_0x5ae16abfe510, C4<>;
L_0x5ae16ac01ea0 .functor MUXZ 32, L_0x5ae16abff4e0, L_0x5ae16abfe420, v0x5ae16abcc600_0, C4<>;
L_0x5ae16ac03500 .functor MUXZ 32, L_0x7c25e76cec78, v0x5ae16abca9f0_0, L_0x5ae16ac03490, C4<>;
L_0x5ae16ac094f0 .reduce/nor L_0x5ae16ac093b0;
L_0x5ae16ac01f40 .concat [ 16 16 0 0], L_0x7c25e76cf2a8, L_0x5ae16abfdf70;
L_0x5ae16ac09940 .cmp/eq 2, v0x5ae16abccb80_0, L_0x7c25e76cf2f0;
L_0x5ae16ac09af0 .cmp/eq 2, v0x5ae16abccb80_0, L_0x7c25e76cf338;
L_0x5ae16ac09be0 .cmp/eq 2, v0x5ae16abccb80_0, L_0x7c25e76cf380;
L_0x5ae16ac09de0 .functor MUXZ 32, v0x5ae16abca9f0_0, L_0x5ae16ac091d0, L_0x5ae16ac09be0, C4<>;
L_0x5ae16ac09f60 .functor MUXZ 32, L_0x5ae16ac09de0, L_0x5ae16abf7b70, L_0x5ae16ac09af0, C4<>;
L_0x5ae16ac0a180 .functor MUXZ 32, L_0x5ae16ac09f60, L_0x5ae16ac01f40, L_0x5ae16ac09940, C4<>;
L_0x5ae16ac0a360 .part L_0x5ae16abfe420, 0, 30;
L_0x5ae16ac0a4f0 .concat [ 2 30 0 0], L_0x7c25e76cf3c8, L_0x5ae16ac0a360;
L_0x5ae16ac0a630 .arith/sum 32, L_0x5ae16abf7b70, L_0x5ae16ac0a4f0;
L_0x5ae16ac0a890 .part L_0x5ae16abf7b70, 28, 4;
L_0x5ae16ac0a9c0 .concat [ 2 26 4 0], L_0x7c25e76cf410, L_0x5ae16abfe120, L_0x5ae16ac0a890;
L_0x5ae16ac0ac60 .functor MUXZ 32, L_0x5ae16abf7b70, L_0x5ae16ac0a630, L_0x5ae16ac0a6d0, C4<>;
L_0x5ae16ac0ada0 .functor MUXZ 32, L_0x5ae16ac0ac60, L_0x5ae16ac0a9c0, v0x5ae16abcc940_0, C4<>;
L_0x5ae16ac0b050 .functor MUXZ 32, L_0x5ae16ac0ada0, L_0x5ae16abff000, v0x5ae16abcc830_0, C4<>;
S_0x5ae16abc8890 .scope module, "alu_inst" "ALU" 4 467, 4 123 0, S_0x5ae16abc8100;
 .timescale 0 0;
    .port_info 0 /INPUT 1 "clk";
    .port_info 1 /INPUT 2 "ALUOp";
    .port_info 2 /INPUT 32 "Reg1";
    .port_info 3 /INPUT 32 "Reg2";
    .port_info 4 /OUTPUT 32 "Result";
    .port_info 5 /OUTPUT 1 "zero";
    .port_info 6 /OUTPUT 1 "ready";
L_0x5ae16ac014f0 .functor AND 1, L_0x5ae16ac01fe0, L_0x5ae16ac02080, C4<1>, C4<1>;
L_0x5ae16ac023e0 .functor AND 1, L_0x5ae16ac02210, L_0x5ae16ac02340, C4<1>, C4<1>;
v0x5ae16abca740_0 .net "ALUOp", 1 0, v0x5ae16abcc4f0_0;  alias, 1 drivers
v0x5ae16abca840_0 .net "Reg1", 31 0, L_0x5ae16abff000;  alias, 1 drivers
v0x5ae16abca900_0 .net "Reg2", 31 0, L_0x5ae16ac01ea0;  alias, 1 drivers
v0x5ae16abca9f0_0 .var "Result", 31 0;
L_0x7c25e76cea38 .functor BUFT 1, C4<10>, C4<0>, C4<0>, C4<0>;
v0x5ae16abcaad0_0 .net/2u *"_ivl_0", 1 0, L_0x7c25e76cea38;  1 drivers
v0x5ae16abcac00_0 .net *"_ivl_10", 0 0, L_0x5ae16ac02210;  1 drivers
v0x5ae16abcacc0_0 .net *"_ivl_13", 0 0, L_0x5ae16ac02340;  1 drivers
L_0x7c25e76ceac8 .functor BUFT 1, C4<00000000000000000000000000000000>, C4<0>, C4<0>, C4<0>;
v0x5ae16abcad80_0 .net/2u *"_ivl_16", 31 0, L_0x7c25e76ceac8;  1 drivers
v0x5ae16abcae60_0 .net *"_ivl_18", 0 0, L_0x5ae16ac029c0;  1 drivers
v0x5ae16abcafb0_0 .net *"_ivl_2", 0 0, L_0x5ae16ac01fe0;  1 drivers
L_0x7c25e76ceb10 .functor BUFT 1, C4<1>, C4<0>, C4<0>, C4<0>;
v0x5ae16abcb070_0 .net/2u *"_ivl_20", 0 0, L_0x7c25e76ceb10;  1 drivers
L_0x7c25e76ceb58 .functor BUFT 1, C4<0>, C4<0>, C4<0>, C4<0>;
v0x5ae16abcb150_0 .net/2u *"_ivl_22", 0 0, L_0x7c25e76ceb58;  1 drivers
L_0x7c25e76ceba0 .functor BUFT 1, C4<10>, C4<0>, C4<0>, C4<0>;
v0x5ae16abcb230_0 .net/2u *"_ivl_26", 1 0, L_0x7c25e76ceba0;  1 drivers
v0x5ae16abcb310_0 .net *"_ivl_28", 0 0, L_0x5ae16ac02d20;  1 drivers
L_0x7c25e76cebe8 .functor BUFT 1, C4<11>, C4<0>, C4<0>, C4<0>;
v0x5ae16abcb3d0_0 .net/2u *"_ivl_30", 1 0, L_0x7c25e76cebe8;  1 drivers
v0x5ae16abcb4b0_0 .net *"_ivl_32", 0 0, L_0x5ae16ac02e10;  1 drivers
L_0x7c25e76cec30 .functor BUFT 1, C4<1>, C4<0>, C4<0>, C4<0>;
v0x5ae16abcb570_0 .net/2u *"_ivl_34", 0 0, L_0x7c25e76cec30;  1 drivers
v0x5ae16abcb650_0 .net *"_ivl_36", 0 0, L_0x5ae16ac02f50;  1 drivers
v0x5ae16abcb730_0 .net *"_ivl_5", 0 0, L_0x5ae16ac02080;  1 drivers
L_0x7c25e76cea80 .functor BUFT 1, C4<11>, C4<0>, C4<0>, C4<0>;
v0x5ae16abcb7f0_0 .net/2u *"_ivl_8", 1 0, L_0x7c25e76cea80;  1 drivers
v0x5ae16abcb8d0_0 .net "clk", 0 0, v0x5ae16abe5de0_0;  alias, 1 drivers
v0x5ae16abcb970_0 .net "div_ready", 0 0, L_0x5ae16ac02860;  1 drivers
v0x5ae16abcba10_0 .net "div_res", 31 0, v0x5ae16abc8ff0_0;  1 drivers
v0x5ae16abcbab0_0 .net "mul_ready", 0 0, L_0x5ae16ac02620;  1 drivers
v0x5ae16abcbb50_0 .net "mul_res", 31 0, v0x5ae16abc9de0_0;  1 drivers
v0x5ae16abcbc20_0 .var "prev_div", 0 0;
v0x5ae16abcbcc0_0 .var "prev_mul", 0 0;
v0x5ae16abcbd60_0 .net "ready", 0 0, L_0x5ae16ac03090;  alias, 1 drivers
v0x5ae16abcbe20_0 .net "start_div", 0 0, L_0x5ae16ac023e0;  1 drivers
v0x5ae16abcbef0_0 .net "start_mul", 0 0, L_0x5ae16ac014f0;  1 drivers
v0x5ae16abcbfc0_0 .net "zero", 0 0, L_0x5ae16ac02b00;  alias, 1 drivers
E_0x5ae16aa98a20/0 .event anyedge, v0x5ae16abca740_0, v0x5ae16abc8e10_0, v0x5ae16abc8f10_0, v0x5ae16abc9de0_0;
E_0x5ae16aa98a20/1 .event anyedge, v0x5ae16abc8ff0_0;
E_0x5ae16aa98a20 .event/or E_0x5ae16aa98a20/0, E_0x5ae16aa98a20/1;
L_0x5ae16ac01fe0 .cmp/eq 2, v0x5ae16abcc4f0_0, L_0x7c25e76cea38;
L_0x5ae16ac02080 .reduce/nor v0x5ae16abcbcc0_0;
L_0x5ae16ac02210 .cmp/eq 2, v0x5ae16abcc4f0_0, L_0x7c25e76cea80;
L_0x5ae16ac02340 .reduce/nor v0x5ae16abcbc20_0;
L_0x5ae16ac029c0 .cmp/eq 32, v0x5ae16abca9f0_0, L_0x7c25e76ceac8;
L_0x5ae16ac02b00 .functor MUXZ 1, L_0x7c25e76ceb58, L_0x7c25e76ceb10, L_0x5ae16ac029c0, C4<>;
L_0x5ae16ac02d20 .cmp/eq 2, v0x5ae16abcc4f0_0, L_0x7c25e76ceba0;
L_0x5ae16ac02e10 .cmp/eq 2, v0x5ae16abcc4f0_0, L_0x7c25e76cebe8;
L_0x5ae16ac02f50 .functor MUXZ 1, L_0x7c25e76cec30, L_0x5ae16ac02860, L_0x5ae16ac02e10, C4<>;
L_0x5ae16ac03090 .functor MUXZ 1, L_0x5ae16ac02f50, L_0x5ae16ac02620, L_0x5ae16ac02d20, C4<>;
S_0x5ae16abc8bd0 .scope module, "div" "DIV" 4 149, 4 198 0, S_0x5ae16abc8890;
 .timescale 0 0;
    .port_info 0 /INPUT 1 "clk";
    .port_info 1 /INPUT 1 "start";
    .port_info 2 /INPUT 32 "Reg1";
    .port_info 3 /INPUT 32 "Reg2";
    .port_info 4 /OUTPUT 32 "Result";
    .port_info 5 /OUTPUT 1 "ready";
L_0x5ae16ac02780 .functor NOT 1, v0x5ae16abc93a0_0, C4<0>, C4<0>, C4<0>;
L_0x5ae16ac027f0 .functor NOT 1, L_0x5ae16ac023e0, C4<0>, C4<0>, C4<0>;
L_0x5ae16ac02860 .functor AND 1, L_0x5ae16ac02780, L_0x5ae16ac027f0, C4<1>, C4<1>;
v0x5ae16abc8e10_0 .net "Reg1", 31 0, L_0x5ae16abff000;  alias, 1 drivers
v0x5ae16abc8f10_0 .net "Reg2", 31 0, L_0x5ae16ac01ea0;  alias, 1 drivers
v0x5ae16abc8ff0_0 .var "Result", 31 0;
v0x5ae16abc90b0_0 .net *"_ivl_0", 0 0, L_0x5ae16ac02780;  1 drivers
v0x5ae16abc9190_0 .net *"_ivl_2", 0 0, L_0x5ae16ac027f0;  1 drivers
v0x5ae16abc92c0_0 .var "b", 31 0;
v0x5ae16abc93a0_0 .var "busy", 0 0;
v0x5ae16abc9460_0 .net "clk", 0 0, v0x5ae16abe5de0_0;  alias, 1 drivers
v0x5ae16abc9520_0 .var "count", 5 0;
v0x5ae16abc9600_0 .var "q", 31 0;
v0x5ae16abc96e0_0 .var "r", 31 0;
v0x5ae16abc97c0_0 .net "ready", 0 0, L_0x5ae16ac02860;  alias, 1 drivers
v0x5ae16abc9880_0 .net "start", 0 0, L_0x5ae16ac023e0;  alias, 1 drivers
E_0x5ae16aa95ff0 .event posedge, v0x5ae16abc9460_0;
S_0x5ae16abc9a00 .scope module, "mul" "MUL" 4 148, 4 166 0, S_0x5ae16abc8890;
 .timescale 0 0;
    .port_info 0 /INPUT 1 "clk";
    .port_info 1 /INPUT 1 "start";
    .port_info 2 /INPUT 32 "Reg1";
    .port_info 3 /INPUT 32 "Reg2";
    .port_info 4 /OUTPUT 32 "Result";
    .port_info 5 /OUTPUT 1 "ready";
L_0x5ae16ac02540 .functor NOT 1, v0x5ae16abca250_0, C4<0>, C4<0>, C4<0>;
L_0x5ae16ac025b0 .functor NOT 1, L_0x5ae16ac014f0, C4<0>, C4<0>, C4<0>;
L_0x5ae16ac02620 .functor AND 1, L_0x5ae16ac02540, L_0x5ae16ac025b0, C4<1>, C4<1>;
v0x5ae16abc9c80_0 .net "Reg1", 31 0, L_0x5ae16abff000;  alias, 1 drivers
v0x5ae16abc9d40_0 .net "Reg2", 31 0, L_0x5ae16ac01ea0;  alias, 1 drivers
v0x5ae16abc9de0_0 .var "Result", 31 0;
v0x5ae16abc9e80_0 .net *"_ivl_0", 0 0, L_0x5ae16ac02540;  1 drivers
v0x5ae16abc9f60_0 .net *"_ivl_2", 0 0, L_0x5ae16ac025b0;  1 drivers
v0x5ae16abca090_0 .var "a", 31 0;
v0x5ae16abca170_0 .var "b", 31 0;
v0x5ae16abca250_0 .var "busy", 0 0;
v0x5ae16abca310_0 .net "clk", 0 0, v0x5ae16abe5de0_0;  alias, 1 drivers
v0x5ae16abca440_0 .var "count", 5 0;
v0x5ae16abca500_0 .net "ready", 0 0, L_0x5ae16ac02620;  alias, 1 drivers
v0x5ae16abca5c0_0 .net "start", 0 0, L_0x5ae16ac014f0;  alias, 1 drivers
S_0x5ae16abcc120 .scope module, "control_unit" "CU" 4 417, 4 236 0, S_0x5ae16abc8100;
 .timescale 0 0;
    .port_info 0 /INPUT 6 "opcode";
    .port_info 1 /INPUT 6 "funct";
    .port_info 2 /OUTPUT 2 "RegDst";
    .port_info 3 /OUTPUT 2 "MemtoReg";
    .port_info 4 /OUTPUT 2 "ALUOp";
    .port_info 5 /OUTPUT 1 "RegWrite";
    .port_info 6 /OUTPUT 1 "ALUSrc";
    .port_info 7 /OUTPUT 1 "MemRead";
    .port_info 8 /OUTPUT 1 "MemWrite";
    .port_info 9 /OUTPUT 1 "Branch";
    .port_info 10 /OUTPUT 1 "Jump";
    .port_info 11 /OUTPUT 1 "Jal";
    .port_info 12 /OUTPUT 1 "Jr";
v0x5ae16abcc4f0_0 .var "ALUOp", 1 0;
v0x5ae16abcc600_0 .var "ALUSrc", 0 0;
v0x5ae16abcc6a0_0 .var "Branch", 0 0;
v0x5ae16abcc770_0 .var "Jal", 0 0;
v0x5ae16abcc830_0 .var "Jr", 0 0;
v0x5ae16abcc940_0 .var "Jump", 0 0;
v0x5ae16abcca00_0 .var "MemRead", 0 0;
v0x5ae16abccac0_0 .var "MemWrite", 0 0;
v0x5ae16abccb80_0 .var "MemtoReg", 1 0;
v0x5ae16abccc60_0 .var "RegDst", 1 0;
v0x5ae16abccd40_0 .var "RegWrite", 0 0;
v0x5ae16abcce00_0 .net "funct", 5 0, L_0x5ae16abfde30;  alias, 1 drivers
v0x5ae16abccee0_0 .net "opcode", 5 0, L_0x5ae16abfda40;  alias, 1 drivers
E_0x5ae16aa96240 .event anyedge, v0x5ae16abccee0_0, v0x5ae16abcce00_0;
S_0x5ae16abcd160 .scope module, "data_cache" "L1_Cache" 4 483, 4 1 0, S_0x5ae16abc8100;
 .timescale 0 0;
    .port_info 0 /INPUT 1 "Clk";
    .port_info 1 /INPUT 1 "Rst";
    .port_info 2 /INPUT 1 "CPU_Write";
    .port_info 3 /INPUT 1 "CPU_Read";
    .port_info 4 /INPUT 1 "MM_Done";
    .port_info 5 /INPUT 32 "CPU_DataIn";
    .port_info 6 /INPUT 32 "CPU_Addr";
    .port_info 7 /INPUT 128 "MM_DataIn";
    .port_info 8 /OUTPUT 1 "CPU_Done";
    .port_info 9 /OUTPUT 1 "MM_Write";
    .port_info 10 /OUTPUT 1 "MM_Read";
    .port_info 11 /OUTPUT 32 "CPU_DataOut";
    .port_info 12 /OUTPUT 32 "MM_Addr";
    .port_info 13 /OUTPUT 128 "MM_DataOut";
P_0x5ae16abcd2f0 .param/l "ALLOC_REQ" 1 4 33, C4<011>;
P_0x5ae16abcd330 .param/l "ALLOC_WAIT" 1 4 34, C4<100>;
P_0x5ae16abcd370 .param/l "IDLE" 1 4 30, C4<000>;
P_0x5ae16abcd3b0 .param/l "READ_REQ" 1 4 31, C4<001>;
P_0x5ae16abcd3f0 .param/l "READ_WAIT" 1 4 32, C4<010>;
P_0x5ae16abcd430 .param/l "WRITE_REQ" 1 4 35, C4<101>;
P_0x5ae16abcd470 .param/l "WRITE_WAIT" 1 4 36, C4<110>;
L_0x5ae16ac03f80 .functor AND 1, L_0x5ae16ac03a90, L_0x5ae16ac03e40, C4<1>, C4<1>;
L_0x5ae16ac042c0 .functor BUFZ 128, L_0x5ae16ac04090, C4<00000000000000000000000000000000000000000000000000000000000000000000000000000000000000000000000000000000000000000000000000000000>, C4<00000000000000000000000000000000000000000000000000000000000000000000000000000000000000000000000000000000000000000000000000000000>, C4<00000000000000000000000000000000000000000000000000000000000000000000000000000000000000000000000000000000000000000000000000000000>;
L_0x5ae16ac045d0 .functor AND 1, L_0x5ae16ac04380, L_0x5ae16ac044e0, C4<1>, C4<1>;
L_0x5ae16ac04470 .functor BUFZ 128, L_0x5ae16ac06180, C4<00000000000000000000000000000000000000000000000000000000000000000000000000000000000000000000000000000000000000000000000000000000>, C4<00000000000000000000000000000000000000000000000000000000000000000000000000000000000000000000000000000000000000000000000000000000>, C4<00000000000000000000000000000000000000000000000000000000000000000000000000000000000000000000000000000000000000000000000000000000>;
L_0x5ae16ac069c0 .functor OR 1, L_0x5ae16ac06660, L_0x5ae16ac068d0, C4<0>, C4<0>;
L_0x5ae16ac06cb0 .functor AND 1, L_0x5ae16ac067a0, L_0x5ae16ac03f80, C4<1>, C4<1>;
L_0x5ae16ac06fb0 .functor AND 1, L_0x5ae16ac06cb0, L_0x5ae16ac06dc0, C4<1>, C4<1>;
L_0x5ae16ac073f0 .functor AND 1, L_0x5ae16ac07070, L_0x5ae16ac07160, C4<1>, C4<1>;
L_0x5ae16ac07550 .functor OR 1, L_0x5ae16ac06fb0, L_0x5ae16ac073f0, C4<0>, C4<0>;
L_0x5ae16ac079b0 .functor AND 1, L_0x5ae16ac07660, L_0x5ae16ac07750, C4<1>, C4<1>;
L_0x5ae16ac07b20 .functor OR 1, L_0x5ae16ac07550, L_0x5ae16ac079b0, C4<0>, C4<0>;
v0x5ae16abcda00_0 .net "CPU_Addr", 31 0, L_0x5ae16ac03500;  alias, 1 drivers
v0x5ae16abcdb00_0 .net "CPU_DataIn", 31 0, L_0x5ae16abff4e0;  alias, 1 drivers
v0x5ae16abcdbe0_0 .net "CPU_DataOut", 31 0, L_0x5ae16ac091d0;  alias, 1 drivers
v0x5ae16abcdcd0_0 .net "CPU_Done", 0 0, L_0x5ae16ac07b20;  alias, 1 drivers
v0x5ae16abcdd90_0 .net "CPU_Read", 0 0, L_0x5ae16ac031e0;  alias, 1 drivers
v0x5ae16abcdea0_0 .net "CPU_Write", 0 0, L_0x5ae16ac032f0;  alias, 1 drivers
v0x5ae16abcdf60_0 .net "Clk", 0 0, v0x5ae16abe5de0_0;  alias, 1 drivers
v0x5ae16abce000 .array "Data_arr", 63 0, 127 0;
v0x5ae16abce0c0_0 .net "MM_Addr", 31 0, L_0x5ae16ac064d0;  alias, 1 drivers
v0x5ae16abce230_0 .net "MM_DataIn", 127 0, v0x5ae16abe6ec0_0;  alias, 1 drivers
v0x5ae16abce310_0 .net "MM_DataOut", 127 0, L_0x5ae16ac04470;  alias, 1 drivers
v0x5ae16abce3f0_0 .net "MM_Done", 0 0, v0x5ae16abe6dd0_0;  alias, 1 drivers
v0x5ae16abce4b0_0 .net "MM_Read", 0 0, L_0x5ae16ac069c0;  alias, 1 drivers
v0x5ae16abce570_0 .net "MM_Write", 0 0, L_0x5ae16ac06ad0;  alias, 1 drivers
v0x5ae16abce630_0 .net "Rst", 0 0, v0x5ae16abe7820_0;  alias, 1 drivers
v0x5ae16abce6f0_0 .net *"_ivl_100", 0 0, L_0x5ae16ac06660;  1 drivers
L_0x7c25e76cefd8 .functor BUFT 1, C4<011>, C4<0>, C4<0>, C4<0>;
v0x5ae16abce7b0_0 .net/2u *"_ivl_102", 2 0, L_0x7c25e76cefd8;  1 drivers
v0x5ae16abce9a0_0 .net *"_ivl_104", 0 0, L_0x5ae16ac068d0;  1 drivers
L_0x7c25e76cf020 .functor BUFT 1, C4<101>, C4<0>, C4<0>, C4<0>;
v0x5ae16abcea60_0 .net/2u *"_ivl_108", 2 0, L_0x7c25e76cf020;  1 drivers
L_0x7c25e76cecc0 .functor BUFT 1, C4<00>, C4<0>, C4<0>, C4<0>;
v0x5ae16abceb40_0 .net *"_ivl_11", 1 0, L_0x7c25e76cecc0;  1 drivers
L_0x7c25e76cf068 .functor BUFT 1, C4<000>, C4<0>, C4<0>, C4<0>;
v0x5ae16abcec20_0 .net/2u *"_ivl_112", 2 0, L_0x7c25e76cf068;  1 drivers
v0x5ae16abced00_0 .net *"_ivl_114", 0 0, L_0x5ae16ac067a0;  1 drivers
v0x5ae16abcedc0_0 .net *"_ivl_117", 0 0, L_0x5ae16ac06cb0;  1 drivers
v0x5ae16abcee80_0 .net *"_ivl_119", 0 0, L_0x5ae16ac06dc0;  1 drivers
L_0x7c25e76ced08 .functor BUFT 1, C4<1>, C4<0>, C4<0>, C4<0>;
v0x5ae16abcef40_0 .net/2u *"_ivl_12", 0 0, L_0x7c25e76ced08;  1 drivers
v0x5ae16abcf020_0 .net *"_ivl_121", 0 0, L_0x5ae16ac06fb0;  1 drivers
L_0x7c25e76cf0b0 .functor BUFT 1, C4<010>, C4<0>, C4<0>, C4<0>;
v0x5ae16abcf0e0_0 .net/2u *"_ivl_122", 2 0, L_0x7c25e76cf0b0;  1 drivers
v0x5ae16abcf1c0_0 .net *"_ivl_124", 0 0, L_0x5ae16ac07070;  1 drivers
L_0x7c25e76cf0f8 .functor BUFT 1, C4<1>, C4<0>, C4<0>, C4<0>;
v0x5ae16abcf280_0 .net/2u *"_ivl_126", 0 0, L_0x7c25e76cf0f8;  1 drivers
v0x5ae16abcf360_0 .net *"_ivl_128", 0 0, L_0x5ae16ac07160;  1 drivers
v0x5ae16abcf420_0 .net *"_ivl_131", 0 0, L_0x5ae16ac073f0;  1 drivers
v0x5ae16abcf4e0_0 .net *"_ivl_133", 0 0, L_0x5ae16ac07550;  1 drivers
L_0x7c25e76cf140 .functor BUFT 1, C4<110>, C4<0>, C4<0>, C4<0>;
v0x5ae16abcf5a0_0 .net/2u *"_ivl_134", 2 0, L_0x7c25e76cf140;  1 drivers
v0x5ae16abcf680_0 .net *"_ivl_136", 0 0, L_0x5ae16ac07660;  1 drivers
L_0x7c25e76cf188 .functor BUFT 1, C4<1>, C4<0>, C4<0>, C4<0>;
v0x5ae16abcf740_0 .net/2u *"_ivl_138", 0 0, L_0x7c25e76cf188;  1 drivers
v0x5ae16abcf820_0 .net *"_ivl_14", 0 0, L_0x5ae16ac03a90;  1 drivers
v0x5ae16abcf8e0_0 .net *"_ivl_140", 0 0, L_0x5ae16ac07750;  1 drivers
v0x5ae16abcf9a0_0 .net *"_ivl_143", 0 0, L_0x5ae16ac079b0;  1 drivers
v0x5ae16abcfa60_0 .net *"_ivl_155", 1 0, L_0x5ae16ac082a0;  1 drivers
L_0x7c25e76cf1d0 .functor BUFT 1, C4<00>, C4<0>, C4<0>, C4<0>;
v0x5ae16abcfb40_0 .net/2u *"_ivl_156", 1 0, L_0x7c25e76cf1d0;  1 drivers
v0x5ae16abcfc20_0 .net *"_ivl_158", 0 0, L_0x5ae16ac08340;  1 drivers
v0x5ae16abcfce0_0 .net *"_ivl_16", 21 0, L_0x5ae16ac03c10;  1 drivers
v0x5ae16abcfdc0_0 .net *"_ivl_161", 1 0, L_0x5ae16ac085d0;  1 drivers
L_0x7c25e76cf218 .functor BUFT 1, C4<01>, C4<0>, C4<0>, C4<0>;
v0x5ae16abcfea0_0 .net/2u *"_ivl_162", 1 0, L_0x7c25e76cf218;  1 drivers
v0x5ae16abcff80_0 .net *"_ivl_164", 0 0, L_0x5ae16abdc2d0;  1 drivers
v0x5ae16abd0040_0 .net *"_ivl_167", 1 0, L_0x5ae16abdc5c0;  1 drivers
L_0x7c25e76cf260 .functor BUFT 1, C4<10>, C4<0>, C4<0>, C4<0>;
v0x5ae16abd0120_0 .net/2u *"_ivl_168", 1 0, L_0x7c25e76cf260;  1 drivers
v0x5ae16abd0200_0 .net *"_ivl_170", 0 0, L_0x5ae16ac08a80;  1 drivers
v0x5ae16abd02c0_0 .net *"_ivl_172", 31 0, L_0x5ae16ac08ce0;  1 drivers
v0x5ae16abd03a0_0 .net *"_ivl_174", 31 0, L_0x5ae16ac08e70;  1 drivers
v0x5ae16abd0480_0 .net *"_ivl_18", 7 0, L_0x5ae16ac03cb0;  1 drivers
L_0x7c25e76ced50 .functor BUFT 1, C4<00>, C4<0>, C4<0>, C4<0>;
v0x5ae16abd0560_0 .net *"_ivl_21", 1 0, L_0x7c25e76ced50;  1 drivers
v0x5ae16abd0640_0 .net *"_ivl_22", 0 0, L_0x5ae16ac03e40;  1 drivers
v0x5ae16abd0700_0 .net *"_ivl_26", 127 0, L_0x5ae16ac04090;  1 drivers
v0x5ae16abd07e0_0 .net *"_ivl_28", 7 0, L_0x5ae16ac04190;  1 drivers
L_0x7c25e76ced98 .functor BUFT 1, C4<00>, C4<0>, C4<0>, C4<0>;
v0x5ae16abd08c0_0 .net *"_ivl_31", 1 0, L_0x7c25e76ced98;  1 drivers
L_0x7c25e76cede0 .functor BUFT 1, C4<010>, C4<0>, C4<0>, C4<0>;
v0x5ae16abd09a0_0 .net/2u *"_ivl_34", 2 0, L_0x7c25e76cede0;  1 drivers
v0x5ae16abd0a80_0 .net *"_ivl_36", 0 0, L_0x5ae16ac04380;  1 drivers
L_0x7c25e76cee28 .functor BUFT 1, C4<1>, C4<0>, C4<0>, C4<0>;
v0x5ae16abd0b40_0 .net/2u *"_ivl_38", 0 0, L_0x7c25e76cee28;  1 drivers
v0x5ae16abd0c20_0 .net *"_ivl_40", 0 0, L_0x5ae16ac044e0;  1 drivers
v0x5ae16abd0ce0_0 .net *"_ivl_43", 0 0, L_0x5ae16ac045d0;  1 drivers
v0x5ae16abd0da0_0 .net *"_ivl_47", 1 0, L_0x5ae16ac048a0;  1 drivers
L_0x7c25e76cee70 .functor BUFT 1, C4<00>, C4<0>, C4<0>, C4<0>;
v0x5ae16abd0e80_0 .net/2u *"_ivl_48", 1 0, L_0x7c25e76cee70;  1 drivers
v0x5ae16abd0f60_0 .net *"_ivl_50", 0 0, L_0x5ae16ac04990;  1 drivers
v0x5ae16abd1020_0 .net *"_ivl_53", 95 0, L_0x5ae16ac04b60;  1 drivers
v0x5ae16abd1510_0 .net *"_ivl_54", 127 0, L_0x5ae16ac04c00;  1 drivers
v0x5ae16abd15f0_0 .net *"_ivl_57", 1 0, L_0x5ae16ac04d90;  1 drivers
L_0x7c25e76ceeb8 .functor BUFT 1, C4<01>, C4<0>, C4<0>, C4<0>;
v0x5ae16abd16d0_0 .net/2u *"_ivl_58", 1 0, L_0x7c25e76ceeb8;  1 drivers
v0x5ae16abd17b0_0 .net *"_ivl_6", 0 0, L_0x5ae16ac038b0;  1 drivers
v0x5ae16abd1890_0 .net *"_ivl_60", 0 0, L_0x5ae16ac04e30;  1 drivers
v0x5ae16abd1950_0 .net *"_ivl_63", 63 0, L_0x5ae16ac04cf0;  1 drivers
v0x5ae16abd1a30_0 .net *"_ivl_65", 31 0, L_0x5ae16ac05020;  1 drivers
v0x5ae16abd1b10_0 .net *"_ivl_66", 127 0, L_0x5ae16ac05180;  1 drivers
v0x5ae16abd1bf0_0 .net *"_ivl_69", 1 0, L_0x5ae16ac05270;  1 drivers
L_0x7c25e76cef00 .functor BUFT 1, C4<10>, C4<0>, C4<0>, C4<0>;
v0x5ae16abd1cd0_0 .net/2u *"_ivl_70", 1 0, L_0x7c25e76cef00;  1 drivers
v0x5ae16abd1db0_0 .net *"_ivl_72", 0 0, L_0x5ae16ac05470;  1 drivers
v0x5ae16abd1e70_0 .net *"_ivl_75", 31 0, L_0x5ae16ac05560;  1 drivers
v0x5ae16abd1f50_0 .net *"_ivl_77", 63 0, L_0x5ae16ac056e0;  1 drivers
v0x5ae16abd2030_0 .net *"_ivl_78", 127 0, L_0x5ae16ac05780;  1 drivers
v0x5ae16abd2110_0 .net *"_ivl_8", 7 0, L_0x5ae16ac03950;  1 drivers
v0x5ae16abd21f0_0 .net *"_ivl_81", 95 0, L_0x5ae16ac059b0;  1 drivers
v0x5ae16abd22d0_0 .net *"_ivl_82", 127 0, L_0x5ae16ac05a50;  1 drivers
v0x5ae16abd23b0_0 .net *"_ivl_84", 127 0, L_0x5ae16ac05d50;  1 drivers
v0x5ae16abd2490_0 .net *"_ivl_86", 127 0, L_0x5ae16ac05ee0;  1 drivers
v0x5ae16abd2570_0 .net *"_ivl_91", 27 0, L_0x5ae16ac06310;  1 drivers
L_0x7c25e76cef48 .functor BUFT 1, C4<0000>, C4<0>, C4<0>, C4<0>;
v0x5ae16abd2650_0 .net/2u *"_ivl_92", 3 0, L_0x7c25e76cef48;  1 drivers
L_0x7c25e76cef90 .functor BUFT 1, C4<001>, C4<0>, C4<0>, C4<0>;
v0x5ae16abd2730_0 .net/2u *"_ivl_98", 2 0, L_0x7c25e76cef90;  1 drivers
v0x5ae16abd2810_0 .net "active_data", 127 0, L_0x5ae16ac046e0;  1 drivers
v0x5ae16abd28f0_0 .net "cache_hit", 0 0, L_0x5ae16ac03f80;  1 drivers
v0x5ae16abd29b0_0 .net "current_data", 127 0, L_0x5ae16ac042c0;  1 drivers
v0x5ae16abd2a90_0 .var/i "i", 31 0;
v0x5ae16abd2b70_0 .net "ind", 5 0, L_0x5ae16ac036e0;  1 drivers
v0x5ae16abd2c50_0 .net "offset", 3 0, L_0x5ae16ac03640;  1 drivers
v0x5ae16abd2d30_0 .var "state", 2 0;
v0x5ae16abd2e10_0 .net "tag", 21 0, L_0x5ae16ac03810;  1 drivers
v0x5ae16abd2ef0 .array "tag_arr", 63 0, 21 0;
v0x5ae16abd2fb0_0 .net "updated_block", 127 0, L_0x5ae16ac06180;  1 drivers
v0x5ae16abd3090 .array "valid_arr", 63 0, 0 0;
v0x5ae16abd3130_0 .net "word_0", 31 0, L_0x5ae16ac07c30;  1 drivers
v0x5ae16abd3210_0 .net "word_1", 31 0, L_0x5ae16ac07d20;  1 drivers
v0x5ae16abd32f0_0 .net "word_2", 31 0, L_0x5ae16ac07f40;  1 drivers
v0x5ae16abd33d0_0 .net "word_3", 31 0, L_0x5ae16ac08070;  1 drivers
E_0x5ae16abcd9a0 .event posedge, v0x5ae16abce630_0, v0x5ae16abc9460_0;
L_0x5ae16ac03640 .part L_0x5ae16ac03500, 0, 4;
L_0x5ae16ac036e0 .part L_0x5ae16ac03500, 4, 6;
L_0x5ae16ac03810 .part L_0x5ae16ac03500, 10, 22;
L_0x5ae16ac038b0 .array/port v0x5ae16abd3090, L_0x5ae16ac03950;
L_0x5ae16ac03950 .concat [ 6 2 0 0], L_0x5ae16ac036e0, L_0x7c25e76cecc0;
L_0x5ae16ac03a90 .cmp/eeq 1, L_0x5ae16ac038b0, L_0x7c25e76ced08;
L_0x5ae16ac03c10 .array/port v0x5ae16abd2ef0, L_0x5ae16ac03cb0;
L_0x5ae16ac03cb0 .concat [ 6 2 0 0], L_0x5ae16ac036e0, L_0x7c25e76ced50;
L_0x5ae16ac03e40 .cmp/eq 22, L_0x5ae16ac03c10, L_0x5ae16ac03810;
L_0x5ae16ac04090 .array/port v0x5ae16abce000, L_0x5ae16ac04190;
L_0x5ae16ac04190 .concat [ 6 2 0 0], L_0x5ae16ac036e0, L_0x7c25e76ced98;
L_0x5ae16ac04380 .cmp/eq 3, v0x5ae16abd2d30_0, L_0x7c25e76cede0;
L_0x5ae16ac044e0 .cmp/eeq 1, v0x5ae16abe6dd0_0, L_0x7c25e76cee28;
L_0x5ae16ac046e0 .functor MUXZ 128, L_0x5ae16ac042c0, v0x5ae16abe6ec0_0, L_0x5ae16ac045d0, C4<>;
L_0x5ae16ac048a0 .part L_0x5ae16ac03640, 2, 2;
L_0x5ae16ac04990 .cmp/eq 2, L_0x5ae16ac048a0, L_0x7c25e76cee70;
L_0x5ae16ac04b60 .part L_0x5ae16ac042c0, 32, 96;
L_0x5ae16ac04c00 .concat [ 32 96 0 0], L_0x5ae16abff4e0, L_0x5ae16ac04b60;
L_0x5ae16ac04d90 .part L_0x5ae16ac03640, 2, 2;
L_0x5ae16ac04e30 .cmp/eq 2, L_0x5ae16ac04d90, L_0x7c25e76ceeb8;
L_0x5ae16ac04cf0 .part L_0x5ae16ac042c0, 64, 64;
L_0x5ae16ac05020 .part L_0x5ae16ac042c0, 0, 32;
L_0x5ae16ac05180 .concat [ 32 32 64 0], L_0x5ae16ac05020, L_0x5ae16abff4e0, L_0x5ae16ac04cf0;
L_0x5ae16ac05270 .part L_0x5ae16ac03640, 2, 2;
L_0x5ae16ac05470 .cmp/eq 2, L_0x5ae16ac05270, L_0x7c25e76cef00;
L_0x5ae16ac05560 .part L_0x5ae16ac042c0, 96, 32;
L_0x5ae16ac056e0 .part L_0x5ae16ac042c0, 0, 64;
L_0x5ae16ac05780 .concat [ 64 32 32 0], L_0x5ae16ac056e0, L_0x5ae16abff4e0, L_0x5ae16ac05560;
L_0x5ae16ac059b0 .part L_0x5ae16ac042c0, 0, 96;
L_0x5ae16ac05a50 .concat [ 96 32 0 0], L_0x5ae16ac059b0, L_0x5ae16abff4e0;
L_0x5ae16ac05d50 .functor MUXZ 128, L_0x5ae16ac05a50, L_0x5ae16ac05780, L_0x5ae16ac05470, C4<>;
L_0x5ae16ac05ee0 .functor MUXZ 128, L_0x5ae16ac05d50, L_0x5ae16ac05180, L_0x5ae16ac04e30, C4<>;
L_0x5ae16ac06180 .functor MUXZ 128, L_0x5ae16ac05ee0, L_0x5ae16ac04c00, L_0x5ae16ac04990, C4<>;
L_0x5ae16ac06310 .part L_0x5ae16ac03500, 4, 28;
L_0x5ae16ac064d0 .concat [ 4 28 0 0], L_0x7c25e76cef48, L_0x5ae16ac06310;
L_0x5ae16ac06660 .cmp/eq 3, v0x5ae16abd2d30_0, L_0x7c25e76cef90;
L_0x5ae16ac068d0 .cmp/eq 3, v0x5ae16abd2d30_0, L_0x7c25e76cefd8;
L_0x5ae16ac06ad0 .cmp/eq 3, v0x5ae16abd2d30_0, L_0x7c25e76cf020;
L_0x5ae16ac067a0 .cmp/eq 3, v0x5ae16abd2d30_0, L_0x7c25e76cf068;
L_0x5ae16ac06dc0 .reduce/nor L_0x5ae16ac032f0;
L_0x5ae16ac07070 .cmp/eq 3, v0x5ae16abd2d30_0, L_0x7c25e76cf0b0;
L_0x5ae16ac07160 .cmp/eeq 1, v0x5ae16abe6dd0_0, L_0x7c25e76cf0f8;
L_0x5ae16ac07660 .cmp/eq 3, v0x5ae16abd2d30_0, L_0x7c25e76cf140;
L_0x5ae16ac07750 .cmp/eeq 1, v0x5ae16abe6dd0_0, L_0x7c25e76cf188;
L_0x5ae16ac07c30 .part L_0x5ae16ac046e0, 0, 32;
L_0x5ae16ac07d20 .part L_0x5ae16ac046e0, 32, 32;
L_0x5ae16ac07f40 .part L_0x5ae16ac046e0, 64, 32;
L_0x5ae16ac08070 .part L_0x5ae16ac046e0, 96, 32;
L_0x5ae16ac082a0 .part L_0x5ae16ac03640, 2, 2;
L_0x5ae16ac08340 .cmp/eq 2, L_0x5ae16ac082a0, L_0x7c25e76cf1d0;
L_0x5ae16ac085d0 .part L_0x5ae16ac03640, 2, 2;
L_0x5ae16abdc2d0 .cmp/eq 2, L_0x5ae16ac085d0, L_0x7c25e76cf218;
L_0x5ae16abdc5c0 .part L_0x5ae16ac03640, 2, 2;
L_0x5ae16ac08a80 .cmp/eq 2, L_0x5ae16abdc5c0, L_0x7c25e76cf260;
L_0x5ae16ac08ce0 .functor MUXZ 32, L_0x5ae16ac08070, L_0x5ae16ac07f40, L_0x5ae16ac08a80, C4<>;
L_0x5ae16ac08e70 .functor MUXZ 32, L_0x5ae16ac08ce0, L_0x5ae16ac07d20, L_0x5ae16abdc2d0, C4<>;
L_0x5ae16ac091d0 .functor MUXZ 32, L_0x5ae16ac08e70, L_0x5ae16ac07c30, L_0x5ae16ac08340, C4<>;
S_0x5ae16abd3670 .scope module, "inst_cache" "L1_Cache" 4 386, 4 1 0, S_0x5ae16abc8100;
 .timescale 0 0;
    .port_info 0 /INPUT 1 "Clk";
    .port_info 1 /INPUT 1 "Rst";
    .port_info 2 /INPUT 1 "CPU_Write";
    .port_info 3 /INPUT 1 "CPU_Read";
    .port_info 4 /INPUT 1 "MM_Done";
    .port_info 5 /INPUT 32 "CPU_DataIn";
    .port_info 6 /INPUT 32 "CPU_Addr";
    .port_info 7 /INPUT 128 "MM_DataIn";
    .port_info 8 /OUTPUT 1 "CPU_Done";
    .port_info 9 /OUTPUT 1 "MM_Write";
    .port_info 10 /OUTPUT 1 "MM_Read";
    .port_info 11 /OUTPUT 32 "CPU_DataOut";
    .port_info 12 /OUTPUT 32 "MM_Addr";
    .port_info 13 /OUTPUT 128 "MM_DataOut";
P_0x5ae16abd3800 .param/l "ALLOC_REQ" 1 4 33, C4<011>;
P_0x5ae16abd3840 .param/l "ALLOC_WAIT" 1 4 34, C4<100>;
P_0x5ae16abd3880 .param/l "IDLE" 1 4 30, C4<000>;
P_0x5ae16abd38c0 .param/l "READ_REQ" 1 4 31, C4<001>;
P_0x5ae16abd3900 .param/l "READ_WAIT" 1 4 32, C4<010>;
P_0x5ae16abd3940 .param/l "WRITE_REQ" 1 4 35, C4<101>;
P_0x5ae16abd3980 .param/l "WRITE_WAIT" 1 4 36, C4<110>;
L_0x5ae16ab9d010 .functor AND 1, L_0x5ae16abf8330, L_0x5ae16abf86e0, C4<1>, C4<1>;
L_0x5ae16ab55290 .functor BUFZ 128, L_0x5ae16abf88c0, C4<00000000000000000000000000000000000000000000000000000000000000000000000000000000000000000000000000000000000000000000000000000000>, C4<00000000000000000000000000000000000000000000000000000000000000000000000000000000000000000000000000000000000000000000000000000000>, C4<00000000000000000000000000000000000000000000000000000000000000000000000000000000000000000000000000000000000000000000000000000000>;
L_0x5ae16ab7a460 .functor AND 1, L_0x5ae16abf8b40, L_0x5ae16abf8d30, C4<1>, C4<1>;
L_0x5ae16abf8c30 .functor BUFZ 128, L_0x5ae16abfa800, C4<00000000000000000000000000000000000000000000000000000000000000000000000000000000000000000000000000000000000000000000000000000000>, C4<00000000000000000000000000000000000000000000000000000000000000000000000000000000000000000000000000000000000000000000000000000000>, C4<00000000000000000000000000000000000000000000000000000000000000000000000000000000000000000000000000000000000000000000000000000000>;
L_0x5ae16ab739d0 .functor OR 1, L_0x5ae16abfad30, L_0x5ae16abfafa0, C4<0>, C4<0>;
L_0x5ae16aaa9700 .functor AND 1, L_0x5ae16abfae70, L_0x5ae16ab9d010, C4<1>, C4<1>;
L_0x5ae16abc0e10 .functor AND 1, L_0x5ae16aaa9700, L_0x5ae16abfb490, C4<1>, C4<1>;
L_0x5ae16abfba10 .functor AND 1, L_0x5ae16abfb720, L_0x5ae16abfb810, C4<1>, C4<1>;
L_0x5ae16abfbb70 .functor OR 1, L_0x5ae16abc0e10, L_0x5ae16abfba10, C4<0>, C4<0>;
L_0x5ae16abfbfd0 .functor AND 1, L_0x5ae16abfbc80, L_0x5ae16abfbd70, C4<1>, C4<1>;
L_0x5ae16abfc140 .functor OR 1, L_0x5ae16abfbb70, L_0x5ae16abfbfd0, C4<0>, C4<0>;
v0x5ae16abd3ed0_0 .net "CPU_Addr", 31 0, v0x5ae16abded40_0;  1 drivers
L_0x7c25e76ce768 .functor BUFT 1, C4<00000000000000000000000000000000>, C4<0>, C4<0>, C4<0>;
v0x5ae16abd3fb0_0 .net "CPU_DataIn", 31 0, L_0x7c25e76ce768;  1 drivers
v0x5ae16abd4090_0 .net "CPU_DataOut", 31 0, L_0x5ae16abfd810;  alias, 1 drivers
v0x5ae16abd4150_0 .net "CPU_Done", 0 0, L_0x5ae16abfc140;  alias, 1 drivers
L_0x7c25e76ce720 .functor BUFT 1, C4<1>, C4<0>, C4<0>, C4<0>;
v0x5ae16abd4210_0 .net "CPU_Read", 0 0, L_0x7c25e76ce720;  1 drivers
L_0x7c25e76ce6d8 .functor BUFT 1, C4<0>, C4<0>, C4<0>, C4<0>;
v0x5ae16abd4320_0 .net "CPU_Write", 0 0, L_0x7c25e76ce6d8;  1 drivers
v0x5ae16abd43e0_0 .net "Clk", 0 0, v0x5ae16abe5de0_0;  alias, 1 drivers
v0x5ae16abd4480 .array "Data_arr", 63 0, 127 0;
v0x5ae16abd4540_0 .net "MM_Addr", 31 0, L_0x5ae16abfab50;  alias, 1 drivers
v0x5ae16abd46b0_0 .net "MM_DataIn", 127 0, v0x5ae16abe74c0_0;  alias, 1 drivers
v0x5ae16abd4790_0 .net "MM_DataOut", 127 0, L_0x5ae16abf8c30;  alias, 1 drivers
v0x5ae16abd4870_0 .net "MM_Done", 0 0, v0x5ae16abe73d0_0;  alias, 1 drivers
v0x5ae16abd4930_0 .net "MM_Read", 0 0, L_0x5ae16ab739d0;  alias, 1 drivers
v0x5ae16abd49f0_0 .net "MM_Write", 0 0, L_0x5ae16abfb130;  alias, 1 drivers
v0x5ae16abd4ab0_0 .net "Rst", 0 0, v0x5ae16abe7820_0;  alias, 1 drivers
v0x5ae16abd4b50_0 .net *"_ivl_100", 0 0, L_0x5ae16abfad30;  1 drivers
L_0x7c25e76ce408 .functor BUFT 1, C4<011>, C4<0>, C4<0>, C4<0>;
v0x5ae16abd4bf0_0 .net/2u *"_ivl_102", 2 0, L_0x7c25e76ce408;  1 drivers
v0x5ae16abd4cd0_0 .net *"_ivl_104", 0 0, L_0x5ae16abfafa0;  1 drivers
L_0x7c25e76ce450 .functor BUFT 1, C4<101>, C4<0>, C4<0>, C4<0>;
v0x5ae16abd4d90_0 .net/2u *"_ivl_108", 2 0, L_0x7c25e76ce450;  1 drivers
L_0x7c25e76ce0f0 .functor BUFT 1, C4<00>, C4<0>, C4<0>, C4<0>;
v0x5ae16abd4e70_0 .net *"_ivl_11", 1 0, L_0x7c25e76ce0f0;  1 drivers
L_0x7c25e76ce498 .functor BUFT 1, C4<000>, C4<0>, C4<0>, C4<0>;
v0x5ae16abd4f50_0 .net/2u *"_ivl_112", 2 0, L_0x7c25e76ce498;  1 drivers
v0x5ae16abd5030_0 .net *"_ivl_114", 0 0, L_0x5ae16abfae70;  1 drivers
v0x5ae16abd50f0_0 .net *"_ivl_117", 0 0, L_0x5ae16aaa9700;  1 drivers
v0x5ae16abd51b0_0 .net *"_ivl_119", 0 0, L_0x5ae16abfb490;  1 drivers
L_0x7c25e76ce138 .functor BUFT 1, C4<1>, C4<0>, C4<0>, C4<0>;
v0x5ae16abd5270_0 .net/2u *"_ivl_12", 0 0, L_0x7c25e76ce138;  1 drivers
v0x5ae16abd5350_0 .net *"_ivl_121", 0 0, L_0x5ae16abc0e10;  1 drivers
L_0x7c25e76ce4e0 .functor BUFT 1, C4<010>, C4<0>, C4<0>, C4<0>;
v0x5ae16abd5410_0 .net/2u *"_ivl_122", 2 0, L_0x7c25e76ce4e0;  1 drivers
v0x5ae16abd54f0_0 .net *"_ivl_124", 0 0, L_0x5ae16abfb720;  1 drivers
L_0x7c25e76ce528 .functor BUFT 1, C4<1>, C4<0>, C4<0>, C4<0>;
v0x5ae16abd55b0_0 .net/2u *"_ivl_126", 0 0, L_0x7c25e76ce528;  1 drivers
v0x5ae16abd5690_0 .net *"_ivl_128", 0 0, L_0x5ae16abfb810;  1 drivers
v0x5ae16abd5750_0 .net *"_ivl_131", 0 0, L_0x5ae16abfba10;  1 drivers
v0x5ae16abd5810_0 .net *"_ivl_133", 0 0, L_0x5ae16abfbb70;  1 drivers
L_0x7c25e76ce570 .functor BUFT 1, C4<110>, C4<0>, C4<0>, C4<0>;
v0x5ae16abd58d0_0 .net/2u *"_ivl_134", 2 0, L_0x7c25e76ce570;  1 drivers
v0x5ae16abd59b0_0 .net *"_ivl_136", 0 0, L_0x5ae16abfbc80;  1 drivers
L_0x7c25e76ce5b8 .functor BUFT 1, C4<1>, C4<0>, C4<0>, C4<0>;
v0x5ae16abd5a70_0 .net/2u *"_ivl_138", 0 0, L_0x7c25e76ce5b8;  1 drivers
v0x5ae16abd5b50_0 .net *"_ivl_14", 0 0, L_0x5ae16abf8330;  1 drivers
v0x5ae16abd5c10_0 .net *"_ivl_140", 0 0, L_0x5ae16abfbd70;  1 drivers
v0x5ae16abd5cd0_0 .net *"_ivl_143", 0 0, L_0x5ae16abfbfd0;  1 drivers
v0x5ae16abd5d90_0 .net *"_ivl_155", 1 0, L_0x5ae16abfc8c0;  1 drivers
L_0x7c25e76ce600 .functor BUFT 1, C4<00>, C4<0>, C4<0>, C4<0>;
v0x5ae16abd5e70_0 .net/2u *"_ivl_156", 1 0, L_0x7c25e76ce600;  1 drivers
v0x5ae16abd5f50_0 .net *"_ivl_158", 0 0, L_0x5ae16abfc960;  1 drivers
v0x5ae16abd6010_0 .net *"_ivl_16", 21 0, L_0x5ae16abf84b0;  1 drivers
v0x5ae16abd60f0_0 .net *"_ivl_161", 1 0, L_0x5ae16abfcbf0;  1 drivers
L_0x7c25e76ce648 .functor BUFT 1, C4<01>, C4<0>, C4<0>, C4<0>;
v0x5ae16abd61d0_0 .net/2u *"_ivl_162", 1 0, L_0x7c25e76ce648;  1 drivers
v0x5ae16abd62b0_0 .net *"_ivl_164", 0 0, L_0x5ae16abfcc90;  1 drivers
v0x5ae16abd6370_0 .net *"_ivl_167", 1 0, L_0x5ae16abfcf80;  1 drivers
L_0x7c25e76ce690 .functor BUFT 1, C4<10>, C4<0>, C4<0>, C4<0>;
v0x5ae16abd6450_0 .net/2u *"_ivl_168", 1 0, L_0x7c25e76ce690;  1 drivers
v0x5ae16abd6530_0 .net *"_ivl_170", 0 0, L_0x5ae16abfd020;  1 drivers
v0x5ae16abd65f0_0 .net *"_ivl_172", 31 0, L_0x5ae16abfd320;  1 drivers
v0x5ae16abd66d0_0 .net *"_ivl_174", 31 0, L_0x5ae16abfd4b0;  1 drivers
v0x5ae16abd67b0_0 .net *"_ivl_18", 7 0, L_0x5ae16abf8550;  1 drivers
L_0x7c25e76ce180 .functor BUFT 1, C4<00>, C4<0>, C4<0>, C4<0>;
v0x5ae16abd6890_0 .net *"_ivl_21", 1 0, L_0x7c25e76ce180;  1 drivers
v0x5ae16abd6970_0 .net *"_ivl_22", 0 0, L_0x5ae16abf86e0;  1 drivers
v0x5ae16abd6a30_0 .net *"_ivl_26", 127 0, L_0x5ae16abf88c0;  1 drivers
v0x5ae16abd6b10_0 .net *"_ivl_28", 7 0, L_0x5ae16abf89c0;  1 drivers
L_0x7c25e76ce1c8 .functor BUFT 1, C4<00>, C4<0>, C4<0>, C4<0>;
v0x5ae16abd6bf0_0 .net *"_ivl_31", 1 0, L_0x7c25e76ce1c8;  1 drivers
L_0x7c25e76ce210 .functor BUFT 1, C4<010>, C4<0>, C4<0>, C4<0>;
v0x5ae16abd6cd0_0 .net/2u *"_ivl_34", 2 0, L_0x7c25e76ce210;  1 drivers
v0x5ae16abd6db0_0 .net *"_ivl_36", 0 0, L_0x5ae16abf8b40;  1 drivers
L_0x7c25e76ce258 .functor BUFT 1, C4<1>, C4<0>, C4<0>, C4<0>;
v0x5ae16abd6e70_0 .net/2u *"_ivl_38", 0 0, L_0x7c25e76ce258;  1 drivers
v0x5ae16abd6f50_0 .net *"_ivl_40", 0 0, L_0x5ae16abf8d30;  1 drivers
v0x5ae16abd7010_0 .net *"_ivl_43", 0 0, L_0x5ae16ab7a460;  1 drivers
v0x5ae16abd70d0_0 .net *"_ivl_47", 1 0, L_0x5ae16abf9030;  1 drivers
L_0x7c25e76ce2a0 .functor BUFT 1, C4<00>, C4<0>, C4<0>, C4<0>;
v0x5ae16abd71b0_0 .net/2u *"_ivl_48", 1 0, L_0x7c25e76ce2a0;  1 drivers
v0x5ae16abd7290_0 .net *"_ivl_50", 0 0, L_0x5ae16abf9120;  1 drivers
v0x5ae16abd7350_0 .net *"_ivl_53", 95 0, L_0x5ae16abf92f0;  1 drivers
v0x5ae16abd7840_0 .net *"_ivl_54", 127 0, L_0x5ae16abf9390;  1 drivers
v0x5ae16abd7920_0 .net *"_ivl_57", 1 0, L_0x5ae16abf9520;  1 drivers
L_0x7c25e76ce2e8 .functor BUFT 1, C4<01>, C4<0>, C4<0>, C4<0>;
v0x5ae16abd7a00_0 .net/2u *"_ivl_58", 1 0, L_0x7c25e76ce2e8;  1 drivers
v0x5ae16abd7ae0_0 .net *"_ivl_6", 0 0, L_0x5ae16abf8100;  1 drivers
v0x5ae16abd7bc0_0 .net *"_ivl_60", 0 0, L_0x5ae16abf95c0;  1 drivers
v0x5ae16abd7c80_0 .net *"_ivl_63", 63 0, L_0x5ae16abf9480;  1 drivers
v0x5ae16abd7d60_0 .net *"_ivl_65", 31 0, L_0x5ae16abf97b0;  1 drivers
v0x5ae16abd7e40_0 .net *"_ivl_66", 127 0, L_0x5ae16abf9910;  1 drivers
v0x5ae16abd7f20_0 .net *"_ivl_69", 1 0, L_0x5ae16abf9a50;  1 drivers
L_0x7c25e76ce330 .functor BUFT 1, C4<10>, C4<0>, C4<0>, C4<0>;
v0x5ae16abd8000_0 .net/2u *"_ivl_70", 1 0, L_0x7c25e76ce330;  1 drivers
v0x5ae16abd80e0_0 .net *"_ivl_72", 0 0, L_0x5ae16abf9c50;  1 drivers
v0x5ae16abd81a0_0 .net *"_ivl_75", 31 0, L_0x5ae16abf9d40;  1 drivers
v0x5ae16abd8280_0 .net *"_ivl_77", 63 0, L_0x5ae16abf9ec0;  1 drivers
v0x5ae16abd8360_0 .net *"_ivl_78", 127 0, L_0x5ae16abf9f60;  1 drivers
v0x5ae16abd8440_0 .net *"_ivl_8", 7 0, L_0x5ae16abf81a0;  1 drivers
v0x5ae16abd8520_0 .net *"_ivl_81", 95 0, L_0x5ae16abfa190;  1 drivers
v0x5ae16abd8600_0 .net *"_ivl_82", 127 0, L_0x5ae16abfa230;  1 drivers
v0x5ae16abd86e0_0 .net *"_ivl_84", 127 0, L_0x5ae16abfa420;  1 drivers
v0x5ae16abd87c0_0 .net *"_ivl_86", 127 0, L_0x5ae16abfa560;  1 drivers
v0x5ae16abd88a0_0 .net *"_ivl_91", 27 0, L_0x5ae16abfa990;  1 drivers
L_0x7c25e76ce378 .functor BUFT 1, C4<0000>, C4<0>, C4<0>, C4<0>;
v0x5ae16abd8980_0 .net/2u *"_ivl_92", 3 0, L_0x7c25e76ce378;  1 drivers
L_0x7c25e76ce3c0 .functor BUFT 1, C4<001>, C4<0>, C4<0>, C4<0>;
v0x5ae16abd8a60_0 .net/2u *"_ivl_98", 2 0, L_0x7c25e76ce3c0;  1 drivers
v0x5ae16abd8b40_0 .net "active_data", 127 0, L_0x5ae16abf8e70;  1 drivers
v0x5ae16abd8c20_0 .net "cache_hit", 0 0, L_0x5ae16ab9d010;  1 drivers
v0x5ae16abd8ce0_0 .net "current_data", 127 0, L_0x5ae16ab55290;  1 drivers
v0x5ae16abd8dc0_0 .var/i "i", 31 0;
v0x5ae16abd8ea0_0 .net "ind", 5 0, L_0x5ae16abf7fc0;  1 drivers
v0x5ae16abd8f80_0 .net "offset", 3 0, L_0x5ae16abf7e90;  1 drivers
v0x5ae16abd9060_0 .var "state", 2 0;
v0x5ae16abd9140_0 .net "tag", 21 0, L_0x5ae16abf8060;  1 drivers
v0x5ae16abd9220 .array "tag_arr", 63 0, 21 0;
v0x5ae16abd92e0_0 .net "updated_block", 127 0, L_0x5ae16abfa800;  1 drivers
v0x5ae16abd93c0 .array "valid_arr", 63 0, 0 0;
v0x5ae16abd9460_0 .net "word_0", 31 0, L_0x5ae16abfc250;  1 drivers
v0x5ae16abd9540_0 .net "word_1", 31 0, L_0x5ae16abfc340;  1 drivers
v0x5ae16abd9620_0 .net "word_2", 31 0, L_0x5ae16abfc560;  1 drivers
v0x5ae16abd9700_0 .net "word_3", 31 0, L_0x5ae16abfc690;  1 drivers
L_0x5ae16abf7e90 .part v0x5ae16abded40_0, 0, 4;
L_0x5ae16abf7fc0 .part v0x5ae16abded40_0, 4, 6;
L_0x5ae16abf8060 .part v0x5ae16abded40_0, 10, 22;
L_0x5ae16abf8100 .array/port v0x5ae16abd93c0, L_0x5ae16abf81a0;
L_0x5ae16abf81a0 .concat [ 6 2 0 0], L_0x5ae16abf7fc0, L_0x7c25e76ce0f0;
L_0x5ae16abf8330 .cmp/eeq 1, L_0x5ae16abf8100, L_0x7c25e76ce138;
L_0x5ae16abf84b0 .array/port v0x5ae16abd9220, L_0x5ae16abf8550;
L_0x5ae16abf8550 .concat [ 6 2 0 0], L_0x5ae16abf7fc0, L_0x7c25e76ce180;
L_0x5ae16abf86e0 .cmp/eq 22, L_0x5ae16abf84b0, L_0x5ae16abf8060;
L_0x5ae16abf88c0 .array/port v0x5ae16abd4480, L_0x5ae16abf89c0;
L_0x5ae16abf89c0 .concat [ 6 2 0 0], L_0x5ae16abf7fc0, L_0x7c25e76ce1c8;
L_0x5ae16abf8b40 .cmp/eq 3, v0x5ae16abd9060_0, L_0x7c25e76ce210;
L_0x5ae16abf8d30 .cmp/eeq 1, v0x5ae16abe73d0_0, L_0x7c25e76ce258;
L_0x5ae16abf8e70 .functor MUXZ 128, L_0x5ae16ab55290, v0x5ae16abe74c0_0, L_0x5ae16ab7a460, C4<>;
L_0x5ae16abf9030 .part L_0x5ae16abf7e90, 2, 2;
L_0x5ae16abf9120 .cmp/eq 2, L_0x5ae16abf9030, L_0x7c25e76ce2a0;
L_0x5ae16abf92f0 .part L_0x5ae16ab55290, 32, 96;
L_0x5ae16abf9390 .concat [ 32 96 0 0], L_0x7c25e76ce768, L_0x5ae16abf92f0;
L_0x5ae16abf9520 .part L_0x5ae16abf7e90, 2, 2;
L_0x5ae16abf95c0 .cmp/eq 2, L_0x5ae16abf9520, L_0x7c25e76ce2e8;
L_0x5ae16abf9480 .part L_0x5ae16ab55290, 64, 64;
L_0x5ae16abf97b0 .part L_0x5ae16ab55290, 0, 32;
L_0x5ae16abf9910 .concat [ 32 32 64 0], L_0x5ae16abf97b0, L_0x7c25e76ce768, L_0x5ae16abf9480;
L_0x5ae16abf9a50 .part L_0x5ae16abf7e90, 2, 2;
L_0x5ae16abf9c50 .cmp/eq 2, L_0x5ae16abf9a50, L_0x7c25e76ce330;
L_0x5ae16abf9d40 .part L_0x5ae16ab55290, 96, 32;
L_0x5ae16abf9ec0 .part L_0x5ae16ab55290, 0, 64;
L_0x5ae16abf9f60 .concat [ 64 32 32 0], L_0x5ae16abf9ec0, L_0x7c25e76ce768, L_0x5ae16abf9d40;
L_0x5ae16abfa190 .part L_0x5ae16ab55290, 0, 96;
L_0x5ae16abfa230 .concat [ 96 32 0 0], L_0x5ae16abfa190, L_0x7c25e76ce768;
L_0x5ae16abfa420 .functor MUXZ 128, L_0x5ae16abfa230, L_0x5ae16abf9f60, L_0x5ae16abf9c50, C4<>;
L_0x5ae16abfa560 .functor MUXZ 128, L_0x5ae16abfa420, L_0x5ae16abf9910, L_0x5ae16abf95c0, C4<>;
L_0x5ae16abfa800 .functor MUXZ 128, L_0x5ae16abfa560, L_0x5ae16abf9390, L_0x5ae16abf9120, C4<>;
L_0x5ae16abfa990 .part v0x5ae16abded40_0, 4, 28;
L_0x5ae16abfab50 .concat [ 4 28 0 0], L_0x7c25e76ce378, L_0x5ae16abfa990;
L_0x5ae16abfad30 .cmp/eq 3, v0x5ae16abd9060_0, L_0x7c25e76ce3c0;
L_0x5ae16abfafa0 .cmp/eq 3, v0x5ae16abd9060_0, L_0x7c25e76ce408;
L_0x5ae16abfb130 .cmp/eq 3, v0x5ae16abd9060_0, L_0x7c25e76ce450;
L_0x5ae16abfae70 .cmp/eq 3, v0x5ae16abd9060_0, L_0x7c25e76ce498;
L_0x5ae16abfb490 .reduce/nor L_0x7c25e76ce6d8;
L_0x5ae16abfb720 .cmp/eq 3, v0x5ae16abd9060_0, L_0x7c25e76ce4e0;
L_0x5ae16abfb810 .cmp/eeq 1, v0x5ae16abe73d0_0, L_0x7c25e76ce528;
L_0x5ae16abfbc80 .cmp/eq 3, v0x5ae16abd9060_0, L_0x7c25e76ce570;
L_0x5ae16abfbd70 .cmp/eeq 1, v0x5ae16abe73d0_0, L_0x7c25e76ce5b8;
L_0x5ae16abfc250 .part L_0x5ae16abf8e70, 0, 32;
L_0x5ae16abfc340 .part L_0x5ae16abf8e70, 32, 32;
L_0x5ae16abfc560 .part L_0x5ae16abf8e70, 64, 32;
L_0x5ae16abfc690 .part L_0x5ae16abf8e70, 96, 32;
L_0x5ae16abfc8c0 .part L_0x5ae16abf7e90, 2, 2;
L_0x5ae16abfc960 .cmp/eq 2, L_0x5ae16abfc8c0, L_0x7c25e76ce600;
L_0x5ae16abfcbf0 .part L_0x5ae16abf7e90, 2, 2;
L_0x5ae16abfcc90 .cmp/eq 2, L_0x5ae16abfcbf0, L_0x7c25e76ce648;
L_0x5ae16abfcf80 .part L_0x5ae16abf7e90, 2, 2;
L_0x5ae16abfd020 .cmp/eq 2, L_0x5ae16abfcf80, L_0x7c25e76ce690;
L_0x5ae16abfd320 .functor MUXZ 32, L_0x5ae16abfc690, L_0x5ae16abfc560, L_0x5ae16abfd020, C4<>;
L_0x5ae16abfd4b0 .functor MUXZ 32, L_0x5ae16abfd320, L_0x5ae16abfc340, L_0x5ae16abfcc90, C4<>;
L_0x5ae16abfd810 .functor MUXZ 32, L_0x5ae16abfd4b0, L_0x5ae16abfc250, L_0x5ae16abfc960, C4<>;
S_0x5ae16abd99a0 .scope module, "register_file" "RF" 4 443, 4 295 0, S_0x5ae16abc8100;
 .timescale 0 0;
    .port_info 0 /INPUT 1 "Clk";
    .port_info 1 /INPUT 1 "Rst";
    .port_info 2 /INPUT 1 "RegWrite";
    .port_info 3 /INPUT 5 "ReadReg1";
    .port_info 4 /INPUT 5 "ReadReg2";
    .port_info 5 /INPUT 5 "WriteReg";
    .port_info 6 /INPUT 32 "Data";
    .port_info 7 /OUTPUT 32 "ReadData1";
    .port_info 8 /OUTPUT 32 "ReadData2";
    .port_info 9 /OUTPUT 32 "R0";
    .port_info 10 /OUTPUT 32 "R1";
    .port_info 11 /OUTPUT 32 "R2";
    .port_info 12 /OUTPUT 32 "R3";
    .port_info 13 /OUTPUT 32 "R4";
    .port_info 14 /OUTPUT 32 "R5";
    .port_info 15 /OUTPUT 32 "R6";
    .port_info 16 /OUTPUT 32 "R7";
    .port_info 17 /OUTPUT 32 "R8";
    .port_info 18 /OUTPUT 32 "R9";
    .port_info 19 /OUTPUT 32 "R10";
    .port_info 20 /OUTPUT 32 "R11";
    .port_info 21 /OUTPUT 32 "R12";
    .port_info 22 /OUTPUT 32 "R13";
    .port_info 23 /OUTPUT 32 "R14";
    .port_info 24 /OUTPUT 32 "R15";
    .port_info 25 /OUTPUT 32 "R16";
    .port_info 26 /OUTPUT 32 "R17";
    .port_info 27 /OUTPUT 32 "R18";
    .port_info 28 /OUTPUT 32 "R19";
    .port_info 29 /OUTPUT 32 "R20";
    .port_info 30 /OUTPUT 32 "R21";
    .port_info 31 /OUTPUT 32 "R22";
    .port_info 32 /OUTPUT 32 "R23";
    .port_info 33 /OUTPUT 32 "R24";
    .port_info 34 /OUTPUT 32 "R25";
    .port_info 35 /OUTPUT 32 "R26";
    .port_info 36 /OUTPUT 32 "R27";
    .port_info 37 /OUTPUT 32 "R28";
    .port_info 38 /OUTPUT 32 "R29";
    .port_info 39 /OUTPUT 32 "R30";
    .port_info 40 /OUTPUT 32 "R31";
v0x5ae16abda060_0 .net "Clk", 0 0, v0x5ae16abe5de0_0;  alias, 1 drivers
v0x5ae16abda120_0 .net "Data", 31 0, L_0x5ae16ac0a180;  alias, 1 drivers
v0x5ae16abda200_0 .net8 "R0", 31 0, RS_0x7c25e7ac7d38;  alias, 2 drivers
v0x5ae16abda2c0_0 .net "R1", 31 0, L_0x5ae16ac01450;  alias, 1 drivers
v0x5ae16abda3a0_0 .net "R10", 31 0, L_0x5ae16ac00cc0;  alias, 1 drivers
v0x5ae16abda4d0_0 .net "R11", 31 0, L_0x5ae16ac00c20;  alias, 1 drivers
v0x5ae16abda5b0_0 .net "R12", 31 0, L_0x5ae16ac00a90;  alias, 1 drivers
v0x5ae16abda690_0 .net "R13", 31 0, L_0x5ae16ac009f0;  alias, 1 drivers
v0x5ae16abda770_0 .net "R14", 31 0, L_0x5ae16ac00870;  alias, 1 drivers
v0x5ae16abda850_0 .net "R15", 31 0, L_0x5ae16ac007d0;  alias, 1 drivers
v0x5ae16abda930_0 .net "R16", 31 0, L_0x5ae16ac00450;  alias, 1 drivers
v0x5ae16abdaa10_0 .net "R17", 31 0, L_0x5ae16ac003b0;  alias, 1 drivers
v0x5ae16abdaaf0_0 .net "R18", 31 0, L_0x5ae16ac00250;  alias, 1 drivers
v0x5ae16abdabd0_0 .net "R19", 31 0, L_0x5ae16abfffc0;  alias, 1 drivers
v0x5ae16abdacb0_0 .net "R2", 31 0, L_0x5ae16ac01620;  alias, 1 drivers
v0x5ae16abdad90_0 .net "R20", 31 0, L_0x5ae16ac00100;  alias, 1 drivers
v0x5ae16abdae70_0 .net "R21", 31 0, L_0x5ae16ac00060;  alias, 1 drivers
v0x5ae16abdaf50_0 .net "R22", 31 0, L_0x5ae16abfff20;  alias, 1 drivers
v0x5ae16abdb030_0 .net "R23", 31 0, L_0x5ae16abffe80;  alias, 1 drivers
v0x5ae16abdb110_0 .net "R24", 31 0, L_0x5ae16abffd50;  alias, 1 drivers
v0x5ae16abdb1f0_0 .net "R25", 31 0, L_0x5ae16abffcb0;  alias, 1 drivers
v0x5ae16abdb2d0_0 .net "R26", 31 0, L_0x5ae16abffb90;  alias, 1 drivers
v0x5ae16abdb3b0_0 .net "R27", 31 0, L_0x5ae16abffaf0;  alias, 1 drivers
v0x5ae16abdb490_0 .net "R28", 31 0, L_0x5ae16abff950;  alias, 1 drivers
v0x5ae16abdb570_0 .net "R29", 31 0, L_0x5ae16abff8b0;  alias, 1 drivers
v0x5ae16abdb650_0 .net "R3", 31 0, L_0x5ae16ac01580;  alias, 1 drivers
v0x5ae16abdb730_0 .net "R30", 31 0, L_0x5ae16abff760;  alias, 1 drivers
v0x5ae16abdb810_0 .net "R31", 31 0, L_0x5ae16abff6c0;  alias, 1 drivers
v0x5ae16abdb8f0_0 .net "R4", 31 0, L_0x5ae16ac013b0;  alias, 1 drivers
v0x5ae16abdb9d0_0 .net "R5", 31 0, L_0x5ae16ac01310;  alias, 1 drivers
v0x5ae16abdbab0_0 .net "R6", 31 0, L_0x5ae16ac01150;  alias, 1 drivers
v0x5ae16abdbb90_0 .net "R7", 31 0, L_0x5ae16ac010b0;  alias, 1 drivers
v0x5ae16abdbc70_0 .net "R8", 31 0, L_0x5ae16ac00f00;  alias, 1 drivers
v0x5ae16abdbd50_0 .net "R9", 31 0, L_0x5ae16ac00e60;  alias, 1 drivers
v0x5ae16abdbe30_0 .net "ReadData1", 31 0, L_0x5ae16abff000;  alias, 1 drivers
v0x5ae16abdbef0_0 .net "ReadData2", 31 0, L_0x5ae16abff4e0;  alias, 1 drivers
v0x5ae16abdbfb0_0 .net "ReadReg1", 4 0, L_0x5ae16abfdb30;  alias, 1 drivers
v0x5ae16abdc070_0 .net "ReadReg2", 4 0, L_0x5ae16abfdcb0;  alias, 1 drivers
v0x5ae16abdc150_0 .net "RegWrite", 0 0, L_0x5ae16abfe3b0;  1 drivers
v0x5ae16abdc210 .array "Registers", 31 0, 31 0;
v0x5ae16abdc6d0_0 .net "Rst", 0 0, v0x5ae16abe7820_0;  alias, 1 drivers
v0x5ae16abdc770_0 .net "WriteReg", 4 0, L_0x5ae16abfe990;  alias, 1 drivers
L_0x7c25e76ce888 .functor BUFT 1, C4<00000>, C4<0>, C4<0>, C4<0>;
v0x5ae16abdc850_0 .net/2u *"_ivl_0", 4 0, L_0x7c25e76ce888;  1 drivers
L_0x7c25e76ce918 .functor BUFT 1, C4<00>, C4<0>, C4<0>, C4<0>;
v0x5ae16abdc930_0 .net *"_ivl_11", 1 0, L_0x7c25e76ce918;  1 drivers
L_0x7c25e76ce960 .functor BUFT 1, C4<00000>, C4<0>, C4<0>, C4<0>;
v0x5ae16abdca10_0 .net/2u *"_ivl_14", 4 0, L_0x7c25e76ce960;  1 drivers
v0x5ae16abdcaf0_0 .net *"_ivl_16", 0 0, L_0x5ae16abff190;  1 drivers
L_0x7c25e76ce9a8 .functor BUFT 1, C4<00000000000000000000000000000000>, C4<0>, C4<0>, C4<0>;
v0x5ae16abdcbb0_0 .net/2u *"_ivl_18", 31 0, L_0x7c25e76ce9a8;  1 drivers
v0x5ae16abdcc90_0 .net *"_ivl_2", 0 0, L_0x5ae16abfeb70;  1 drivers
v0x5ae16abdcd50_0 .net *"_ivl_20", 31 0, L_0x5ae16abff2c0;  1 drivers
v0x5ae16abdce30_0 .net *"_ivl_22", 6 0, L_0x5ae16abff3a0;  1 drivers
L_0x7c25e76ce9f0 .functor BUFT 1, C4<00>, C4<0>, C4<0>, C4<0>;
v0x5ae16abdcf10_0 .net *"_ivl_25", 1 0, L_0x7c25e76ce9f0;  1 drivers
L_0x7c25e76ce8d0 .functor BUFT 1, C4<00000000000000000000000000000000>, C4<0>, C4<0>, C4<0>;
v0x5ae16abdcff0_0 .net/2u *"_ivl_4", 31 0, L_0x7c25e76ce8d0;  1 drivers
v0x5ae16abdd0d0_0 .net *"_ivl_6", 31 0, L_0x5ae16abfec60;  1 drivers
v0x5ae16abdd1b0_0 .net *"_ivl_8", 6 0, L_0x5ae16abfed00;  1 drivers
v0x5ae16abdd290_0 .net *"_ivl_93", 1023 0, L_0x5ae16ac01e00;  1 drivers
v0x5ae16abdd370_0 .var/i "i", 31 0;
L_0x5ae16abfeb70 .cmp/eq 5, L_0x5ae16abfdb30, L_0x7c25e76ce888;
L_0x5ae16abfec60 .array/port v0x5ae16abdc210, L_0x5ae16abfed00;
L_0x5ae16abfed00 .concat [ 5 2 0 0], L_0x5ae16abfdb30, L_0x7c25e76ce918;
L_0x5ae16abff000 .functor MUXZ 32, L_0x5ae16abfec60, L_0x7c25e76ce8d0, L_0x5ae16abfeb70, C4<>;
L_0x5ae16abff190 .cmp/eq 5, L_0x5ae16abfdcb0, L_0x7c25e76ce960;
L_0x5ae16abff2c0 .array/port v0x5ae16abdc210, L_0x5ae16abff3a0;
L_0x5ae16abff3a0 .concat [ 5 2 0 0], L_0x5ae16abfdcb0, L_0x7c25e76ce9f0;
L_0x5ae16abff4e0 .functor MUXZ 32, L_0x5ae16abff2c0, L_0x7c25e76ce9a8, L_0x5ae16abff190, C4<>;
L_0x5ae16abff6c0 .part L_0x5ae16ac01e00, 992, 32;
L_0x5ae16abff760 .part L_0x5ae16ac01e00, 960, 32;
L_0x5ae16abff8b0 .part L_0x5ae16ac01e00, 928, 32;
L_0x5ae16abff950 .part L_0x5ae16ac01e00, 896, 32;
L_0x5ae16abffaf0 .part L_0x5ae16ac01e00, 864, 32;
L_0x5ae16abffb90 .part L_0x5ae16ac01e00, 832, 32;
L_0x5ae16abffcb0 .part L_0x5ae16ac01e00, 800, 32;
L_0x5ae16abffd50 .part L_0x5ae16ac01e00, 768, 32;
L_0x5ae16abffe80 .part L_0x5ae16ac01e00, 736, 32;
L_0x5ae16abfff20 .part L_0x5ae16ac01e00, 704, 32;
L_0x5ae16ac00060 .part L_0x5ae16ac01e00, 672, 32;
L_0x5ae16ac00100 .part L_0x5ae16ac01e00, 640, 32;
L_0x5ae16abfffc0 .part L_0x5ae16ac01e00, 608, 32;
L_0x5ae16ac00250 .part L_0x5ae16ac01e00, 576, 32;
L_0x5ae16ac003b0 .part L_0x5ae16ac01e00, 544, 32;
L_0x5ae16ac00450 .part L_0x5ae16ac01e00, 512, 32;
L_0x5ae16ac007d0 .part L_0x5ae16ac01e00, 480, 32;
L_0x5ae16ac00870 .part L_0x5ae16ac01e00, 448, 32;
L_0x5ae16ac009f0 .part L_0x5ae16ac01e00, 416, 32;
L_0x5ae16ac00a90 .part L_0x5ae16ac01e00, 384, 32;
L_0x5ae16ac00c20 .part L_0x5ae16ac01e00, 352, 32;
L_0x5ae16ac00cc0 .part L_0x5ae16ac01e00, 320, 32;
L_0x5ae16ac00e60 .part L_0x5ae16ac01e00, 288, 32;
L_0x5ae16ac00f00 .part L_0x5ae16ac01e00, 256, 32;
L_0x5ae16ac010b0 .part L_0x5ae16ac01e00, 224, 32;
L_0x5ae16ac01150 .part L_0x5ae16ac01e00, 192, 32;
L_0x5ae16ac01310 .part L_0x5ae16ac01e00, 160, 32;
L_0x5ae16ac013b0 .part L_0x5ae16ac01e00, 128, 32;
L_0x5ae16ac01580 .part L_0x5ae16ac01e00, 96, 32;
L_0x5ae16ac01620 .part L_0x5ae16ac01e00, 64, 32;
L_0x5ae16ac01450 .part L_0x5ae16ac01e00, 32, 32;
L_0x5ae16ac01800 .part L_0x5ae16ac01e00, 0, 32;
v0x5ae16abdc210_0 .array/port v0x5ae16abdc210, 0;
v0x5ae16abdc210_1 .array/port v0x5ae16abdc210, 1;
v0x5ae16abdc210_2 .array/port v0x5ae16abdc210, 2;
v0x5ae16abdc210_3 .array/port v0x5ae16abdc210, 3;
LS_0x5ae16ac01e00_0_0 .concat [ 32 32 32 32], v0x5ae16abdc210_0, v0x5ae16abdc210_1, v0x5ae16abdc210_2, v0x5ae16abdc210_3;
v0x5ae16abdc210_4 .array/port v0x5ae16abdc210, 4;
v0x5ae16abdc210_5 .array/port v0x5ae16abdc210, 5;
v0x5ae16abdc210_6 .array/port v0x5ae16abdc210, 6;
v0x5ae16abdc210_7 .array/port v0x5ae16abdc210, 7;
LS_0x5ae16ac01e00_0_4 .concat [ 32 32 32 32], v0x5ae16abdc210_4, v0x5ae16abdc210_5, v0x5ae16abdc210_6, v0x5ae16abdc210_7;
v0x5ae16abdc210_8 .array/port v0x5ae16abdc210, 8;
v0x5ae16abdc210_9 .array/port v0x5ae16abdc210, 9;
v0x5ae16abdc210_10 .array/port v0x5ae16abdc210, 10;
v0x5ae16abdc210_11 .array/port v0x5ae16abdc210, 11;
LS_0x5ae16ac01e00_0_8 .concat [ 32 32 32 32], v0x5ae16abdc210_8, v0x5ae16abdc210_9, v0x5ae16abdc210_10, v0x5ae16abdc210_11;
v0x5ae16abdc210_12 .array/port v0x5ae16abdc210, 12;
v0x5ae16abdc210_13 .array/port v0x5ae16abdc210, 13;
v0x5ae16abdc210_14 .array/port v0x5ae16abdc210, 14;
v0x5ae16abdc210_15 .array/port v0x5ae16abdc210, 15;
LS_0x5ae16ac01e00_0_12 .concat [ 32 32 32 32], v0x5ae16abdc210_12, v0x5ae16abdc210_13, v0x5ae16abdc210_14, v0x5ae16abdc210_15;
v0x5ae16abdc210_16 .array/port v0x5ae16abdc210, 16;
v0x5ae16abdc210_17 .array/port v0x5ae16abdc210, 17;
v0x5ae16abdc210_18 .array/port v0x5ae16abdc210, 18;
v0x5ae16abdc210_19 .array/port v0x5ae16abdc210, 19;
LS_0x5ae16ac01e00_0_16 .concat [ 32 32 32 32], v0x5ae16abdc210_16, v0x5ae16abdc210_17, v0x5ae16abdc210_18, v0x5ae16abdc210_19;
v0x5ae16abdc210_20 .array/port v0x5ae16abdc210, 20;
v0x5ae16abdc210_21 .array/port v0x5ae16abdc210, 21;
v0x5ae16abdc210_22 .array/port v0x5ae16abdc210, 22;
v0x5ae16abdc210_23 .array/port v0x5ae16abdc210, 23;
LS_0x5ae16ac01e00_0_20 .concat [ 32 32 32 32], v0x5ae16abdc210_20, v0x5ae16abdc210_21, v0x5ae16abdc210_22, v0x5ae16abdc210_23;
v0x5ae16abdc210_24 .array/port v0x5ae16abdc210, 24;
v0x5ae16abdc210_25 .array/port v0x5ae16abdc210, 25;
v0x5ae16abdc210_26 .array/port v0x5ae16abdc210, 26;
v0x5ae16abdc210_27 .array/port v0x5ae16abdc210, 27;
LS_0x5ae16ac01e00_0_24 .concat [ 32 32 32 32], v0x5ae16abdc210_24, v0x5ae16abdc210_25, v0x5ae16abdc210_26, v0x5ae16abdc210_27;
v0x5ae16abdc210_28 .array/port v0x5ae16abdc210, 28;
v0x5ae16abdc210_29 .array/port v0x5ae16abdc210, 29;
v0x5ae16abdc210_30 .array/port v0x5ae16abdc210, 30;
v0x5ae16abdc210_31 .array/port v0x5ae16abdc210, 31;
LS_0x5ae16ac01e00_0_28 .concat [ 32 32 32 32], v0x5ae16abdc210_28, v0x5ae16abdc210_29, v0x5ae16abdc210_30, v0x5ae16abdc210_31;
LS_0x5ae16ac01e00_1_0 .concat [ 128 128 128 128], LS_0x5ae16ac01e00_0_0, LS_0x5ae16ac01e00_0_4, LS_0x5ae16ac01e00_0_8, LS_0x5ae16ac01e00_0_12;
LS_0x5ae16ac01e00_1_4 .concat [ 128 128 128 128], LS_0x5ae16ac01e00_0_16, LS_0x5ae16ac01e00_0_20, LS_0x5ae16ac01e00_0_24, LS_0x5ae16ac01e00_0_28;
L_0x5ae16ac01e00 .concat [ 512 512 0 0], LS_0x5ae16ac01e00_1_0, LS_0x5ae16ac01e00_1_4;
S_0x5ae16abe47c0 .scope task, "exec_internal" "exec_internal" 3 58, 3 58 0, S_0x5ae16ab8a030;
 .timescale 0 0;
TD_tb.exec_internal ;
    %load/vec4 v0x5ae16abe68a0_0;
    %pad/u 11;
    %ix/vec4 4;
    %load/vec4a v0x5ae16abe67e0, 4;
    %store/vec4 v0x5ae16abe6540_0, 0, 32;
    %load/vec4 v0x5ae16abe68a0_0;
    %addi 1, 0, 9;
    %store/vec4 v0x5ae16abe68a0_0, 0, 9;
    %load/vec4 v0x5ae16abe6540_0;
    %parti/s 5, 21, 6;
    %store/vec4 v0x5ae16abe6620_0, 0, 5;
    %load/vec4 v0x5ae16abe6540_0;
    %parti/s 5, 16, 6;
    %store/vec4 v0x5ae16abe6700_0, 0, 5;
    %load/vec4 v0x5ae16abe6540_0;
    %parti/s 5, 11, 5;
    %store/vec4 v0x5ae16abe63d0_0, 0, 5;
    %load/vec4 v0x5ae16abe6540_0;
    %parti/s 16, 0, 2;
    %store/vec4 v0x5ae16abe6210_0, 0, 16;
    %load/vec4 v0x5ae16abe6210_0;
    %parti/s 1, 15, 5;
    %replicate 16;
    %load/vec4 v0x5ae16abe6210_0;
    %concat/vec4; draw_concat_vec4
    %store/vec4 v0x5ae16abe62f0_0, 0, 32;
    %load/vec4 v0x5ae16abe6620_0;
    %pad/u 7;
    %ix/vec4 4;
    %load/vec4a v0x5ae16abe6980, 4;
    %store/vec4 v0x5ae16abe79a0_0, 0, 32;
    %load/vec4 v0x5ae16abe6700_0;
    %pad/u 7;
    %ix/vec4 4;
    %load/vec4a v0x5ae16abe6980, 4;
    %store/vec4 v0x5ae16abe7a80_0, 0, 32;
    %load/vec4 v0x5ae16abe6540_0;
    %parti/s 6, 26, 6;
    %dup/vec4;
    %pushi/vec4 0, 0, 6;
    %cmp/u;
    %jmp/1 T_3.0, 6;
    %dup/vec4;
    %pushi/vec4 8, 0, 6;
    %cmp/u;
    %jmp/1 T_3.1, 6;
    %dup/vec4;
    %pushi/vec4 9, 0, 6;
    %cmp/u;
    %jmp/1 T_3.2, 6;
    %dup/vec4;
    %pushi/vec4 15, 0, 6;
    %cmp/u;
    %jmp/1 T_3.3, 6;
    %dup/vec4;
    %pushi/vec4 35, 0, 6;
    %cmp/u;
    %jmp/1 T_3.4, 6;
    %dup/vec4;
    %pushi/vec4 43, 0, 6;
    %cmp/u;
    %jmp/1 T_3.5, 6;
    %dup/vec4;
    %pushi/vec4 4, 0, 6;
    %cmp/u;
    %jmp/1 T_3.6, 6;
    %dup/vec4;
    %pushi/vec4 2, 0, 6;
    %cmp/u;
    %jmp/1 T_3.7, 6;
    %dup/vec4;
    %pushi/vec4 3, 0, 6;
    %cmp/u;
    %jmp/1 T_3.8, 6;
    %vpi_call/w 3 110 "$display", "Unknown opcode %b", &PV<v0x5ae16abe6540_0, 26, 6> {0 0 0};
    %jmp T_3.10;
T_3.0 ;
    %load/vec4 v0x5ae16abe6540_0;
    %parti/s 6, 0, 2;
    %dup/vec4;
    %pushi/vec4 32, 0, 6;
    %cmp/u;
    %jmp/1 T_3.11, 6;
    %dup/vec4;
    %pushi/vec4 34, 0, 6;
    %cmp/u;
    %jmp/1 T_3.12, 6;
    %dup/vec4;
    %pushi/vec4 24, 0, 6;
    %cmp/u;
    %jmp/1 T_3.13, 6;
    %dup/vec4;
    %pushi/vec4 26, 0, 6;
    %cmp/u;
    %jmp/1 T_3.14, 6;
    %dup/vec4;
    %pushi/vec4 8, 0, 6;
    %cmp/u;
    %jmp/1 T_3.15, 6;
    %vpi_call/w 3 81 "$display", "Unknown R-type funct %b", &PV<v0x5ae16abe6540_0, 0, 6> {0 0 0};
    %jmp T_3.17;
T_3.11 ;
    %load/vec4 v0x5ae16abe63d0_0;
    %store/vec4 v0x5ae16abe5120_0, 0, 5;
    %load/vec4 v0x5ae16abe79a0_0;
    %load/vec4 v0x5ae16abe7a80_0;
    %add;
    %store/vec4 v0x5ae16abe5220_0, 0, 32;
    %fork TD_tb.write2reg, S_0x5ae16abe4f40;
    %join;
    %jmp T_3.17;
T_3.12 ;
    %load/vec4 v0x5ae16abe63d0_0;
    %store/vec4 v0x5ae16abe5120_0, 0, 5;
    %load/vec4 v0x5ae16abe79a0_0;
    %load/vec4 v0x5ae16abe7a80_0;
    %sub;
    %store/vec4 v0x5ae16abe5220_0, 0, 32;
    %fork TD_tb.write2reg, S_0x5ae16abe4f40;
    %join;
    %jmp T_3.17;
T_3.13 ;
    %load/vec4 v0x5ae16abe63d0_0;
    %store/vec4 v0x5ae16abe5120_0, 0, 5;
    %load/vec4 v0x5ae16abe79a0_0;
    %load/vec4 v0x5ae16abe7a80_0;
    %mul;
    %store/vec4 v0x5ae16abe5220_0, 0, 32;
    %fork TD_tb.write2reg, S_0x5ae16abe4f40;
    %join;
    %jmp T_3.17;
T_3.14 ;
    %load/vec4 v0x5ae16abe63d0_0;
    %store/vec4 v0x5ae16abe5120_0, 0, 5;
    %load/vec4 v0x5ae16abe79a0_0;
    %load/vec4 v0x5ae16abe7a80_0;
    %div;
    %store/vec4 v0x5ae16abe5220_0, 0, 32;
    %fork TD_tb.write2reg, S_0x5ae16abe4f40;
    %join;
    %jmp T_3.17;
T_3.15 ;
    %load/vec4 v0x5ae16abe79a0_0;
    %ix/load 4, 2, 0;
    %flag_set/imm 4, 0;
    %shiftr 4;
    %pad/u 9;
    %store/vec4 v0x5ae16abe68a0_0, 0, 9;
    %jmp T_3.17;
T_3.17 ;
    %pop/vec4 1;
    %jmp T_3.10;
T_3.1 ;
    %load/vec4 v0x5ae16abe6700_0;
    %store/vec4 v0x5ae16abe5120_0, 0, 5;
    %load/vec4 v0x5ae16abe79a0_0;
    %load/vec4 v0x5ae16abe62f0_0;
    %add;
    %store/vec4 v0x5ae16abe5220_0, 0, 32;
    %fork TD_tb.write2reg, S_0x5ae16abe4f40;
    %join;
    %jmp T_3.10;
T_3.2 ;
    %load/vec4 v0x5ae16abe6700_0;
    %store/vec4 v0x5ae16abe5120_0, 0, 5;
    %load/vec4 v0x5ae16abe79a0_0;
    %load/vec4 v0x5ae16abe62f0_0;
    %sub;
    %store/vec4 v0x5ae16abe5220_0, 0, 32;
    %fork TD_tb.write2reg, S_0x5ae16abe4f40;
    %join;
    %jmp T_3.10;
T_3.3 ;
    %load/vec4 v0x5ae16abe6700_0;
    %store/vec4 v0x5ae16abe5120_0, 0, 5;
    %load/vec4 v0x5ae16abe6210_0;
    %concati/vec4 0, 0, 16;
    %store/vec4 v0x5ae16abe5220_0, 0, 32;
    %fork TD_tb.write2reg, S_0x5ae16abe4f40;
    %join;
    %jmp T_3.10;
T_3.4 ;
    %load/vec4 v0x5ae16abe79a0_0;
    %load/vec4 v0x5ae16abe62f0_0;
    %add;
    %store/vec4 v0x5ae16abe5ea0_0, 0, 32;
    %load/vec4 v0x5ae16abe6700_0;
    %store/vec4 v0x5ae16abe5120_0, 0, 5;
    %load/vec4 v0x5ae16abe5ea0_0;
    %ix/load 5, 2, 0;
    %flag_set/imm 4, 0;
    %shiftr 5;
    %pushi/vec4 511, 0, 32;
    %and;
    %ix/vec4 4;
    %load/vec4a v0x5ae16abe5f40, 4;
    %store/vec4 v0x5ae16abe5220_0, 0, 32;
    %fork TD_tb.write2reg, S_0x5ae16abe4f40;
    %join;
    %jmp T_3.10;
T_3.5 ;
    %load/vec4 v0x5ae16abe79a0_0;
    %load/vec4 v0x5ae16abe62f0_0;
    %add;
    %store/vec4 v0x5ae16abe5ea0_0, 0, 32;
    %load/vec4 v0x5ae16abe7a80_0;
    %load/vec4 v0x5ae16abe5ea0_0;
    %ix/load 5, 2, 0;
    %flag_set/imm 4, 0;
    %shiftr 5;
    %pushi/vec4 511, 0, 32;
    %and;
    %ix/vec4 4;
    %store/vec4a v0x5ae16abe5f40, 4, 0;
    %jmp T_3.10;
T_3.6 ;
    %load/vec4 v0x5ae16abe79a0_0;
    %load/vec4 v0x5ae16abe7a80_0;
    %cmp/e;
    %jmp/0xz  T_3.18, 4;
    %load/vec4 v0x5ae16abe68a0_0;
    %pad/u 32;
    %load/vec4 v0x5ae16abe62f0_0;
    %add;
    %pad/u 9;
    %store/vec4 v0x5ae16abe68a0_0, 0, 9;
T_3.18 ;
    %jmp T_3.10;
T_3.7 ;
    %load/vec4 v0x5ae16abe6540_0;
    %parti/s 26, 0, 2;
    %pad/u 9;
    %store/vec4 v0x5ae16abe68a0_0, 0, 9;
    %jmp T_3.10;
T_3.8 ;
    %pushi/vec4 31, 0, 5;
    %store/vec4 v0x5ae16abe5120_0, 0, 5;
    %load/vec4 v0x5ae16abe68a0_0;
    %pad/u 32;
    %ix/load 4, 2, 0;
    %flag_set/imm 4, 0;
    %shiftl 4;
    %store/vec4 v0x5ae16abe5220_0, 0, 32;
    %fork TD_tb.write2reg, S_0x5ae16abe4f40;
    %join;
    %load/vec4 v0x5ae16abe6540_0;
    %parti/s 26, 0, 2;
    %pad/u 9;
    %store/vec4 v0x5ae16abe68a0_0, 0, 9;
    %jmp T_3.10;
T_3.10 ;
    %pop/vec4 1;
    %end;
S_0x5ae16abe49a0 .scope task, "fatal" "fatal" 3 131, 3 131 0, S_0x5ae16ab8a030;
 .timescale 0 0;
v0x5ae16abe4b80_0 .var/str "msg";
TD_tb.fatal ;
    %vpi_call/w 3 133 "$display", "FATAL : ", v0x5ae16abe4b80_0 {0 0 0};
    %vpi_call/w 3 134 "$finish", 32'sb00000000000000000000000000000000 {0 0 0};
    %end;
S_0x5ae16abe4c60 .scope task, "rand_wait" "rand_wait" 3 122, 3 122 0, S_0x5ae16ab8a030;
 .timescale 0 0;
v0x5ae16abe4e40_0 .var "wait_time", 9 0;
TD_tb.rand_wait ;
    %vpi_func 3 125 "$random" 32 {0 0 0};
    %pad/s 10;
    %store/vec4 v0x5ae16abe4e40_0, 0, 10;
    %delay 2, 0;
    %load/vec4 v0x5ae16abe4e40_0;
    %pad/u 32;
    %muli 2, 0, 32;
    %pad/u 64;
    %muli 1, 0, 64;
    %ix/vec4 4;
    %delayx 4;
    %end;
S_0x5ae16abe4f40 .scope task, "write2reg" "write2reg" 3 50, 3 50 0, S_0x5ae16ab8a030;
 .timescale 0 0;
v0x5ae16abe5120_0 .var "reg_dest", 4 0;
v0x5ae16abe5220_0 .var "val", 31 0;
TD_tb.write2reg ;
    %load/vec4 v0x5ae16abe5120_0;
    %pad/u 32;
    %cmpi/ne 0, 0, 32;
    %jmp/0xz  T_6.20, 4;
    %load/vec4 v0x5ae16abe5220_0;
    %load/vec4 v0x5ae16abe5120_0;
    %pad/u 7;
    %ix/vec4 4;
    %store/vec4a v0x5ae16abe6980, 4, 0;
T_6.20 ;
    %end;
    .scope S_0x5ae16abd3670;
T_7 ;
    %pushi/vec4 0, 0, 32;
    %store/vec4 v0x5ae16abd8dc0_0, 0, 32;
T_7.0 ; Top of for-loop
    %load/vec4 v0x5ae16abd8dc0_0;
    %cmpi/s 64, 0, 32;
	  %jmp/0xz T_7.1, 5;
    %pushi/vec4 0, 0, 1;
    %ix/getv/s 4, v0x5ae16abd8dc0_0;
    %store/vec4a v0x5ae16abd93c0, 4, 0;
    %pushi/vec4 0, 0, 22;
    %ix/getv/s 4, v0x5ae16abd8dc0_0;
    %store/vec4a v0x5ae16abd9220, 4, 0;
    %pushi/vec4 0, 0, 128;
    %ix/getv/s 4, v0x5ae16abd8dc0_0;
    %store/vec4a v0x5ae16abd4480, 4, 0;
T_7.2 ; for-loop step statement
    %load/vec4 v0x5ae16abd8dc0_0;
    %addi 1, 0, 32;
    %store/vec4 v0x5ae16abd8dc0_0, 0, 32;
    %jmp T_7.0;
T_7.1 ; for-loop exit label
    %end;
    .thread T_7;
    .scope S_0x5ae16abd3670;
T_8 ;
    %wait E_0x5ae16abcd9a0;
    %load/vec4 v0x5ae16abd4ab0_0;
    %cmpi/e 1, 0, 1;
    %jmp/0xz  T_8.0, 6;
    %pushi/vec4 0, 0, 3;
    %assign/vec4 v0x5ae16abd9060_0, 0;
    %jmp T_8.1;
T_8.0 ;
    %load/vec4 v0x5ae16abd9060_0;
    %dup/vec4;
    %pushi/vec4 0, 0, 3;
    %cmp/u;
    %jmp/1 T_8.2, 6;
    %dup/vec4;
    %pushi/vec4 1, 0, 3;
    %cmp/u;
    %jmp/1 T_8.3, 6;
    %dup/vec4;
    %pushi/vec4 2, 0, 3;
    %cmp/u;
    %jmp/1 T_8.4, 6;
    %dup/vec4;
    %pushi/vec4 3, 0, 3;
    %cmp/u;
    %jmp/1 T_8.5, 6;
    %dup/vec4;
    %pushi/vec4 4, 0, 3;
    %cmp/u;
    %jmp/1 T_8.6, 6;
    %dup/vec4;
    %pushi/vec4 5, 0, 3;
    %cmp/u;
    %jmp/1 T_8.7, 6;
    %dup/vec4;
    %pushi/vec4 6, 0, 3;
    %cmp/u;
    %jmp/1 T_8.8, 6;
    %pushi/vec4 0, 0, 3;
    %assign/vec4 v0x5ae16abd9060_0, 0;
    %jmp T_8.10;
T_8.2 ;
    %load/vec4 v0x5ae16abd4210_0;
    %cmpi/e 1, 0, 1;
    %flag_get/vec4 6;
    %jmp/0 T_8.13, 6;
    %load/vec4 v0x5ae16abd8c20_0;
    %nor/r;
    %and;
T_8.13;
    %flag_set/vec4 8;
    %jmp/0xz  T_8.11, 8;
    %pushi/vec4 1, 0, 3;
    %assign/vec4 v0x5ae16abd9060_0, 0;
    %jmp T_8.12;
T_8.11 ;
    %load/vec4 v0x5ae16abd4320_0;
    %cmpi/e 1, 0, 1;
    %jmp/0xz  T_8.14, 6;
    %load/vec4 v0x5ae16abd8c20_0;
    %flag_set/vec4 8;
    %jmp/0xz  T_8.16, 8;
    %pushi/vec4 5, 0, 3;
    %assign/vec4 v0x5ae16abd9060_0, 0;
    %jmp T_8.17;
T_8.16 ;
    %pushi/vec4 3, 0, 3;
    %assign/vec4 v0x5ae16abd9060_0, 0;
T_8.17 ;
T_8.14 ;
T_8.12 ;
    %jmp T_8.10;
T_8.3 ;
    %pushi/vec4 2, 0, 3;
    %assign/vec4 v0x5ae16abd9060_0, 0;
    %jmp T_8.10;
T_8.4 ;
    %load/vec4 v0x5ae16abd4870_0;
    %cmpi/e 1, 0, 1;
    %jmp/0xz  T_8.18, 6;
    %pushi/vec4 1, 0, 1;
    %load/vec4 v0x5ae16abd8ea0_0;
    %pad/u 8;
    %ix/vec4 3;
    %ix/load 4, 0, 0; Constant delay
    %assign/vec4/a/d v0x5ae16abd93c0, 0, 4;
    %load/vec4 v0x5ae16abd9140_0;
    %load/vec4 v0x5ae16abd8ea0_0;
    %pad/u 8;
    %ix/vec4 3;
    %ix/load 4, 0, 0; Constant delay
    %assign/vec4/a/d v0x5ae16abd9220, 0, 4;
    %load/vec4 v0x5ae16abd46b0_0;
    %load/vec4 v0x5ae16abd8ea0_0;
    %pad/u 8;
    %ix/vec4 3;
    %ix/load 4, 0, 0; Constant delay
    %assign/vec4/a/d v0x5ae16abd4480, 0, 4;
    %pushi/vec4 0, 0, 3;
    %assign/vec4 v0x5ae16abd9060_0, 0;
T_8.18 ;
    %jmp T_8.10;
T_8.5 ;
    %pushi/vec4 4, 0, 3;
    %assign/vec4 v0x5ae16abd9060_0, 0;
    %jmp T_8.10;
T_8.6 ;
    %load/vec4 v0x5ae16abd4870_0;
    %cmpi/e 1, 0, 1;
    %jmp/0xz  T_8.20, 6;
    %pushi/vec4 1, 0, 1;
    %load/vec4 v0x5ae16abd8ea0_0;
    %pad/u 8;
    %ix/vec4 3;
    %ix/load 4, 0, 0; Constant delay
    %assign/vec4/a/d v0x5ae16abd93c0, 0, 4;
    %load/vec4 v0x5ae16abd9140_0;
    %load/vec4 v0x5ae16abd8ea0_0;
    %pad/u 8;
    %ix/vec4 3;
    %ix/load 4, 0, 0; Constant delay
    %assign/vec4/a/d v0x5ae16abd9220, 0, 4;
    %load/vec4 v0x5ae16abd46b0_0;
    %load/vec4 v0x5ae16abd8ea0_0;
    %pad/u 8;
    %ix/vec4 3;
    %ix/load 4, 0, 0; Constant delay
    %assign/vec4/a/d v0x5ae16abd4480, 0, 4;
    %pushi/vec4 5, 0, 3;
    %assign/vec4 v0x5ae16abd9060_0, 0;
T_8.20 ;
    %jmp T_8.10;
T_8.7 ;
    %pushi/vec4 6, 0, 3;
    %assign/vec4 v0x5ae16abd9060_0, 0;
    %jmp T_8.10;
T_8.8 ;
    %load/vec4 v0x5ae16abd4870_0;
    %cmpi/e 1, 0, 1;
    %jmp/0xz  T_8.22, 6;
    %load/vec4 v0x5ae16abd92e0_0;
    %load/vec4 v0x5ae16abd8ea0_0;
    %pad/u 8;
    %ix/vec4 3;
    %ix/load 4, 0, 0; Constant delay
    %assign/vec4/a/d v0x5ae16abd4480, 0, 4;
    %pushi/vec4 0, 0, 3;
    %assign/vec4 v0x5ae16abd9060_0, 0;
T_8.22 ;
    %jmp T_8.10;
T_8.10 ;
    %pop/vec4 1;
T_8.1 ;
    %jmp T_8;
    .thread T_8;
    .scope S_0x5ae16abcc120;
T_9 ;
    %wait E_0x5ae16aa96240;
    %pushi/vec4 0, 0, 2;
    %store/vec4 v0x5ae16abccc60_0, 0, 2;
    %pushi/vec4 0, 0, 2;
    %store/vec4 v0x5ae16abccb80_0, 0, 2;
    %pushi/vec4 0, 0, 2;
    %store/vec4 v0x5ae16abcc4f0_0, 0, 2;
    %pushi/vec4 0, 0, 1;
    %store/vec4 v0x5ae16abccd40_0, 0, 1;
    %pushi/vec4 0, 0, 1;
    %store/vec4 v0x5ae16abcc600_0, 0, 1;
    %pushi/vec4 0, 0, 1;
    %store/vec4 v0x5ae16abcca00_0, 0, 1;
    %pushi/vec4 0, 0, 1;
    %store/vec4 v0x5ae16abccac0_0, 0, 1;
    %pushi/vec4 0, 0, 1;
    %store/vec4 v0x5ae16abcc6a0_0, 0, 1;
    %pushi/vec4 0, 0, 1;
    %store/vec4 v0x5ae16abcc940_0, 0, 1;
    %pushi/vec4 0, 0, 1;
    %store/vec4 v0x5ae16abcc770_0, 0, 1;
    %pushi/vec4 0, 0, 1;
    %store/vec4 v0x5ae16abcc830_0, 0, 1;
    %load/vec4 v0x5ae16abccee0_0;
    %dup/vec4;
    %pushi/vec4 0, 0, 6;
    %cmp/u;
    %jmp/1 T_9.0, 6;
    %dup/vec4;
    %pushi/vec4 35, 0, 6;
    %cmp/u;
    %jmp/1 T_9.1, 6;
    %dup/vec4;
    %pushi/vec4 43, 0, 6;
    %cmp/u;
    %jmp/1 T_9.2, 6;
    %dup/vec4;
    %pushi/vec4 8, 0, 6;
    %cmp/u;
    %jmp/1 T_9.3, 6;
    %dup/vec4;
    %pushi/vec4 9, 0, 6;
    %cmp/u;
    %jmp/1 T_9.4, 6;
    %dup/vec4;
    %pushi/vec4 15, 0, 6;
    %cmp/u;
    %jmp/1 T_9.5, 6;
    %dup/vec4;
    %pushi/vec4 2, 0, 6;
    %cmp/u;
    %jmp/1 T_9.6, 6;
    %dup/vec4;
    %pushi/vec4 3, 0, 6;
    %cmp/u;
    %jmp/1 T_9.7, 6;
    %dup/vec4;
    %pushi/vec4 4, 0, 6;
    %cmp/u;
    %jmp/1 T_9.8, 6;
    %jmp T_9.10;
T_9.0 ;
    %load/vec4 v0x5ae16abcce00_0;
    %cmpi/e 8, 0, 6;
    %jmp/0xz  T_9.11, 4;
    %pushi/vec4 1, 0, 1;
    %store/vec4 v0x5ae16abcc830_0, 0, 1;
    %jmp T_9.12;
T_9.11 ;
    %pushi/vec4 1, 0, 1;
    %store/vec4 v0x5ae16abccd40_0, 0, 1;
    %load/vec4 v0x5ae16abcce00_0;
    %dup/vec4;
    %pushi/vec4 32, 0, 6;
    %cmp/u;
    %jmp/1 T_9.13, 6;
    %dup/vec4;
    %pushi/vec4 34, 0, 6;
    %cmp/u;
    %jmp/1 T_9.14, 6;
    %dup/vec4;
    %pushi/vec4 24, 0, 6;
    %cmp/u;
    %jmp/1 T_9.15, 6;
    %dup/vec4;
    %pushi/vec4 26, 0, 6;
    %cmp/u;
    %jmp/1 T_9.16, 6;
    %jmp T_9.18;
T_9.13 ;
    %pushi/vec4 0, 0, 2;
    %store/vec4 v0x5ae16abcc4f0_0, 0, 2;
    %jmp T_9.18;
T_9.14 ;
    %pushi/vec4 1, 0, 2;
    %store/vec4 v0x5ae16abcc4f0_0, 0, 2;
    %jmp T_9.18;
T_9.15 ;
    %pushi/vec4 2, 0, 2;
    %store/vec4 v0x5ae16abcc4f0_0, 0, 2;
    %jmp T_9.18;
T_9.16 ;
    %pushi/vec4 3, 0, 2;
    %store/vec4 v0x5ae16abcc4f0_0, 0, 2;
    %jmp T_9.18;
T_9.18 ;
    %pop/vec4 1;
T_9.12 ;
    %jmp T_9.10;
T_9.1 ;
    %pushi/vec4 1, 0, 1;
    %store/vec4 v0x5ae16abcc600_0, 0, 1;
    %pushi/vec4 1, 0, 2;
    %store/vec4 v0x5ae16abccb80_0, 0, 2;
    %pushi/vec4 1, 0, 1;
    %store/vec4 v0x5ae16abcca00_0, 0, 1;
    %pushi/vec4 0, 0, 2;
    %store/vec4 v0x5ae16abcc4f0_0, 0, 2;
    %pushi/vec4 1, 0, 1;
    %store/vec4 v0x5ae16abccd40_0, 0, 1;
    %pushi/vec4 1, 0, 2;
    %store/vec4 v0x5ae16abccc60_0, 0, 2;
    %jmp T_9.10;
T_9.2 ;
    %pushi/vec4 1, 0, 1;
    %store/vec4 v0x5ae16abcc600_0, 0, 1;
    %pushi/vec4 1, 0, 1;
    %store/vec4 v0x5ae16abccac0_0, 0, 1;
    %pushi/vec4 0, 0, 2;
    %store/vec4 v0x5ae16abcc4f0_0, 0, 2;
    %pushi/vec4 1, 0, 2;
    %store/vec4 v0x5ae16abccc60_0, 0, 2;
    %jmp T_9.10;
T_9.3 ;
    %pushi/vec4 1, 0, 1;
    %store/vec4 v0x5ae16abcc600_0, 0, 1;
    %pushi/vec4 0, 0, 2;
    %store/vec4 v0x5ae16abcc4f0_0, 0, 2;
    %pushi/vec4 1, 0, 1;
    %store/vec4 v0x5ae16abccd40_0, 0, 1;
    %pushi/vec4 1, 0, 2;
    %store/vec4 v0x5ae16abccc60_0, 0, 2;
    %jmp T_9.10;
T_9.4 ;
    %pushi/vec4 1, 0, 1;
    %store/vec4 v0x5ae16abcc600_0, 0, 1;
    %pushi/vec4 1, 0, 2;
    %store/vec4 v0x5ae16abcc4f0_0, 0, 2;
    %pushi/vec4 1, 0, 1;
    %store/vec4 v0x5ae16abccd40_0, 0, 1;
    %pushi/vec4 1, 0, 2;
    %store/vec4 v0x5ae16abccc60_0, 0, 2;
    %jmp T_9.10;
T_9.5 ;
    %pushi/vec4 1, 0, 1;
    %store/vec4 v0x5ae16abcc600_0, 0, 1;
    %pushi/vec4 1, 0, 1;
    %store/vec4 v0x5ae16abccd40_0, 0, 1;
    %pushi/vec4 1, 0, 2;
    %store/vec4 v0x5ae16abccc60_0, 0, 2;
    %pushi/vec4 3, 0, 2;
    %store/vec4 v0x5ae16abccb80_0, 0, 2;
    %jmp T_9.10;
T_9.6 ;
    %pushi/vec4 1, 0, 1;
    %store/vec4 v0x5ae16abcc940_0, 0, 1;
    %jmp T_9.10;
T_9.7 ;
    %pushi/vec4 2, 0, 2;
    %store/vec4 v0x5ae16abccb80_0, 0, 2;
    %pushi/vec4 1, 0, 1;
    %store/vec4 v0x5ae16abcc940_0, 0, 1;
    %pushi/vec4 1, 0, 1;
    %store/vec4 v0x5ae16abcc770_0, 0, 1;
    %pushi/vec4 1, 0, 1;
    %store/vec4 v0x5ae16abccd40_0, 0, 1;
    %pushi/vec4 2, 0, 2;
    %store/vec4 v0x5ae16abccc60_0, 0, 2;
    %jmp T_9.10;
T_9.8 ;
    %pushi/vec4 1, 0, 1;
    %store/vec4 v0x5ae16abcc6a0_0, 0, 1;
    %pushi/vec4 1, 0, 2;
    %store/vec4 v0x5ae16abcc4f0_0, 0, 2;
    %jmp T_9.10;
T_9.10 ;
    %pop/vec4 1;
    %jmp T_9;
    .thread T_9, $push;
    .scope S_0x5ae16abd99a0;
T_10 ;
    %pushi/vec4 0, 0, 32;
    %store/vec4 v0x5ae16abdd370_0, 0, 32;
T_10.0 ; Top of for-loop
    %load/vec4 v0x5ae16abdd370_0;
    %cmpi/s 32, 0, 32;
	  %jmp/0xz T_10.1, 5;
    %pushi/vec4 0, 0, 32;
    %ix/getv/s 4, v0x5ae16abdd370_0;
    %store/vec4a v0x5ae16abdc210, 4, 0;
T_10.2 ; for-loop step statement
    %load/vec4 v0x5ae16abdd370_0;
    %addi 1, 0, 32;
    %store/vec4 v0x5ae16abdd370_0, 0, 32;
    %jmp T_10.0;
T_10.1 ; for-loop exit label
    %end;
    .thread T_10;
    .scope S_0x5ae16abd99a0;
T_11 ;
    %wait E_0x5ae16abcd9a0;
    %load/vec4 v0x5ae16abdc6d0_0;
    %cmpi/e 1, 0, 1;
    %jmp/0xz  T_11.0, 4;
    %pushi/vec4 0, 0, 32;
    %store/vec4 v0x5ae16abdd370_0, 0, 32;
T_11.2 ; Top of for-loop
    %load/vec4 v0x5ae16abdd370_0;
    %cmpi/s 32, 0, 32;
	  %jmp/0xz T_11.3, 5;
    %pushi/vec4 0, 0, 32;
    %ix/getv/s 3, v0x5ae16abdd370_0;
    %ix/load 4, 0, 0; Constant delay
    %assign/vec4/a/d v0x5ae16abdc210, 0, 4;
T_11.4 ; for-loop step statement
    %load/vec4 v0x5ae16abdd370_0;
    %addi 1, 0, 32;
    %store/vec4 v0x5ae16abdd370_0, 0, 32;
    %jmp T_11.2;
T_11.3 ; for-loop exit label
    %jmp T_11.1;
T_11.0 ;
    %load/vec4 v0x5ae16abdc150_0;
    %cmpi/e 1, 0, 1;
    %flag_get/vec4 4;
    %jmp/0 T_11.7, 4;
    %load/vec4 v0x5ae16abdc770_0;
    %pushi/vec4 0, 0, 5;
    %cmp/ne;
    %flag_get/vec4 4;
    %and;
T_11.7;
    %flag_set/vec4 8;
    %jmp/0xz  T_11.5, 8;
    %load/vec4 v0x5ae16abda120_0;
    %load/vec4 v0x5ae16abdc770_0;
    %pad/u 7;
    %ix/vec4 3;
    %ix/load 4, 0, 0; Constant delay
    %assign/vec4/a/d v0x5ae16abdc210, 0, 4;
T_11.5 ;
T_11.1 ;
    %jmp T_11;
    .thread T_11;
    .scope S_0x5ae16abc9a00;
T_12 ;
    %pushi/vec4 0, 0, 1;
    %store/vec4 v0x5ae16abca250_0, 0, 1;
    %end;
    .thread T_12;
    .scope S_0x5ae16abc9a00;
T_13 ;
    %wait E_0x5ae16aa95ff0;
    %load/vec4 v0x5ae16abca5c0_0;
    %flag_set/vec4 8;
    %jmp/0xz  T_13.0, 8;
    %load/vec4 v0x5ae16abc9c80_0;
    %assign/vec4 v0x5ae16abca090_0, 0;
    %load/vec4 v0x5ae16abc9d40_0;
    %assign/vec4 v0x5ae16abca170_0, 0;
    %pushi/vec4 0, 0, 32;
    %assign/vec4 v0x5ae16abc9de0_0, 0;
    %pushi/vec4 0, 0, 6;
    %assign/vec4 v0x5ae16abca440_0, 0;
    %pushi/vec4 1, 0, 1;
    %assign/vec4 v0x5ae16abca250_0, 0;
    %jmp T_13.1;
T_13.0 ;
    %load/vec4 v0x5ae16abca250_0;
    %flag_set/vec4 8;
    %jmp/0xz  T_13.2, 8;
    %load/vec4 v0x5ae16abca090_0;
    %parti/s 1, 0, 2;
    %flag_set/vec4 8;
    %jmp/0xz  T_13.4, 8;
    %load/vec4 v0x5ae16abc9de0_0;
    %load/vec4 v0x5ae16abca170_0;
    %add;
    %assign/vec4 v0x5ae16abc9de0_0, 0;
T_13.4 ;
    %load/vec4 v0x5ae16abca090_0;
    %ix/load 4, 1, 0;
    %flag_set/imm 4, 0;
    %shiftr 4;
    %assign/vec4 v0x5ae16abca090_0, 0;
    %load/vec4 v0x5ae16abca170_0;
    %ix/load 4, 1, 0;
    %flag_set/imm 4, 0;
    %shiftl 4;
    %assign/vec4 v0x5ae16abca170_0, 0;
    %load/vec4 v0x5ae16abca440_0;
    %addi 1, 0, 6;
    %assign/vec4 v0x5ae16abca440_0, 0;
    %load/vec4 v0x5ae16abca440_0;
    %pad/u 32;
    %cmpi/e 31, 0, 32;
    %jmp/0xz  T_13.6, 4;
    %pushi/vec4 0, 0, 1;
    %assign/vec4 v0x5ae16abca250_0, 0;
T_13.6 ;
T_13.2 ;
T_13.1 ;
    %jmp T_13;
    .thread T_13;
    .scope S_0x5ae16abc8bd0;
T_14 ;
    %pushi/vec4 0, 0, 1;
    %store/vec4 v0x5ae16abc93a0_0, 0, 1;
    %end;
    .thread T_14;
    .scope S_0x5ae16abc8bd0;
T_15 ;
    %wait E_0x5ae16aa95ff0;
    %load/vec4 v0x5ae16abc9880_0;
    %flag_set/vec4 8;
    %jmp/0xz  T_15.0, 8;
    %load/vec4 v0x5ae16abc8e10_0;
    %assign/vec4 v0x5ae16abc9600_0, 0;
    %load/vec4 v0x5ae16abc8f10_0;
    %assign/vec4 v0x5ae16abc92c0_0, 0;
    %pushi/vec4 0, 0, 32;
    %assign/vec4 v0x5ae16abc96e0_0, 0;
    %pushi/vec4 0, 0, 32;
    %assign/vec4 v0x5ae16abc8ff0_0, 0;
    %pushi/vec4 32, 0, 6;
    %assign/vec4 v0x5ae16abc9520_0, 0;
    %pushi/vec4 1, 0, 1;
    %assign/vec4 v0x5ae16abc93a0_0, 0;
    %jmp T_15.1;
T_15.0 ;
    %load/vec4 v0x5ae16abc93a0_0;
    %flag_set/vec4 8;
    %jmp/0xz  T_15.2, 8;
    %load/vec4 v0x5ae16abc92c0_0;
    %load/vec4 v0x5ae16abc96e0_0;
    %parti/s 31, 0, 2;
    %load/vec4 v0x5ae16abc9600_0;
    %parti/s 1, 31, 6;
    %concat/vec4; draw_concat_vec4
    %cmp/u;
    %flag_or 5, 4;
    %jmp/0xz  T_15.4, 5;
    %load/vec4 v0x5ae16abc96e0_0;
    %parti/s 31, 0, 2;
    %load/vec4 v0x5ae16abc9600_0;
    %parti/s 1, 31, 6;
    %concat/vec4; draw_concat_vec4
    %load/vec4 v0x5ae16abc92c0_0;
    %sub;
    %assign/vec4 v0x5ae16abc96e0_0, 0;
    %pushi/vec4 1, 0, 1;
    %ix/load 5, 0, 0;
    %load/vec4 v0x5ae16abc9520_0;
    %pad/u 32;
    %subi 1, 0, 32;
    %ix/vec4 4;
    %assign/vec4/off/d v0x5ae16abc8ff0_0, 4, 5;
    %jmp T_15.5;
T_15.4 ;
    %load/vec4 v0x5ae16abc96e0_0;
    %parti/s 31, 0, 2;
    %load/vec4 v0x5ae16abc9600_0;
    %parti/s 1, 31, 6;
    %concat/vec4; draw_concat_vec4
    %assign/vec4 v0x5ae16abc96e0_0, 0;
    %pushi/vec4 0, 0, 1;
    %ix/load 5, 0, 0;
    %load/vec4 v0x5ae16abc9520_0;
    %pad/u 32;
    %subi 1, 0, 32;
    %ix/vec4 4;
    %assign/vec4/off/d v0x5ae16abc8ff0_0, 4, 5;
T_15.5 ;
    %load/vec4 v0x5ae16abc9600_0;
    %ix/load 4, 1, 0;
    %flag_set/imm 4, 0;
    %shiftl 4;
    %assign/vec4 v0x5ae16abc9600_0, 0;
    %load/vec4 v0x5ae16abc9520_0;
    %subi 1, 0, 6;
    %assign/vec4 v0x5ae16abc9520_0, 0;
    %load/vec4 v0x5ae16abc9520_0;
    %pad/u 32;
    %cmpi/e 1, 0, 32;
    %jmp/0xz  T_15.6, 4;
    %pushi/vec4 0, 0, 1;
    %assign/vec4 v0x5ae16abc93a0_0, 0;
T_15.6 ;
T_15.2 ;
T_15.1 ;
    %jmp T_15;
    .thread T_15;
    .scope S_0x5ae16abc8890;
T_16 ;
    %pushi/vec4 0, 0, 1;
    %store/vec4 v0x5ae16abcbcc0_0, 0, 1;
    %pushi/vec4 0, 0, 1;
    %store/vec4 v0x5ae16abcbc20_0, 0, 1;
    %end;
    .thread T_16;
    .scope S_0x5ae16abc8890;
T_17 ;
    %wait E_0x5ae16aa95ff0;
    %load/vec4 v0x5ae16abca740_0;
    %pushi/vec4 2, 0, 2;
    %cmp/e;
    %flag_get/vec4 4;
    %assign/vec4 v0x5ae16abcbcc0_0, 0;
    %load/vec4 v0x5ae16abca740_0;
    %pushi/vec4 3, 0, 2;
    %cmp/e;
    %flag_get/vec4 4;
    %assign/vec4 v0x5ae16abcbc20_0, 0;
    %jmp T_17;
    .thread T_17;
    .scope S_0x5ae16abc8890;
T_18 ;
    %wait E_0x5ae16aa98a20;
    %load/vec4 v0x5ae16abca740_0;
    %dup/vec4;
    %pushi/vec4 0, 0, 2;
    %cmp/u;
    %jmp/1 T_18.0, 6;
    %dup/vec4;
    %pushi/vec4 1, 0, 2;
    %cmp/u;
    %jmp/1 T_18.1, 6;
    %dup/vec4;
    %pushi/vec4 2, 0, 2;
    %cmp/u;
    %jmp/1 T_18.2, 6;
    %dup/vec4;
    %pushi/vec4 3, 0, 2;
    %cmp/u;
    %jmp/1 T_18.3, 6;
    %pushi/vec4 0, 0, 32;
    %store/vec4 v0x5ae16abca9f0_0, 0, 32;
    %jmp T_18.5;
T_18.0 ;
    %load/vec4 v0x5ae16abca840_0;
    %load/vec4 v0x5ae16abca900_0;
    %add;
    %store/vec4 v0x5ae16abca9f0_0, 0, 32;
    %jmp T_18.5;
T_18.1 ;
    %load/vec4 v0x5ae16abca840_0;
    %load/vec4 v0x5ae16abca900_0;
    %sub;
    %store/vec4 v0x5ae16abca9f0_0, 0, 32;
    %jmp T_18.5;
T_18.2 ;
    %load/vec4 v0x5ae16abcbb50_0;
    %store/vec4 v0x5ae16abca9f0_0, 0, 32;
    %jmp T_18.5;
T_18.3 ;
    %load/vec4 v0x5ae16abcba10_0;
    %store/vec4 v0x5ae16abca9f0_0, 0, 32;
    %jmp T_18.5;
T_18.5 ;
    %pop/vec4 1;
    %jmp T_18;
    .thread T_18, $push;
    .scope S_0x5ae16abcd160;
T_19 ;
    %pushi/vec4 0, 0, 32;
    %store/vec4 v0x5ae16abd2a90_0, 0, 32;
T_19.0 ; Top of for-loop
    %load/vec4 v0x5ae16abd2a90_0;
    %cmpi/s 64, 0, 32;
	  %jmp/0xz T_19.1, 5;
    %pushi/vec4 0, 0, 1;
    %ix/getv/s 4, v0x5ae16abd2a90_0;
    %store/vec4a v0x5ae16abd3090, 4, 0;
    %pushi/vec4 0, 0, 22;
    %ix/getv/s 4, v0x5ae16abd2a90_0;
    %store/vec4a v0x5ae16abd2ef0, 4, 0;
    %pushi/vec4 0, 0, 128;
    %ix/getv/s 4, v0x5ae16abd2a90_0;
    %store/vec4a v0x5ae16abce000, 4, 0;
T_19.2 ; for-loop step statement
    %load/vec4 v0x5ae16abd2a90_0;
    %addi 1, 0, 32;
    %store/vec4 v0x5ae16abd2a90_0, 0, 32;
    %jmp T_19.0;
T_19.1 ; for-loop exit label
    %end;
    .thread T_19;
    .scope S_0x5ae16abcd160;
T_20 ;
    %wait E_0x5ae16abcd9a0;
    %load/vec4 v0x5ae16abce630_0;
    %cmpi/e 1, 0, 1;
    %jmp/0xz  T_20.0, 6;
    %pushi/vec4 0, 0, 3;
    %assign/vec4 v0x5ae16abd2d30_0, 0;
    %jmp T_20.1;
T_20.0 ;
    %load/vec4 v0x5ae16abd2d30_0;
    %dup/vec4;
    %pushi/vec4 0, 0, 3;
    %cmp/u;
    %jmp/1 T_20.2, 6;
    %dup/vec4;
    %pushi/vec4 1, 0, 3;
    %cmp/u;
    %jmp/1 T_20.3, 6;
    %dup/vec4;
    %pushi/vec4 2, 0, 3;
    %cmp/u;
    %jmp/1 T_20.4, 6;
    %dup/vec4;
    %pushi/vec4 3, 0, 3;
    %cmp/u;
    %jmp/1 T_20.5, 6;
    %dup/vec4;
    %pushi/vec4 4, 0, 3;
    %cmp/u;
    %jmp/1 T_20.6, 6;
    %dup/vec4;
    %pushi/vec4 5, 0, 3;
    %cmp/u;
    %jmp/1 T_20.7, 6;
    %dup/vec4;
    %pushi/vec4 6, 0, 3;
    %cmp/u;
    %jmp/1 T_20.8, 6;
    %pushi/vec4 0, 0, 3;
    %assign/vec4 v0x5ae16abd2d30_0, 0;
    %jmp T_20.10;
T_20.2 ;
    %load/vec4 v0x5ae16abcdd90_0;
    %cmpi/e 1, 0, 1;
    %flag_get/vec4 6;
    %jmp/0 T_20.13, 6;
    %load/vec4 v0x5ae16abd28f0_0;
    %nor/r;
    %and;
T_20.13;
    %flag_set/vec4 8;
    %jmp/0xz  T_20.11, 8;
    %pushi/vec4 1, 0, 3;
    %assign/vec4 v0x5ae16abd2d30_0, 0;
    %jmp T_20.12;
T_20.11 ;
    %load/vec4 v0x5ae16abcdea0_0;
    %cmpi/e 1, 0, 1;
    %jmp/0xz  T_20.14, 6;
    %load/vec4 v0x5ae16abd28f0_0;
    %flag_set/vec4 8;
    %jmp/0xz  T_20.16, 8;
    %pushi/vec4 5, 0, 3;
    %assign/vec4 v0x5ae16abd2d30_0, 0;
    %jmp T_20.17;
T_20.16 ;
    %pushi/vec4 3, 0, 3;
    %assign/vec4 v0x5ae16abd2d30_0, 0;
T_20.17 ;
T_20.14 ;
T_20.12 ;
    %jmp T_20.10;
T_20.3 ;
    %pushi/vec4 2, 0, 3;
    %assign/vec4 v0x5ae16abd2d30_0, 0;
    %jmp T_20.10;
T_20.4 ;
    %load/vec4 v0x5ae16abce3f0_0;
    %cmpi/e 1, 0, 1;
    %jmp/0xz  T_20.18, 6;
    %pushi/vec4 1, 0, 1;
    %load/vec4 v0x5ae16abd2b70_0;
    %pad/u 8;
    %ix/vec4 3;
    %ix/load 4, 0, 0; Constant delay
    %assign/vec4/a/d v0x5ae16abd3090, 0, 4;
    %load/vec4 v0x5ae16abd2e10_0;
    %load/vec4 v0x5ae16abd2b70_0;
    %pad/u 8;
    %ix/vec4 3;
    %ix/load 4, 0, 0; Constant delay
    %assign/vec4/a/d v0x5ae16abd2ef0, 0, 4;
    %load/vec4 v0x5ae16abce230_0;
    %load/vec4 v0x5ae16abd2b70_0;
    %pad/u 8;
    %ix/vec4 3;
    %ix/load 4, 0, 0; Constant delay
    %assign/vec4/a/d v0x5ae16abce000, 0, 4;
    %pushi/vec4 0, 0, 3;
    %assign/vec4 v0x5ae16abd2d30_0, 0;
T_20.18 ;
    %jmp T_20.10;
T_20.5 ;
    %pushi/vec4 4, 0, 3;
    %assign/vec4 v0x5ae16abd2d30_0, 0;
    %jmp T_20.10;
T_20.6 ;
    %load/vec4 v0x5ae16abce3f0_0;
    %cmpi/e 1, 0, 1;
    %jmp/0xz  T_20.20, 6;
    %pushi/vec4 1, 0, 1;
    %load/vec4 v0x5ae16abd2b70_0;
    %pad/u 8;
    %ix/vec4 3;
    %ix/load 4, 0, 0; Constant delay
    %assign/vec4/a/d v0x5ae16abd3090, 0, 4;
    %load/vec4 v0x5ae16abd2e10_0;
    %load/vec4 v0x5ae16abd2b70_0;
    %pad/u 8;
    %ix/vec4 3;
    %ix/load 4, 0, 0; Constant delay
    %assign/vec4/a/d v0x5ae16abd2ef0, 0, 4;
    %load/vec4 v0x5ae16abce230_0;
    %load/vec4 v0x5ae16abd2b70_0;
    %pad/u 8;
    %ix/vec4 3;
    %ix/load 4, 0, 0; Constant delay
    %assign/vec4/a/d v0x5ae16abce000, 0, 4;
    %pushi/vec4 5, 0, 3;
    %assign/vec4 v0x5ae16abd2d30_0, 0;
T_20.20 ;
    %jmp T_20.10;
T_20.7 ;
    %pushi/vec4 6, 0, 3;
    %assign/vec4 v0x5ae16abd2d30_0, 0;
    %jmp T_20.10;
T_20.8 ;
    %load/vec4 v0x5ae16abce3f0_0;
    %cmpi/e 1, 0, 1;
    %jmp/0xz  T_20.22, 6;
    %load/vec4 v0x5ae16abd2fb0_0;
    %load/vec4 v0x5ae16abd2b70_0;
    %pad/u 8;
    %ix/vec4 3;
    %ix/load 4, 0, 0; Constant delay
    %assign/vec4/a/d v0x5ae16abce000, 0, 4;
    %pushi/vec4 0, 0, 3;
    %assign/vec4 v0x5ae16abd2d30_0, 0;
T_20.22 ;
    %jmp T_20.10;
T_20.10 ;
    %pop/vec4 1;
T_20.1 ;
    %jmp T_20;
    .thread T_20;
    .scope S_0x5ae16abc8100;
T_21 ;
    %pushi/vec4 2044, 0, 32;
    %store/vec4 v0x5ae16abded40_0, 0, 32;
    %end;
    .thread T_21, $init;
    .scope S_0x5ae16abc8100;
T_22 ;
    %wait E_0x5ae16abcd9a0;
    %load/vec4 v0x5ae16abe0bc0_0;
    %flag_set/vec4 8;
    %jmp/0xz  T_22.0, 8;
    %pushi/vec4 0, 0, 32;
    %assign/vec4 v0x5ae16abded40_0, 0;
    %jmp T_22.1;
T_22.0 ;
    %load/vec4 v0x5ae16abe29b0_0;
    %load/vec4 v0x5ae16abe2cc0_0;
    %and;
    %flag_set/vec4 8;
    %jmp/0xz  T_22.2, 8;
    %load/vec4 v0x5ae16abe3550_0;
    %assign/vec4 v0x5ae16abded40_0, 0;
T_22.2 ;
T_22.1 ;
    %jmp T_22;
    .thread T_22;
    .scope S_0x5ae16ab8a030;
T_23 ;
    %wait E_0x5ae16aa95ff0;
    %load/vec4 v0x5ae16abe75d0_0;
    %flag_set/vec4 8;
    %jmp/0xz  T_23.0, 8;
    %load/vec4 v0x5ae16abe72c0_0;
    %parti/s 4, 0, 2;
    %pad/u 32;
    %cmpi/ne 0, 0, 32;
    %jmp/0xz  T_23.2, 6;
    %pushi/str "unaligned instr mm request.\012    hint: instrmm_addr[3:0] == 0";
    %store/str v0x5ae16abe4b80_0;
    %fork TD_tb.fatal, S_0x5ae16abe49a0;
    %join;
T_23.2 ;
    %pushi/vec4 0, 0, 1;
    %assign/vec4 v0x5ae16abe73d0_0, 0;
    %fork TD_tb.rand_wait, S_0x5ae16abe4c60;
    %join;
    %pushi/vec4 1, 0, 1;
    %assign/vec4 v0x5ae16abe73d0_0, 0;
    %load/vec4 v0x5ae16abe72c0_0;
    %ix/load 5, 2, 0;
    %flag_set/imm 4, 0;
    %shiftr 5;
    %addi 3, 0, 32;
    %ix/vec4 4;
    %load/vec4a v0x5ae16abe67e0, 4;
    %load/vec4 v0x5ae16abe72c0_0;
    %ix/load 5, 2, 0;
    %flag_set/imm 4, 0;
    %shiftr 5;
    %addi 2, 0, 32;
    %ix/vec4 4;
    %load/vec4a v0x5ae16abe67e0, 4;
    %concat/vec4; draw_concat_vec4
    %load/vec4 v0x5ae16abe72c0_0;
    %ix/load 5, 2, 0;
    %flag_set/imm 4, 0;
    %shiftr 5;
    %addi 1, 0, 32;
    %ix/vec4 4;
    %load/vec4a v0x5ae16abe67e0, 4;
    %concat/vec4; draw_concat_vec4
    %load/vec4 v0x5ae16abe72c0_0;
    %ix/load 5, 2, 0;
    %flag_set/imm 4, 0;
    %shiftr 5;
    %addi 0, 0, 32;
    %ix/vec4 4;
    %load/vec4a v0x5ae16abe67e0, 4;
    %concat/vec4; draw_concat_vec4
    %assign/vec4 v0x5ae16abe74c0_0, 0;
    %delay 2, 0;
T_23.0 ;
    %jmp T_23;
    .thread T_23;
    .scope S_0x5ae16ab8a030;
T_24 ;
    %wait E_0x5ae16aa95ff0;
    %load/vec4 v0x5ae16abe70e0_0;
    %flag_set/vec4 8;
    %jmp/0xz  T_24.0, 8;
    %load/vec4 v0x5ae16abe6d10_0;
    %parti/s 4, 0, 2;
    %pad/u 32;
    %cmpi/ne 0, 0, 32;
    %jmp/0xz  T_24.2, 6;
    %pushi/str "unaligned data mm request.\012    hint: datamm_addr[3:0] == 0";
    %store/str v0x5ae16abe4b80_0;
    %fork TD_tb.fatal, S_0x5ae16abe49a0;
    %join;
T_24.2 ;
    %pushi/vec4 0, 0, 1;
    %assign/vec4 v0x5ae16abe6dd0_0, 0;
    %fork TD_tb.rand_wait, S_0x5ae16abe4c60;
    %join;
    %pushi/vec4 1, 0, 1;
    %assign/vec4 v0x5ae16abe6dd0_0, 0;
    %load/vec4 v0x5ae16abe6d10_0;
    %dup/vec4;
    %pushi/vec4 65536, 0, 32;
    %cmp/u;
    %jmp/1 T_24.4, 6;
    %dup/vec4;
    %pushi/vec4 65632, 0, 32;
    %cmp/u;
    %jmp/1 T_24.5, 6;
    %dup/vec4;
    %pushi/vec4 65648, 0, 32;
    %cmp/u;
    %jmp/1 T_24.6, 6;
    %dup/vec4;
    %pushi/vec4 65664, 0, 32;
    %cmp/u;
    %jmp/1 T_24.7, 6;
    %vpi_call/w 3 172 "$display", "WARNING: Invalid address to read : %x", v0x5ae16abe6d10_0 {0 0 0};
    %pushi/vec4 0, 0, 128;
    %store/vec4 v0x5ae16abe6ec0_0, 0, 128;
    %jmp T_24.9;
T_24.4 ;
    %pushi/vec4 2952790016, 0, 124;
    %concati/vec4 10, 0, 4;
    %assign/vec4 v0x5ae16abe6ec0_0, 0;
    %jmp T_24.9;
T_24.5 ;
    %ix/load 4, 2, 0;
    %flag_set/imm 4, 0;
    %load/vec4a v0x5ae16abe7780, 4;
    %ix/load 4, 1, 0;
    %flag_set/imm 4, 0;
    %load/vec4a v0x5ae16abe7780, 4;
    %concat/vec4; draw_concat_vec4
    %ix/load 4, 0, 0;
    %flag_set/imm 4, 0;
    %load/vec4a v0x5ae16abe7780, 4;
    %concat/vec4; draw_concat_vec4
    %concati/vec4 0, 0, 32;
    %assign/vec4 v0x5ae16abe6ec0_0, 0;
    %jmp T_24.9;
T_24.6 ;
    %ix/load 4, 6, 0;
    %flag_set/imm 4, 0;
    %load/vec4a v0x5ae16abe7780, 4;
    %ix/load 4, 5, 0;
    %flag_set/imm 4, 0;
    %load/vec4a v0x5ae16abe7780, 4;
    %concat/vec4; draw_concat_vec4
    %ix/load 4, 4, 0;
    %flag_set/imm 4, 0;
    %load/vec4a v0x5ae16abe7780, 4;
    %concat/vec4; draw_concat_vec4
    %ix/load 4, 3, 0;
    %flag_set/imm 4, 0;
    %load/vec4a v0x5ae16abe7780, 4;
    %concat/vec4; draw_concat_vec4
    %assign/vec4 v0x5ae16abe6ec0_0, 0;
    %jmp T_24.9;
T_24.7 ;
    %pushi/vec4 0, 0, 32;
    %ix/load 4, 9, 0;
    %flag_set/imm 4, 0;
    %load/vec4a v0x5ae16abe7780, 4;
    %concat/vec4; draw_concat_vec4
    %ix/load 4, 8, 0;
    %flag_set/imm 4, 0;
    %load/vec4a v0x5ae16abe7780, 4;
    %concat/vec4; draw_concat_vec4
    %ix/load 4, 7, 0;
    %flag_set/imm 4, 0;
    %load/vec4a v0x5ae16abe7780, 4;
    %concat/vec4; draw_concat_vec4
    %assign/vec4 v0x5ae16abe6ec0_0, 0;
    %jmp T_24.9;
T_24.9 ;
    %pop/vec4 1;
    %delay 2, 0;
T_24.0 ;
    %jmp T_24;
    .thread T_24;
    .scope S_0x5ae16ab8a030;
T_25 ;
    %wait E_0x5ae16aa95ff0;
    %load/vec4 v0x5ae16abe71d0_0;
    %flag_set/vec4 8;
    %jmp/0xz  T_25.0, 8;
    %load/vec4 v0x5ae16abe6d10_0;
    %parti/s 4, 0, 2;
    %pad/u 32;
    %cmpi/ne 0, 0, 32;
    %jmp/0xz  T_25.2, 6;
    %pushi/str "unaligned data mm request.\012    hint: datamm_addr[3:0] == 0";
    %store/str v0x5ae16abe4b80_0;
    %fork TD_tb.fatal, S_0x5ae16abe49a0;
    %join;
T_25.2 ;
    %pushi/vec4 0, 0, 1;
    %assign/vec4 v0x5ae16abe6dd0_0, 0;
    %fork TD_tb.rand_wait, S_0x5ae16abe4c60;
    %join;
    %pushi/vec4 1, 0, 1;
    %assign/vec4 v0x5ae16abe6dd0_0, 0;
    %load/vec4 v0x5ae16abe6d10_0;
    %dup/vec4;
    %pushi/vec4 65632, 0, 32;
    %cmp/u;
    %jmp/1 T_25.4, 6;
    %dup/vec4;
    %pushi/vec4 65648, 0, 32;
    %cmp/u;
    %jmp/1 T_25.5, 6;
    %dup/vec4;
    %pushi/vec4 65664, 0, 32;
    %cmp/u;
    %jmp/1 T_25.6, 6;
    %vpi_call/w 3 192 "$display", "WARNING: Invalid address to write : %x", v0x5ae16abe6d10_0 {0 0 0};
    %jmp T_25.8;
T_25.4 ;
    %load/vec4 v0x5ae16abe6fd0_0;
    %split/vec4 32;
    %assign/vec4 v0x5ae16abe78c0_0, 0;
    %split/vec4 32;
    %ix/load 3, 0, 0;
    %flag_set/imm 4, 0;
    %ix/load 4, 0, 0; Constant delay
    %assign/vec4/a/d v0x5ae16abe7780, 0, 4;
    %split/vec4 32;
    %ix/load 3, 1, 0;
    %flag_set/imm 4, 0;
    %ix/load 4, 0, 0; Constant delay
    %assign/vec4/a/d v0x5ae16abe7780, 0, 4;
    %ix/load 3, 2, 0;
    %flag_set/imm 4, 0;
    %ix/load 4, 0, 0; Constant delay
    %assign/vec4/a/d v0x5ae16abe7780, 0, 4;
    %jmp T_25.8;
T_25.5 ;
    %load/vec4 v0x5ae16abe6fd0_0;
    %split/vec4 32;
    %ix/load 3, 3, 0;
    %flag_set/imm 4, 0;
    %ix/load 4, 0, 0; Constant delay
    %assign/vec4/a/d v0x5ae16abe7780, 0, 4;
    %split/vec4 32;
    %ix/load 3, 4, 0;
    %flag_set/imm 4, 0;
    %ix/load 4, 0, 0; Constant delay
    %assign/vec4/a/d v0x5ae16abe7780, 0, 4;
    %split/vec4 32;
    %ix/load 3, 5, 0;
    %flag_set/imm 4, 0;
    %ix/load 4, 0, 0; Constant delay
    %assign/vec4/a/d v0x5ae16abe7780, 0, 4;
    %ix/load 3, 6, 0;
    %flag_set/imm 4, 0;
    %ix/load 4, 0, 0; Constant delay
    %assign/vec4/a/d v0x5ae16abe7780, 0, 4;
    %jmp T_25.8;
T_25.6 ;
    %load/vec4 v0x5ae16abe6fd0_0;
    %split/vec4 32;
    %ix/load 3, 7, 0;
    %flag_set/imm 4, 0;
    %ix/load 4, 0, 0; Constant delay
    %assign/vec4/a/d v0x5ae16abe7780, 0, 4;
    %split/vec4 32;
    %ix/load 3, 8, 0;
    %flag_set/imm 4, 0;
    %ix/load 4, 0, 0; Constant delay
    %assign/vec4/a/d v0x5ae16abe7780, 0, 4;
    %split/vec4 32;
    %ix/load 3, 9, 0;
    %flag_set/imm 4, 0;
    %ix/load 4, 0, 0; Constant delay
    %assign/vec4/a/d v0x5ae16abe7780, 0, 4;
    %assign/vec4 v0x5ae16abe78c0_0, 0;
    %jmp T_25.8;
T_25.8 ;
    %pop/vec4 1;
    %delay 2, 0;
T_25.0 ;
    %jmp T_25;
    .thread T_25;
    .scope S_0x5ae16ab8a030;
T_26 ;
    %pushi/vec4 0, 0, 1;
    %store/vec4 v0x5ae16abe5de0_0, 0, 1;
T_26.0 ;
    %delay 1, 0;
    %load/vec4 v0x5ae16abe5de0_0;
    %inv;
    %store/vec4 v0x5ae16abe5de0_0, 0, 1;
    %jmp T_26.0;
T_26.1 ;
    %end;
    .thread T_26;
    .scope S_0x5ae16ab8a030;
T_27 ;
    %pushi/vec4 0, 0, 32;
    %store/vec4 v0x5ae16abe6130_0, 0, 32;
T_27.0 ; Top of for-loop
    %load/vec4 v0x5ae16abe6130_0;
    %cmpi/s 512, 0, 32;
	  %jmp/0xz T_27.1, 5;
    %pushi/vec4 0, 0, 32;
    %ix/getv/s 4, v0x5ae16abe6130_0;
    %store/vec4a v0x5ae16abe67e0, 4, 0;
    %pushi/vec4 0, 0, 32;
    %ix/getv/s 4, v0x5ae16abe6130_0;
    %store/vec4a v0x5ae16abe5f40, 4, 0;
T_27.2 ; for-loop step statement
    %load/vec4 v0x5ae16abe6130_0;
    %addi 1, 0, 32;
    %store/vec4 v0x5ae16abe6130_0, 0, 32;
    %jmp T_27.0;
T_27.1 ; for-loop exit label
    %pushi/vec4 0, 0, 32;
    %store/vec4 v0x5ae16abe6130_0, 0, 32;
T_27.3 ; Top of for-loop
    %load/vec4 v0x5ae16abe6130_0;
    %cmpi/s 32, 0, 32;
	  %jmp/0xz T_27.4, 5;
    %pushi/vec4 0, 0, 32;
    %ix/getv/s 4, v0x5ae16abe6130_0;
    %store/vec4a v0x5ae16abe6980, 4, 0;
T_27.5 ; for-loop step statement
    %load/vec4 v0x5ae16abe6130_0;
    %addi 1, 0, 32;
    %store/vec4 v0x5ae16abe6130_0, 0, 32;
    %jmp T_27.3;
T_27.4 ; for-loop exit label
    %pushi/vec4 0, 0, 9;
    %store/vec4 v0x5ae16abe68a0_0, 0, 9;
    %pushi/vec4 0, 0, 32;
    %store/vec4 v0x5ae16abe6000_0, 0, 32;
    %pushi/vec4 10, 0, 32;
    %ix/load 4, 0, 0;
    %flag_set/imm 4, 0;
    %store/vec4a v0x5ae16abe5f40, 4, 0;
    %pushi/vec4 11, 0, 32;
    %ix/load 4, 1, 0;
    %flag_set/imm 4, 0;
    %store/vec4a v0x5ae16abe5f40, 4, 0;
    %pushi/vec4 15, 0, 6;
    %pushi/vec4 0, 0, 5;
    %pushi/vec4 26, 0, 5;
    %pushi/vec4 1, 0, 16;
    %store/vec4 v0x5ae16ab6e870_0, 0, 16;
    %store/vec4 v0x5ae16ab55400_0, 0, 5;
    %store/vec4 v0x5ae16ab55360_0, 0, 5;
    %store/vec4 v0x5ae16ab6e910_0, 0, 6;
    %callf/vec4 TD_tb.ITYPE, S_0x5ae16ab47ff0;
    %ix/load 4, 0, 0;
    %flag_set/imm 4, 0;
    %store/vec4a v0x5ae16abe67e0, 4, 0;
    %pushi/vec4 35, 0, 6;
    %pushi/vec4 26, 0, 5;
    %pushi/vec4 1, 0, 5;
    %pushi/vec4 0, 0, 16;
    %store/vec4 v0x5ae16ab6e870_0, 0, 16;
    %store/vec4 v0x5ae16ab55400_0, 0, 5;
    %store/vec4 v0x5ae16ab55360_0, 0, 5;
    %store/vec4 v0x5ae16ab6e910_0, 0, 6;
    %callf/vec4 TD_tb.ITYPE, S_0x5ae16ab47ff0;
    %ix/load 4, 1, 0;
    %flag_set/imm 4, 0;
    %store/vec4a v0x5ae16abe67e0, 4, 0;
    %pushi/vec4 3, 0, 6;
    %pushi/vec4 14, 0, 26;
    %store/vec4 v0x5ae16ab73ae0_0, 0, 26;
    %store/vec4 v0x5ae16abc78f0_0, 0, 6;
    %callf/vec4 TD_tb.JTYPE, S_0x5ae16abc7670;
    %ix/load 4, 2, 0;
    %flag_set/imm 4, 0;
    %store/vec4a v0x5ae16abe67e0, 4, 0;
    %pushi/vec4 2, 0, 5;
    %pushi/vec4 0, 0, 5;
    %pushi/vec4 20, 0, 5;
    %pushi/vec4 0, 0, 5;
    %pushi/vec4 32, 0, 6;
    %store/vec4 v0x5ae16abc7c70_0, 0, 6;
    %store/vec4 v0x5ae16abc8020_0, 0, 5;
    %store/vec4 v0x5ae16abc7d50_0, 0, 5;
    %store/vec4 v0x5ae16abc7ef0_0, 0, 5;
    %store/vec4 v0x5ae16abc7e10_0, 0, 5;
    %callf/vec4 TD_tb.RTYPE, S_0x5ae16abc79b0;
    %ix/load 4, 3, 0;
    %flag_set/imm 4, 0;
    %store/vec4a v0x5ae16abe67e0, 4, 0;
    %pushi/vec4 35, 0, 6;
    %pushi/vec4 26, 0, 5;
    %pushi/vec4 1, 0, 5;
    %pushi/vec4 4, 0, 16;
    %store/vec4 v0x5ae16ab6e870_0, 0, 16;
    %store/vec4 v0x5ae16ab55400_0, 0, 5;
    %store/vec4 v0x5ae16ab55360_0, 0, 5;
    %store/vec4 v0x5ae16ab6e910_0, 0, 6;
    %callf/vec4 TD_tb.ITYPE, S_0x5ae16ab47ff0;
    %ix/load 4, 4, 0;
    %flag_set/imm 4, 0;
    %store/vec4a v0x5ae16abe67e0, 4, 0;
    %pushi/vec4 3, 0, 6;
    %pushi/vec4 14, 0, 26;
    %store/vec4 v0x5ae16ab73ae0_0, 0, 26;
    %store/vec4 v0x5ae16abc78f0_0, 0, 6;
    %callf/vec4 TD_tb.JTYPE, S_0x5ae16abc7670;
    %ix/load 4, 5, 0;
    %flag_set/imm 4, 0;
    %store/vec4a v0x5ae16abe67e0, 4, 0;
    %pushi/vec4 2, 0, 5;
    %pushi/vec4 0, 0, 5;
    %pushi/vec4 21, 0, 5;
    %pushi/vec4 0, 0, 5;
    %pushi/vec4 32, 0, 6;
    %store/vec4 v0x5ae16abc7c70_0, 0, 6;
    %store/vec4 v0x5ae16abc8020_0, 0, 5;
    %store/vec4 v0x5ae16abc7d50_0, 0, 5;
    %store/vec4 v0x5ae16abc7ef0_0, 0, 5;
    %store/vec4 v0x5ae16abc7e10_0, 0, 5;
    %callf/vec4 TD_tb.RTYPE, S_0x5ae16abc79b0;
    %ix/load 4, 6, 0;
    %flag_set/imm 4, 0;
    %store/vec4a v0x5ae16abe67e0, 4, 0;
    %pushi/vec4 20, 0, 5;
    %pushi/vec4 21, 0, 5;
    %pushi/vec4 22, 0, 5;
    %pushi/vec4 0, 0, 5;
    %pushi/vec4 24, 0, 6;
    %store/vec4 v0x5ae16abc7c70_0, 0, 6;
    %store/vec4 v0x5ae16abc8020_0, 0, 5;
    %store/vec4 v0x5ae16abc7d50_0, 0, 5;
    %store/vec4 v0x5ae16abc7ef0_0, 0, 5;
    %store/vec4 v0x5ae16abc7e10_0, 0, 5;
    %callf/vec4 TD_tb.RTYPE, S_0x5ae16abc79b0;
    %ix/load 4, 7, 0;
    %flag_set/imm 4, 0;
    %store/vec4a v0x5ae16abe67e0, 4, 0;
    %pushi/vec4 22, 0, 5;
    %pushi/vec4 0, 0, 5;
    %pushi/vec4 1, 0, 5;
    %pushi/vec4 0, 0, 5;
    %pushi/vec4 32, 0, 6;
    %store/vec4 v0x5ae16abc7c70_0, 0, 6;
    %store/vec4 v0x5ae16abc8020_0, 0, 5;
    %store/vec4 v0x5ae16abc7d50_0, 0, 5;
    %store/vec4 v0x5ae16abc7ef0_0, 0, 5;
    %store/vec4 v0x5ae16abc7e10_0, 0, 5;
    %callf/vec4 TD_tb.RTYPE, S_0x5ae16abc79b0;
    %ix/load 4, 8, 0;
    %flag_set/imm 4, 0;
    %store/vec4a v0x5ae16abe67e0, 4, 0;
    %pushi/vec4 3, 0, 6;
    %pushi/vec4 28, 0, 26;
    %store/vec4 v0x5ae16ab73ae0_0, 0, 26;
    %store/vec4 v0x5ae16abc78f0_0, 0, 6;
    %callf/vec4 TD_tb.JTYPE, S_0x5ae16abc7670;
    %ix/load 4, 9, 0;
    %flag_set/imm 4, 0;
    %store/vec4a v0x5ae16abe67e0, 4, 0;
    %pushi/vec4 2, 0, 6;
    %pushi/vec4 41, 0, 26;
    %store/vec4 v0x5ae16ab73ae0_0, 0, 26;
    %store/vec4 v0x5ae16abc78f0_0, 0, 6;
    %callf/vec4 TD_tb.JTYPE, S_0x5ae16abc7670;
    %ix/load 4, 10, 0;
    %flag_set/imm 4, 0;
    %store/vec4a v0x5ae16abe67e0, 4, 0;
    %pushi/vec4 4, 0, 6;
    %pushi/vec4 1, 0, 5;
    %pushi/vec4 0, 0, 5;
    %pushi/vec4 11, 0, 16;
    %store/vec4 v0x5ae16ab6e870_0, 0, 16;
    %store/vec4 v0x5ae16ab55400_0, 0, 5;
    %store/vec4 v0x5ae16ab55360_0, 0, 5;
    %store/vec4 v0x5ae16ab6e910_0, 0, 6;
    %callf/vec4 TD_tb.ITYPE, S_0x5ae16ab47ff0;
    %ix/load 4, 14, 0;
    %flag_set/imm 4, 0;
    %store/vec4a v0x5ae16abe67e0, 4, 0;
    %pushi/vec4 8, 0, 6;
    %pushi/vec4 0, 0, 5;
    %pushi/vec4 3, 0, 5;
    %pushi/vec4 0, 0, 16;
    %store/vec4 v0x5ae16ab6e870_0, 0, 16;
    %store/vec4 v0x5ae16ab55400_0, 0, 5;
    %store/vec4 v0x5ae16ab55360_0, 0, 5;
    %store/vec4 v0x5ae16ab6e910_0, 0, 6;
    %callf/vec4 TD_tb.ITYPE, S_0x5ae16ab47ff0;
    %ix/load 4, 15, 0;
    %flag_set/imm 4, 0;
    %store/vec4a v0x5ae16abe67e0, 4, 0;
    %pushi/vec4 8, 0, 6;
    %pushi/vec4 0, 0, 5;
    %pushi/vec4 4, 0, 5;
    %pushi/vec4 1, 0, 16;
    %store/vec4 v0x5ae16ab6e870_0, 0, 16;
    %store/vec4 v0x5ae16ab55400_0, 0, 5;
    %store/vec4 v0x5ae16ab55360_0, 0, 5;
    %store/vec4 v0x5ae16ab6e910_0, 0, 6;
    %callf/vec4 TD_tb.ITYPE, S_0x5ae16ab47ff0;
    %ix/load 4, 16, 0;
    %flag_set/imm 4, 0;
    %store/vec4a v0x5ae16abe67e0, 4, 0;
    %pushi/vec4 8, 0, 6;
    %pushi/vec4 0, 0, 5;
    %pushi/vec4 5, 0, 5;
    %pushi/vec4 1, 0, 16;
    %store/vec4 v0x5ae16ab6e870_0, 0, 16;
    %store/vec4 v0x5ae16ab55400_0, 0, 5;
    %store/vec4 v0x5ae16ab55360_0, 0, 5;
    %store/vec4 v0x5ae16ab6e910_0, 0, 6;
    %callf/vec4 TD_tb.ITYPE, S_0x5ae16ab47ff0;
    %ix/load 4, 17, 0;
    %flag_set/imm 4, 0;
    %store/vec4a v0x5ae16abe67e0, 4, 0;
    %pushi/vec4 4, 0, 6;
    %pushi/vec4 5, 0, 5;
    %pushi/vec4 1, 0, 5;
    %pushi/vec4 5, 0, 16;
    %store/vec4 v0x5ae16ab6e870_0, 0, 16;
    %store/vec4 v0x5ae16ab55400_0, 0, 5;
    %store/vec4 v0x5ae16ab55360_0, 0, 5;
    %store/vec4 v0x5ae16ab6e910_0, 0, 6;
    %callf/vec4 TD_tb.ITYPE, S_0x5ae16ab47ff0;
    %ix/load 4, 18, 0;
    %flag_set/imm 4, 0;
    %store/vec4a v0x5ae16abe67e0, 4, 0;
    %pushi/vec4 3, 0, 5;
    %pushi/vec4 4, 0, 5;
    %pushi/vec4 6, 0, 5;
    %pushi/vec4 0, 0, 5;
    %pushi/vec4 32, 0, 6;
    %store/vec4 v0x5ae16abc7c70_0, 0, 6;
    %store/vec4 v0x5ae16abc8020_0, 0, 5;
    %store/vec4 v0x5ae16abc7d50_0, 0, 5;
    %store/vec4 v0x5ae16abc7ef0_0, 0, 5;
    %store/vec4 v0x5ae16abc7e10_0, 0, 5;
    %callf/vec4 TD_tb.RTYPE, S_0x5ae16abc79b0;
    %ix/load 4, 19, 0;
    %flag_set/imm 4, 0;
    %store/vec4a v0x5ae16abe67e0, 4, 0;
    %pushi/vec4 4, 0, 5;
    %pushi/vec4 0, 0, 5;
    %pushi/vec4 3, 0, 5;
    %pushi/vec4 0, 0, 5;
    %pushi/vec4 32, 0, 6;
    %store/vec4 v0x5ae16abc7c70_0, 0, 6;
    %store/vec4 v0x5ae16abc8020_0, 0, 5;
    %store/vec4 v0x5ae16abc7d50_0, 0, 5;
    %store/vec4 v0x5ae16abc7ef0_0, 0, 5;
    %store/vec4 v0x5ae16abc7e10_0, 0, 5;
    %callf/vec4 TD_tb.RTYPE, S_0x5ae16abc79b0;
    %ix/load 4, 20, 0;
    %flag_set/imm 4, 0;
    %store/vec4a v0x5ae16abe67e0, 4, 0;
    %pushi/vec4 6, 0, 5;
    %pushi/vec4 0, 0, 5;
    %pushi/vec4 4, 0, 5;
    %pushi/vec4 0, 0, 5;
    %pushi/vec4 32, 0, 6;
    %store/vec4 v0x5ae16abc7c70_0, 0, 6;
    %store/vec4 v0x5ae16abc8020_0, 0, 5;
    %store/vec4 v0x5ae16abc7d50_0, 0, 5;
    %store/vec4 v0x5ae16abc7ef0_0, 0, 5;
    %store/vec4 v0x5ae16abc7e10_0, 0, 5;
    %callf/vec4 TD_tb.RTYPE, S_0x5ae16abc79b0;
    %ix/load 4, 21, 0;
    %flag_set/imm 4, 0;
    %store/vec4a v0x5ae16abe67e0, 4, 0;
    %pushi/vec4 8, 0, 6;
    %pushi/vec4 5, 0, 5;
    %pushi/vec4 5, 0, 5;
    %pushi/vec4 1, 0, 16;
    %store/vec4 v0x5ae16ab6e870_0, 0, 16;
    %store/vec4 v0x5ae16ab55400_0, 0, 5;
    %store/vec4 v0x5ae16ab55360_0, 0, 5;
    %store/vec4 v0x5ae16ab6e910_0, 0, 6;
    %callf/vec4 TD_tb.ITYPE, S_0x5ae16ab47ff0;
    %ix/load 4, 22, 0;
    %flag_set/imm 4, 0;
    %store/vec4a v0x5ae16abe67e0, 4, 0;
    %pushi/vec4 2, 0, 6;
    %pushi/vec4 18, 0, 26;
    %store/vec4 v0x5ae16ab73ae0_0, 0, 26;
    %store/vec4 v0x5ae16abc78f0_0, 0, 6;
    %callf/vec4 TD_tb.JTYPE, S_0x5ae16abc7670;
    %ix/load 4, 23, 0;
    %flag_set/imm 4, 0;
    %store/vec4a v0x5ae16abe67e0, 4, 0;
    %pushi/vec4 4, 0, 5;
    %pushi/vec4 0, 0, 5;
    %pushi/vec4 2, 0, 5;
    %pushi/vec4 0, 0, 5;
    %pushi/vec4 32, 0, 6;
    %store/vec4 v0x5ae16abc7c70_0, 0, 6;
    %store/vec4 v0x5ae16abc8020_0, 0, 5;
    %store/vec4 v0x5ae16abc7d50_0, 0, 5;
    %store/vec4 v0x5ae16abc7ef0_0, 0, 5;
    %store/vec4 v0x5ae16abc7e10_0, 0, 5;
    %callf/vec4 TD_tb.RTYPE, S_0x5ae16abc79b0;
    %ix/load 4, 24, 0;
    %flag_set/imm 4, 0;
    %store/vec4a v0x5ae16abe67e0, 4, 0;
    %pushi/vec4 31, 0, 5;
    %pushi/vec4 0, 0, 5;
    %pushi/vec4 0, 0, 5;
    %pushi/vec4 0, 0, 5;
    %pushi/vec4 8, 0, 6;
    %store/vec4 v0x5ae16abc7c70_0, 0, 6;
    %store/vec4 v0x5ae16abc8020_0, 0, 5;
    %store/vec4 v0x5ae16abc7d50_0, 0, 5;
    %store/vec4 v0x5ae16abc7ef0_0, 0, 5;
    %store/vec4 v0x5ae16abc7e10_0, 0, 5;
    %callf/vec4 TD_tb.RTYPE, S_0x5ae16abc79b0;
    %ix/load 4, 25, 0;
    %flag_set/imm 4, 0;
    %store/vec4a v0x5ae16abe67e0, 4, 0;
    %pushi/vec4 8, 0, 6;
    %pushi/vec4 0, 0, 5;
    %pushi/vec4 2, 0, 5;
    %pushi/vec4 0, 0, 16;
    %store/vec4 v0x5ae16ab6e870_0, 0, 16;
    %store/vec4 v0x5ae16ab55400_0, 0, 5;
    %store/vec4 v0x5ae16ab55360_0, 0, 5;
    %store/vec4 v0x5ae16ab6e910_0, 0, 6;
    %callf/vec4 TD_tb.ITYPE, S_0x5ae16ab47ff0;
    %ix/load 4, 26, 0;
    %flag_set/imm 4, 0;
    %store/vec4a v0x5ae16abe67e0, 4, 0;
    %pushi/vec4 31, 0, 5;
    %pushi/vec4 0, 0, 5;
    %pushi/vec4 0, 0, 5;
    %pushi/vec4 0, 0, 5;
    %pushi/vec4 8, 0, 6;
    %store/vec4 v0x5ae16abc7c70_0, 0, 6;
    %store/vec4 v0x5ae16abc8020_0, 0, 5;
    %store/vec4 v0x5ae16abc7d50_0, 0, 5;
    %store/vec4 v0x5ae16abc7ef0_0, 0, 5;
    %store/vec4 v0x5ae16abc7e10_0, 0, 5;
    %callf/vec4 TD_tb.RTYPE, S_0x5ae16abc79b0;
    %ix/load 4, 27, 0;
    %flag_set/imm 4, 0;
    %store/vec4a v0x5ae16abe67e0, 4, 0;
    %pushi/vec4 8, 0, 6;
    %pushi/vec4 26, 0, 5;
    %pushi/vec4 10, 0, 5;
    %pushi/vec4 100, 0, 16;
    %store/vec4 v0x5ae16ab6e870_0, 0, 16;
    %store/vec4 v0x5ae16ab55400_0, 0, 5;
    %store/vec4 v0x5ae16ab55360_0, 0, 5;
    %store/vec4 v0x5ae16ab6e910_0, 0, 6;
    %callf/vec4 TD_tb.ITYPE, S_0x5ae16ab47ff0;
    %ix/load 4, 28, 0;
    %flag_set/imm 4, 0;
    %store/vec4a v0x5ae16abe67e0, 4, 0;
    %pushi/vec4 8, 0, 6;
    %pushi/vec4 0, 0, 5;
    %pushi/vec4 11, 0, 5;
    %pushi/vec4 3, 0, 16;
    %store/vec4 v0x5ae16ab6e870_0, 0, 16;
    %store/vec4 v0x5ae16ab55400_0, 0, 5;
    %store/vec4 v0x5ae16ab55360_0, 0, 5;
    %store/vec4 v0x5ae16ab6e910_0, 0, 6;
    %callf/vec4 TD_tb.ITYPE, S_0x5ae16ab47ff0;
    %ix/load 4, 29, 0;
    %flag_set/imm 4, 0;
    %store/vec4a v0x5ae16abe67e0, 4, 0;
    %pushi/vec4 4, 0, 6;
    %pushi/vec4 1, 0, 5;
    %pushi/vec4 0, 0, 5;
    %pushi/vec4 9, 0, 16;
    %store/vec4 v0x5ae16ab6e870_0, 0, 16;
    %store/vec4 v0x5ae16ab55400_0, 0, 5;
    %store/vec4 v0x5ae16ab55360_0, 0, 5;
    %store/vec4 v0x5ae16ab6e910_0, 0, 6;
    %callf/vec4 TD_tb.ITYPE, S_0x5ae16ab47ff0;
    %ix/load 4, 30, 0;
    %flag_set/imm 4, 0;
    %store/vec4a v0x5ae16abe67e0, 4, 0;
    %pushi/vec4 1, 0, 5;
    %pushi/vec4 11, 0, 5;
    %pushi/vec4 12, 0, 5;
    %pushi/vec4 0, 0, 5;
    %pushi/vec4 26, 0, 6;
    %store/vec4 v0x5ae16abc7c70_0, 0, 6;
    %store/vec4 v0x5ae16abc8020_0, 0, 5;
    %store/vec4 v0x5ae16abc7d50_0, 0, 5;
    %store/vec4 v0x5ae16abc7ef0_0, 0, 5;
    %store/vec4 v0x5ae16abc7e10_0, 0, 5;
    %callf/vec4 TD_tb.RTYPE, S_0x5ae16abc79b0;
    %ix/load 4, 31, 0;
    %flag_set/imm 4, 0;
    %store/vec4a v0x5ae16abe67e0, 4, 0;
    %pushi/vec4 12, 0, 5;
    %pushi/vec4 11, 0, 5;
    %pushi/vec4 13, 0, 5;
    %pushi/vec4 0, 0, 5;
    %pushi/vec4 24, 0, 6;
    %store/vec4 v0x5ae16abc7c70_0, 0, 6;
    %store/vec4 v0x5ae16abc8020_0, 0, 5;
    %store/vec4 v0x5ae16abc7d50_0, 0, 5;
    %store/vec4 v0x5ae16abc7ef0_0, 0, 5;
    %store/vec4 v0x5ae16abc7e10_0, 0, 5;
    %callf/vec4 TD_tb.RTYPE, S_0x5ae16abc79b0;
    %ix/load 4, 32, 0;
    %flag_set/imm 4, 0;
    %store/vec4a v0x5ae16abe67e0, 4, 0;
    %pushi/vec4 1, 0, 5;
    %pushi/vec4 13, 0, 5;
    %pushi/vec4 14, 0, 5;
    %pushi/vec4 0, 0, 5;
    %pushi/vec4 34, 0, 6;
    %store/vec4 v0x5ae16abc7c70_0, 0, 6;
    %store/vec4 v0x5ae16abc8020_0, 0, 5;
    %store/vec4 v0x5ae16abc7d50_0, 0, 5;
    %store/vec4 v0x5ae16abc7ef0_0, 0, 5;
    %store/vec4 v0x5ae16abc7e10_0, 0, 5;
    %callf/vec4 TD_tb.RTYPE, S_0x5ae16abc79b0;
    %ix/load 4, 33, 0;
    %flag_set/imm 4, 0;
    %store/vec4a v0x5ae16abe67e0, 4, 0;
    %pushi/vec4 43, 0, 6;
    %pushi/vec4 10, 0, 5;
    %pushi/vec4 14, 0, 5;
    %pushi/vec4 0, 0, 16;
    %store/vec4 v0x5ae16ab6e870_0, 0, 16;
    %store/vec4 v0x5ae16ab55400_0, 0, 5;
    %store/vec4 v0x5ae16ab55360_0, 0, 5;
    %store/vec4 v0x5ae16ab6e910_0, 0, 6;
    %callf/vec4 TD_tb.ITYPE, S_0x5ae16ab47ff0;
    %ix/load 4, 34, 0;
    %flag_set/imm 4, 0;
    %store/vec4a v0x5ae16abe67e0, 4, 0;
    %pushi/vec4 8, 0, 6;
    %pushi/vec4 10, 0, 5;
    %pushi/vec4 10, 0, 5;
    %pushi/vec4 4, 0, 16;
    %store/vec4 v0x5ae16ab6e870_0, 0, 16;
    %store/vec4 v0x5ae16ab55400_0, 0, 5;
    %store/vec4 v0x5ae16ab55360_0, 0, 5;
    %store/vec4 v0x5ae16ab6e910_0, 0, 6;
    %callf/vec4 TD_tb.ITYPE, S_0x5ae16ab47ff0;
    %ix/load 4, 35, 0;
    %flag_set/imm 4, 0;
    %store/vec4a v0x5ae16abe67e0, 4, 0;
    %pushi/vec4 12, 0, 5;
    %pushi/vec4 0, 0, 5;
    %pushi/vec4 1, 0, 5;
    %pushi/vec4 0, 0, 5;
    %pushi/vec4 32, 0, 6;
    %store/vec4 v0x5ae16abc7c70_0, 0, 6;
    %store/vec4 v0x5ae16abc8020_0, 0, 5;
    %store/vec4 v0x5ae16abc7d50_0, 0, 5;
    %store/vec4 v0x5ae16abc7ef0_0, 0, 5;
    %store/vec4 v0x5ae16abc7e10_0, 0, 5;
    %callf/vec4 TD_tb.RTYPE, S_0x5ae16abc79b0;
    %ix/load 4, 36, 0;
    %flag_set/imm 4, 0;
    %store/vec4a v0x5ae16abe67e0, 4, 0;
    %pushi/vec4 2, 0, 6;
    %pushi/vec4 30, 0, 26;
    %store/vec4 v0x5ae16ab73ae0_0, 0, 26;
    %store/vec4 v0x5ae16abc78f0_0, 0, 6;
    %callf/vec4 TD_tb.JTYPE, S_0x5ae16abc7670;
    %ix/load 4, 37, 0;
    %flag_set/imm 4, 0;
    %store/vec4a v0x5ae16abe67e0, 4, 0;
    %pushi/vec4 31, 0, 5;
    %pushi/vec4 0, 0, 5;
    %pushi/vec4 0, 0, 5;
    %pushi/vec4 0, 0, 5;
    %pushi/vec4 8, 0, 6;
    %store/vec4 v0x5ae16abc7c70_0, 0, 6;
    %store/vec4 v0x5ae16abc8020_0, 0, 5;
    %store/vec4 v0x5ae16abc7d50_0, 0, 5;
    %store/vec4 v0x5ae16abc7ef0_0, 0, 5;
    %store/vec4 v0x5ae16abc7e10_0, 0, 5;
    %callf/vec4 TD_tb.RTYPE, S_0x5ae16abc79b0;
    %ix/load 4, 40, 0;
    %flag_set/imm 4, 0;
    %store/vec4a v0x5ae16abe67e0, 4, 0;
    %pushi/vec4 8, 0, 6;
    %pushi/vec4 0, 0, 5;
    %pushi/vec4 30, 0, 5;
    %pushi/vec4 123, 0, 16;
    %store/vec4 v0x5ae16ab6e870_0, 0, 16;
    %store/vec4 v0x5ae16ab55400_0, 0, 5;
    %store/vec4 v0x5ae16ab55360_0, 0, 5;
    %store/vec4 v0x5ae16ab6e910_0, 0, 6;
    %callf/vec4 TD_tb.ITYPE, S_0x5ae16ab47ff0;
    %ix/load 4, 41, 0;
    %flag_set/imm 4, 0;
    %store/vec4a v0x5ae16abe67e0, 4, 0;
    %pushi/vec4 42, 0, 32;
    %store/vec4 v0x5ae16abe6b20_0, 0, 32;
    %pushi/vec4 1, 0, 1;
    %store/vec4 v0x5ae16abe7820_0, 0, 1;
    %delay 8, 0;
    %pushi/vec4 0, 0, 1;
    %store/vec4 v0x5ae16abe7820_0, 0, 1;
    %pushi/vec4 0, 0, 32;
    %store/vec4 v0x5ae16abe6130_0, 0, 32;
T_27.6 ; Top of for-loop
    %load/vec4 v0x5ae16abe68a0_0;
    %pad/u 32;
    %load/vec4 v0x5ae16abe6b20_0;
    %cmp/u;
    %flag_get/vec4 5;
    %jmp/0 T_27.9, 5;
    %load/vec4 v0x5ae16abe6000_0;
    %nor/r;
    %and;
T_27.9;
    %flag_set/vec4 8;
	  %jmp/0xz T_27.7, 8;
    %fork TD_tb.exec_internal, S_0x5ae16abe47c0;
    %join;
    %delay 2, 0;
T_27.10 ;
    %load/vec4 v0x5ae16abe76c0_0;
    %load/vec4 v0x5ae16abe68a0_0;
    %pad/u 32;
    %cmp/ne;
    %jmp/0xz T_27.11, 6;
    %delay 2, 0;
    %jmp T_27.10;
T_27.11 ;
    %pushi/vec4 1, 0, 32;
    %store/vec4 v0x5ae16abe6a40_0, 0, 32;
T_27.12 ; Top of for-loop
    %load/vec4 v0x5ae16abe6a40_0;
    %cmpi/s 32, 0, 32;
	  %jmp/0xz T_27.13, 5;
    %ix/getv/s 4, v0x5ae16abe6a40_0;
    %load/vec4a v0x5ae16abe5300, 4;
    %ix/getv/s 4, v0x5ae16abe6a40_0;
    %load/vec4a v0x5ae16abe6980, 4;
    %cmp/ne;
    %jmp/0xz  T_27.15, 6;
    %pushi/vec4 1, 0, 32;
    %store/vec4 v0x5ae16abe6000_0, 0, 32;
T_27.15 ;
T_27.14 ; for-loop step statement
    %load/vec4 v0x5ae16abe6a40_0;
    %addi 1, 0, 32;
    %store/vec4 v0x5ae16abe6a40_0, 0, 32;
    %jmp T_27.12;
T_27.13 ; for-loop exit label
    %load/vec4 v0x5ae16abe6000_0;
    %cmpi/ne 0, 0, 32;
    %jmp/0xz  T_27.17, 4;
    %vpi_call/w 3 338 "$display", "FAILED at step %0d", v0x5ae16abe6130_0 {0 0 0};
    %vpi_call/w 3 339 "$display", "Expected:" {0 0 0};
    %vpi_call/w 3 340 "$display", "R20=%d R21=%d R22=%d R23=%d R24=%d R30=%d R31=%d", &A<v0x5ae16abe6980, 20>, &A<v0x5ae16abe6980, 21>, &A<v0x5ae16abe6980, 22>, &A<v0x5ae16abe6980, 23>, &A<v0x5ae16abe6980, 24>, &A<v0x5ae16abe6980, 30>, &A<v0x5ae16abe6980, 31> {0 0 0};
    %vpi_call/w 3 343 "$display", "Reality:" {0 0 0};
    %vpi_call/w 3 344 "$display", "R20=%d R21=%d R22=%d R23=%d R24=%d R30=%d R31=%d", v0x5ae16abe5300_20, v0x5ae16abe5300_21, v0x5ae16abe5300_22, v0x5ae16abe5300_23, v0x5ae16abe5300_24, v0x5ae16abe5300_30, v0x5ae16abe5300_31 {0 0 0};
T_27.17 ;
T_27.8 ; for-loop step statement
    %load/vec4 v0x5ae16abe6130_0;
    %addi 1, 0, 32;
    %store/vec4 v0x5ae16abe6130_0, 0, 32;
    %jmp T_27.6;
T_27.7 ; for-loop exit label
    %load/vec4 v0x5ae16abe6000_0;
    %nor/r;
    %flag_set/vec4 8;
    %jmp/0xz  T_27.19, 8;
    %ix/load 4, 0, 0;
    %flag_set/imm 4, 0;
    %load/vec4a v0x5ae16abe7780, 4;
    %cmpi/ne 2, 0, 32;
    %jmp/0xz  T_27.21, 6;
    %pushi/vec4 1, 0, 32;
    %store/vec4 v0x5ae16abe6000_0, 0, 32;
T_27.21 ;
    %ix/load 4, 1, 0;
    %flag_set/imm 4, 0;
    %load/vec4a v0x5ae16abe7780, 4;
    %cmpi/ne 2, 0, 32;
    %jmp/0xz  T_27.23, 6;
    %pushi/vec4 1, 0, 32;
    %store/vec4 v0x5ae16abe6000_0, 0, 32;
T_27.23 ;
    %ix/load 4, 2, 0;
    %flag_set/imm 4, 0;
    %load/vec4a v0x5ae16abe7780, 4;
    %cmpi/ne 0, 0, 32;
    %jmp/0xz  T_27.25, 6;
    %pushi/vec4 1, 0, 32;
    %store/vec4 v0x5ae16abe6000_0, 0, 32;
T_27.25 ;
    %ix/load 4, 3, 0;
    %flag_set/imm 4, 0;
    %load/vec4a v0x5ae16abe7780, 4;
    %cmpi/ne 1, 0, 32;
    %jmp/0xz  T_27.27, 6;
    %pushi/vec4 1, 0, 32;
    %store/vec4 v0x5ae16abe6000_0, 0, 32;
T_27.27 ;
    %ix/load 4, 4, 0;
    %flag_set/imm 4, 0;
    %load/vec4a v0x5ae16abe7780, 4;
    %cmpi/ne 0, 0, 32;
    %jmp/0xz  T_27.29, 6;
    %pushi/vec4 1, 0, 32;
    %store/vec4 v0x5ae16abe6000_0, 0, 32;
T_27.29 ;
    %ix/load 4, 5, 0;
    %flag_set/imm 4, 0;
    %load/vec4a v0x5ae16abe7780, 4;
    %cmpi/ne 2, 0, 32;
    %jmp/0xz  T_27.31, 6;
    %pushi/vec4 1, 0, 32;
    %store/vec4 v0x5ae16abe6000_0, 0, 32;
T_27.31 ;
    %ix/load 4, 6, 0;
    %flag_set/imm 4, 0;
    %load/vec4a v0x5ae16abe7780, 4;
    %cmpi/ne 0, 0, 32;
    %jmp/0xz  T_27.33, 6;
    %pushi/vec4 1, 0, 32;
    %store/vec4 v0x5ae16abe6000_0, 0, 32;
T_27.33 ;
    %ix/load 4, 7, 0;
    %flag_set/imm 4, 0;
    %load/vec4a v0x5ae16abe7780, 4;
    %cmpi/ne 2, 0, 32;
    %jmp/0xz  T_27.35, 6;
    %pushi/vec4 1, 0, 32;
    %store/vec4 v0x5ae16abe6000_0, 0, 32;
T_27.35 ;
T_27.19 ;
    %vpi_call/w 3 360 "$display", "fib(10) = exp: %0d  real: %0d", &A<v0x5ae16abe6980, 20>, v0x5ae16abe5300_20 {0 0 0};
    %vpi_call/w 3 361 "$display", "fib(11) = exp: %0d  real: %0d", &A<v0x5ae16abe6980, 21>, v0x5ae16abe5300_21 {0 0 0};
    %vpi_call/w 3 362 "$display", "product = exp: %0d  real: %0d", &A<v0x5ae16abe6980, 22>, v0x5ae16abe5300_22 {0 0 0};
    %vpi_call/w 3 363 "$display", "base3 digits LSD first:" {0 0 0};
    %vpi_call/w 3 364 "$display", "%0d %0d %0d %0d %0d %0d %0d %0d", &A<v0x5ae16abe7780, 0>, &A<v0x5ae16abe7780, 1>, &A<v0x5ae16abe7780, 2>, &A<v0x5ae16abe7780, 3>, &A<v0x5ae16abe7780, 4>, &A<v0x5ae16abe7780, 5>, &A<v0x5ae16abe7780, 6>, &A<v0x5ae16abe7780, 7> {0 0 0};
    %vpi_call/w 3 367 "$display", "base3 = 20201022" {0 0 0};
    %load/vec4 v0x5ae16abe6000_0;
    %nor/r;
    %flag_set/vec4 8;
    %jmp/0xz  T_27.37, 8;
    %vpi_call/w 3 370 "$display", "ACCEPTED" {0 0 0};
    %jmp T_27.38;
T_27.37 ;
    %vpi_call/w 3 372 "$display", "FAILED" {0 0 0};
T_27.38 ;
    %vpi_call/w 3 374 "$display", v0x5ae16abe6130_0, " / ", 32'sb00000000000000000000000011010000 {0 0 0};
    %vpi_call/w 3 376 "$finish" {0 0 0};
    %end;
    .thread T_27;
# The file index is used to find the file name in the following table.
:file_names 5;
    "N/A";
    "<interactive>";
    "-";
    "HW6/cpu-tb.v";
    "../6/HW6-Q2-403106681.v";
